[0;34m========================================[0m
[0;34mStarting Complete Multi-Level Pipeline[0m
[0;34m========================================[0m

[0;34m[0;34m[STEP 1] Generating Training Sets...[0m
[1;33mCommand: python generate_multilevel_training_sets.py[0m

======================================================================
Multi-Level Low-Light Training Set Generation
======================================================================
Source:      ./datasets/LFW_original/lfw
Output:      ./datasets/LFW_multilevel
Train/Val/Test: 70.0% / 15.0% / 15.0%
Seed:        42
======================================================================

[Step 1/4] Scanning LFW dataset...
  Scanning: ./datasets/LFW_original/lfw
  Found 9164 images from 1680 people

[Step 2/4] Splitting people into train/val/test...
  Train: 6886 images from 1176 people
  Val: 1218 images from 252 people
  Test: 1060 images from 252 people

[Step 3/4] Generating multi-level low-light images...

  Processing train set (1176 people)...
    ✓ Easy: 6886 images from 1176 people
    ✓ Medium: 6886 images from 1176 people
    ✓ Hard: 6886 images from 1176 people

  Processing val set (252 people)...
    ✓ Easy: 1218 images from 252 people
    ✓ Medium: 1218 images from 252 people
    ✓ Hard: 1218 images from 252 people

  Processing test set (252 people)...
    ✓ Easy: 1060 images from 252 people
    ✓ Medium: 1060 images from 252 people
    ✓ Hard: 1060 images from 252 people

[Step 4/4] Generating mixed training sets...
    Generating train_mixed...
    ✓ Created 41316 symlinks
    Generating val_mixed...
    ✓ Created 7308 symlinks

[Generating statistics...]
  ✓ Statistics saved to: ./datasets/LFW_multilevel/dataset_stats.txt

======================================================================
Multi-level training set generation complete!
======================================================================

Dataset location: ./datasets/LFW_multilevel

Directory structure:
  ./datasets/LFW_multilevel/
  ├── train_easy/
  │   ├── low/
  │   └── high/
  ├── train_medium/
  ├── train_hard/
  ├── train_mixed/  (all levels combined)
  ├── val_easy/, val_medium/, val_hard/
  └── val_mixed/

Difficulty level specifications:
  Easy:   1% light, no noise, gamma correction ON
  Medium: 5% light, Poisson-Gaussian noise, raw mode
  Hard:   10% light, high noise, white balance shift, raw mode

Recommended training:
  1. Mixed training (recommended):
     python train.py --lfw=True \
       --data_train_lfw=./datasets/LFW_multilevel/train_mixed \
       --data_val_lfw=./datasets/LFW_multilevel/val_mixed

  2. Curriculum learning:
     # Epochs 1-100: train_easy
     # Epochs 101-200: train_medium
     # Epochs 201+: train_hard

  3. Evaluation on multi-level test set:
     python eval_face_verification.py \
       --test_dir=./datasets/LFW_multilevel/test_easy \
       --pairs_file=./datasets/LFW_multilevel/test_easy/pairs.txt \
       --checkpoint=./checkpoints/your_model.pth
[0;32m[Fri Jan 30 12:56:35 PM UTC 2026] Training sets generated successfully![0m
[0;32mOutput:[0m
  - train_easy/, train_medium/, train_hard/ (individual levels)
  - train_mixed/ (combined via symlinks)
  - val_easy/, val_medium/, val_hard/
  - val_mixed/ (combined via symlinks)

[0;34m[STEP 2] Generating Test Pairs and Mixed Set...[0m
[1;33mGenerating pairs.txt for test_easy...[0m
======================================================================
LFW Pairs Generation for Face Verification Evaluation
======================================================================
Test directory: ./datasets/LFW_multilevel/test_easy
Pairs per type: 1000
Output file:    ./datasets/LFW_multilevel/test_easy/pairs.txt
Random seed:    42
======================================================================

Detected LFW directory structure (person subdirectories)
Found 1060 images from 252 people
Found 252 unique identities
  252 people with at least 1 images

Generating 1000 genuine pairs (same person)...
  ✓ Generated 1000 genuine pairs
Generating 1000 impostor pairs (different people)...
  ✓ Generated 1000 impostor pairs

Writing pairs to: ./datasets/LFW_multilevel/test_easy/pairs.txt
  ✓ Wrote 2000 pairs

Summary:
  Genuine pairs (same person):     1000
  Impostor pairs (different people): 1000
  Total pairs:                      2000

Pairs file ready for evaluation!
[1;33mGenerating pairs.txt for test_medium...[0m
======================================================================
LFW Pairs Generation for Face Verification Evaluation
======================================================================
Test directory: ./datasets/LFW_multilevel/test_medium
Pairs per type: 1000
Output file:    ./datasets/LFW_multilevel/test_medium/pairs.txt
Random seed:    42
======================================================================

Detected LFW directory structure (person subdirectories)
Found 1060 images from 252 people
Found 252 unique identities
  252 people with at least 1 images

Generating 1000 genuine pairs (same person)...
  ✓ Generated 1000 genuine pairs
Generating 1000 impostor pairs (different people)...
  ✓ Generated 1000 impostor pairs

Writing pairs to: ./datasets/LFW_multilevel/test_medium/pairs.txt
  ✓ Wrote 2000 pairs

Summary:
  Genuine pairs (same person):     1000
  Impostor pairs (different people): 1000
  Total pairs:                      2000

Pairs file ready for evaluation!
[1;33mGenerating pairs.txt for test_hard...[0m
======================================================================
LFW Pairs Generation for Face Verification Evaluation
======================================================================
Test directory: ./datasets/LFW_multilevel/test_hard
Pairs per type: 1000
Output file:    ./datasets/LFW_multilevel/test_hard/pairs.txt
Random seed:    42
======================================================================

Detected LFW directory structure (person subdirectories)
Found 1060 images from 252 people
Found 252 unique identities
  252 people with at least 1 images

Generating 1000 genuine pairs (same person)...
  ✓ Generated 1000 genuine pairs
Generating 1000 impostor pairs (different people)...
  ✓ Generated 1000 impostor pairs

Writing pairs to: ./datasets/LFW_multilevel/test_hard/pairs.txt
  ✓ Wrote 2000 pairs

Summary:
  Genuine pairs (same person):     1000
  Impostor pairs (different people): 1000
  Total pairs:                      2000

Pairs file ready for evaluation!

[1;33mCreating test_mixed with all difficulty levels...[0m
[1;33mGenerating pairs.txt for test_mixed...[0m
======================================================================
LFW Pairs Generation for Face Verification Evaluation
======================================================================
Test directory: ./datasets/LFW_multilevel/test_mixed
Pairs per type: 1000
Output file:    ./datasets/LFW_multilevel/test_mixed/pairs.txt
Random seed:    42
======================================================================

Detected LFW directory structure (person subdirectories)
Found 3180 images from 252 people
Found 252 unique identities
  252 people with at least 1 images

Generating 1000 genuine pairs (same person)...
  ✓ Generated 1000 genuine pairs
Generating 1000 impostor pairs (different people)...
  ✓ Generated 1000 impostor pairs

Writing pairs to: ./datasets/LFW_multilevel/test_mixed/pairs.txt
  ✓ Wrote 2000 pairs

Summary:
  Genuine pairs (same person):     1000
  Impostor pairs (different people): 1000
  Total pairs:                      2000

Pairs file ready for evaluation!
[0;32m[Fri Jan 30 12:57:17 PM UTC 2026] Test pairs and mixed set generated successfully![0m
[0;32mOutput:[0m
  - test_easy/pairs.txt
  - test_medium/pairs.txt
  - test_hard/pairs.txt
  - test_mixed/ (combined via symlinks)
  - test_mixed/pairs.txt

[0;34m[STEP 3] Training Models...[0m

[0;32m[Fri Jan 30 12:57:17 PM UTC 2026] Starting training: baseline[0m
[1;33mRunning: make baseline[0m

TQDM_DISABLE=1 python train.py --lfw --data_train_lfw=datasets/LFW_multilevel/train_mixed \
	--data_val_lfw=datasets/LFW_multilevel/val_mixed \
	--data_valgt_lfw=datasets/LFW_multilevel/val_mixed/high --D_weight=1.5 --FR_weight=0.0 \
	--batchSize=8 --nEpochs=200
/home/hpc4090/miniconda3/envs/jamal/lib/python3.12/site-packages/torchvision/models/_utils.py:208: UserWarning: The parameter 'pretrained' is deprecated since 0.13 and may be removed in the future, please use 'weights' instead.
  warnings.warn(
/home/hpc4090/miniconda3/envs/jamal/lib/python3.12/site-packages/torchvision/models/_utils.py:223: UserWarning: Arguments other than a weight enum or `None` for 'weights' are deprecated since 0.13 and may be removed in the future. The current behavior is equivalent to passing `weights=VGG19_Weights.IMAGENET1K_V1`. You can also use `weights=VGG19_Weights.DEFAULT` to get the most up-to-date weights.
  warnings.warn(msg)
CUDA_LAUNCH_BLOCKING enabled for debugging
===> Loading datasets
[LFW Dataset] Loaded 20658 image pairs from datasets/LFW_multilevel/train_mixed
[LFW Eval Dataset] Loaded 3654 image pairs from datasets/LFW_multilevel/val_mixed
===> Building model 
===> Epoch[1]: Loss: 4.7917 || Learning rate: lr=0.0.
===> Epoch[2]: Loss: 1.1179 || Learning rate: lr=3.3333333333333335e-05.
===> Epoch[3]: Loss: 0.4949 || Learning rate: lr=6.666666666666667e-05.
===> Epoch[4]: Loss: 0.4422 || Learning rate: lr=0.0001.
===> Epoch[5]: Loss: 0.4124 || Learning rate: lr=0.0001.
===> Epoch[6]: Loss: 0.3973 || Learning rate: lr=9.999364868597222e-05.
===> Epoch[7]: Loss: 0.3862 || Learning rate: lr=9.997459635907164e-05.
===> Epoch[8]: Loss: 0.3779 || Learning rate: lr=9.994284786443585e-05.
===> Epoch[9]: Loss: 0.3708 || Learning rate: lr=9.989841127592506e-05.
/home/hpc4090/jamal_fr/eval.py:40: FutureWarning: You are using `torch.load` with `weights_only=False` (the current default value), which uses the default pickle module implicitly. It is possible to construct malicious pickle data which will execute arbitrary code during unpickling (See https://github.com/pytorch/pytorch/blob/main/SECURITY.md#untrusted-models for more details). In a future release, the default value for `weights_only` will be flipped to `True`. This limits the functions that could be executed during unpickling. Arbitrary objects will no longer be allowed to be loaded via this mode unless they are explicitly allowlisted by the user via `torch.serialization.add_safe_globals`. We recommend you start setting `weights_only=True` for any use case where you don't have full control of the loaded file. Please open an issue on GitHub for any issues related to this experimental feature.
  model.load_state_dict(torch.load(model_path, map_location=lambda storage, loc: storage))
===> Epoch[10]: Loss: 0.3658 || Learning rate: lr=9.984129789406896e-05.
Checkpoint saved to ./weights/train/epoch_10.pth
Pre-trained model is loaded.
Evaluation:
/home/hpc4090/miniconda3/envs/jamal/lib/python3.12/site-packages/torchvision/models/_utils.py:223: UserWarning: Arguments other than a weight enum or `None` for 'weights' are deprecated since 0.13 and may be removed in the future. The current behavior is equivalent to passing `weights=AlexNet_Weights.IMAGENET1K_V1`. You can also use `weights=AlexNet_Weights.DEFAULT` to get the most up-to-date weights.
  warnings.warn(msg)
/home/hpc4090/miniconda3/envs/jamal/lib/python3.12/site-packages/lpips/lpips.py:107: FutureWarning: You are using `torch.load` with `weights_only=False` (the current default value), which uses the default pickle module implicitly. It is possible to construct malicious pickle data which will execute arbitrary code during unpickling (See https://github.com/pytorch/pytorch/blob/main/SECURITY.md#untrusted-models for more details). In a future release, the default value for `weights_only` will be flipped to `True`. This limits the functions that could be executed during unpickling. Arbitrary objects will no longer be allowed to be loaded via this mode unless they are explicitly allowlisted by the user via `torch.serialization.add_safe_globals`. We recommend you start setting `weights_only=True` for any use case where you don't have full control of the loaded file. Please open an issue on GitHub for any issues related to this experimental feature.
  self.load_state_dict(torch.load(model_path, map_location='cpu'), strict=False)
===> End evaluation
Setting up [LPIPS] perceptual loss: trunk [alex], v[0.1], spatial [off]
Loading model from: /home/hpc4090/miniconda3/envs/jamal/lib/python3.12/site-packages/lpips/weights/v0.1/alex.pth
===> Avg.PSNR: 31.2554 dB 
===> Avg.SSIM: 0.8967 
===> Avg.LPIPS: 0.1004 
[31.255433353913133]
[0.8967041138565739]
[0.10044599811816166]
===> Epoch[11]: Loss: 0.3605 || Learning rate: lr=9.977152224319277e-05.
===> Epoch[12]: Loss: 0.3567 || Learning rate: lr=9.968910206772375e-05.
===> Epoch[13]: Loss: 0.3529 || Learning rate: lr=9.959405832767858e-05.
===> Epoch[14]: Loss: 0.3490 || Learning rate: lr=9.948641519333311e-05.
===> Epoch[15]: Loss: 0.3459 || Learning rate: lr=9.936620003907569e-05.
===> Epoch[16]: Loss: 0.3429 || Learning rate: lr=9.923344343644569e-05.
===> Epoch[17]: Loss: 0.3403 || Learning rate: lr=9.90881791463589e-05.
===> Epoch[18]: Loss: 0.3378 || Learning rate: lr=9.8930444110522e-05.
===> Epoch[19]: Loss: 0.3356 || Learning rate: lr=9.876027844203791e-05.
===> Epoch[20]: Loss: 0.3333 || Learning rate: lr=9.857772541520482e-05.
Checkpoint saved to ./weights/train/epoch_20.pth
Pre-trained model is loaded.
Evaluation:
===> End evaluation
Setting up [LPIPS] perceptual loss: trunk [alex], v[0.1], spatial [off]
Loading model from: /home/hpc4090/miniconda3/envs/jamal/lib/python3.12/site-packages/lpips/weights/v0.1/alex.pth
===> Avg.PSNR: 31.8582 dB 
===> Avg.SSIM: 0.9001 
===> Avg.LPIPS: 0.0973 
[31.255433353913133, 31.858237363716096]
[0.8967041138565739, 0.9000602356366614]
[0.10044599811816166, 0.09732002312150291]
===> Epoch[21]: Loss: 0.3307 || Learning rate: lr=9.83828314545112e-05.
===> Epoch[22]: Loss: 0.3290 || Learning rate: lr=9.817564612282983e-05.
===> Epoch[23]: Loss: 0.3271 || Learning rate: lr=9.795622210881347e-05.
===> Epoch[24]: Loss: 0.3251 || Learning rate: lr=9.77246152134959e-05.
===> Epoch[25]: Loss: 0.3234 || Learning rate: lr=9.748088433610124e-05.
===> Epoch[26]: Loss: 0.3219 || Learning rate: lr=9.722509145906557e-05.
===> Epoch[27]: Loss: 0.3203 || Learning rate: lr=9.695730163227432e-05.
===> Epoch[28]: Loss: 0.3188 || Learning rate: lr=9.667758295651959e-05.
===> Epoch[29]: Loss: 0.3173 || Learning rate: lr=9.638600656618173e-05.
===> Epoch[30]: Loss: 0.3163 || Learning rate: lr=9.608264661113937e-05.
Checkpoint saved to ./weights/train/epoch_30.pth
Pre-trained model is loaded.
Evaluation:
===> End evaluation
Setting up [LPIPS] perceptual loss: trunk [alex], v[0.1], spatial [off]
Loading model from: /home/hpc4090/miniconda3/envs/jamal/lib/python3.12/site-packages/lpips/weights/v0.1/alex.pth
===> Avg.PSNR: 31.9099 dB 
===> Avg.SSIM: 0.9002 
===> Avg.LPIPS: 0.0929 
[31.255433353913133, 31.858237363716096, 31.90985562891958]
[0.8967041138565739, 0.9000602356366614, 0.900199529553778]
[0.10044599811816166, 0.09732002312150291, 0.0928692438357551]
===> Epoch[31]: Loss: 0.3145 || Learning rate: lr=9.576758023791249e-05.
===> Epoch[32]: Loss: 0.3135 || Learning rate: lr=9.544088757004374e-05.
===> Epoch[33]: Loss: 0.3119 || Learning rate: lr=9.510265168772223e-05.
===> Epoch[34]: Loss: 0.3113 || Learning rate: lr=9.475295860665584e-05.
===> Epoch[35]: Loss: 0.3101 || Learning rate: lr=9.439189725619679e-05.
===> Epoch[36]: Loss: 0.3091 || Learning rate: lr=9.401955945672623e-05.
===> Epoch[37]: Loss: 0.3079 || Learning rate: lr=9.363603989630383e-05.
===> Epoch[38]: Loss: 0.3068 || Learning rate: lr=9.324143610658776e-05.
===> Epoch[39]: Loss: 0.3060 || Learning rate: lr=9.283584843803188e-05.
===> Epoch[40]: Loss: 0.3051 || Learning rate: lr=9.241938003436587e-05.
Checkpoint saved to ./weights/train/epoch_40.pth
Pre-trained model is loaded.
Evaluation:
===> End evaluation
Setting up [LPIPS] perceptual loss: trunk [alex], v[0.1], spatial [off]
Loading model from: /home/hpc4090/miniconda3/envs/jamal/lib/python3.12/site-packages/lpips/weights/v0.1/alex.pth
===> Avg.PSNR: 32.2276 dB 
===> Avg.SSIM: 0.9027 
===> Avg.LPIPS: 0.0859 
[31.255433353913133, 31.858237363716096, 31.90985562891958, 32.22761281143119]
[0.8967041138565739, 0.9000602356366614, 0.900199529553778, 0.9026640167067745]
[0.10044599811816166, 0.09732002312150291, 0.0928692438357551, 0.08592043270789736]
===> Epoch[41]: Loss: 0.3041 || Learning rate: lr=9.19921368063651e-05.
===> Epoch[42]: Loss: 0.3036 || Learning rate: lr=9.155422740491674e-05.
===> Epoch[43]: Loss: 0.3024 || Learning rate: lr=9.110576319338913e-05.
===> Epoch[44]: Loss: 0.3018 || Learning rate: lr=9.06468582193113e-05.
===> Epoch[45]: Loss: 0.3011 || Learning rate: lr=9.017762918536992e-05.
===> Epoch[46]: Loss: 0.3003 || Learning rate: lr=8.969819541973096e-05.
===> Epoch[47]: Loss: 0.2994 || Learning rate: lr=8.920867884569377e-05.
===> Epoch[48]: Loss: 0.2988 || Learning rate: lr=8.870920395068512e-05.
===> Epoch[49]: Loss: 0.2978 || Learning rate: lr=8.819989775460118e-05.
===> Epoch[50]: Loss: 0.2974 || Learning rate: lr=8.768088977750555e-05.
Checkpoint saved to ./weights/train/epoch_50.pth
Pre-trained model is loaded.
Evaluation:
===> End evaluation
Setting up [LPIPS] perceptual loss: trunk [alex], v[0.1], spatial [off]
Loading model from: /home/hpc4090/miniconda3/envs/jamal/lib/python3.12/site-packages/lpips/weights/v0.1/alex.pth
===> Avg.PSNR: 32.1061 dB 
===> Avg.SSIM: 0.9008 
===> Avg.LPIPS: 0.0971 
[31.255433353913133, 31.858237363716096, 31.90985562891958, 32.22761281143119, 32.106069689846656]
[0.8967041138565739, 0.9000602356366614, 0.900199529553778, 0.9026640167067745, 0.9007527043165002]
[0.10044599811816166, 0.09732002312150291, 0.0928692438357551, 0.08592043270789736, 0.09713545726835483]
===> Epoch[51]: Loss: 0.2967 || Learning rate: lr=8.715231200669133e-05.
===> Epoch[52]: Loss: 0.2959 || Learning rate: lr=8.661429886311588e-05.
===> Epoch[53]: Loss: 0.2953 || Learning rate: lr=8.606698716721668e-05.
===> Epoch[54]: Loss: 0.2947 || Learning rate: lr=8.551051610411692e-05.
===> Epoch[55]: Loss: 0.2942 || Learning rate: lr=8.494502718822981e-05.
===> Epoch[56]: Loss: 0.2938 || Learning rate: lr=8.437066422727039e-05.
===> Epoch[57]: Loss: 0.2931 || Learning rate: lr=8.378757328568438e-05.
===> Epoch[58]: Loss: 0.2925 || Learning rate: lr=8.319590264750282e-05.
===> Epoch[59]: Loss: 0.2918 || Learning rate: lr=8.259580277863265e-05.
===> Epoch[60]: Loss: 0.2911 || Learning rate: lr=8.198742628859196e-05.
Checkpoint saved to ./weights/train/epoch_60.pth
Pre-trained model is loaded.
Evaluation:
===> End evaluation
Setting up [LPIPS] perceptual loss: trunk [alex], v[0.1], spatial [off]
Loading model from: /home/hpc4090/miniconda3/envs/jamal/lib/python3.12/site-packages/lpips/weights/v0.1/alex.pth
===> Avg.PSNR: 31.5160 dB 
===> Avg.SSIM: 0.9029 
===> Avg.LPIPS: 0.0870 
[31.255433353913133, 31.858237363716096, 31.90985562891958, 32.22761281143119, 32.106069689846656, 31.51595633269632]
[0.8967041138565739, 0.9000602356366614, 0.900199529553778, 0.9026640167067745, 0.9007527043165002, 0.9029205347802959]
[0.10044599811816166, 0.09732002312150291, 0.0928692438357551, 0.08592043270789736, 0.09713545726835483, 0.08702321429930619]
===> Epoch[61]: Loss: 0.2905 || Learning rate: lr=8.13709278917005e-05.
===> Epoch[62]: Loss: 0.2904 || Learning rate: lr=8.07464643677347e-05.
===> Epoch[63]: Loss: 0.2899 || Learning rate: lr=8.011419452205749e-05.
===> Epoch[64]: Loss: 0.2892 || Learning rate: lr=7.947427914523304e-05.
===> Epoch[65]: Loss: 0.2888 || Learning rate: lr=7.882688097213662e-05.
===> Epoch[66]: Loss: 0.2883 || Learning rate: lr=7.817216464056997e-05.
===> Epoch[67]: Loss: 0.2878 || Learning rate: lr=7.751029664939276e-05.
===> Epoch[68]: Loss: 0.2873 || Learning rate: lr=7.684144531618085e-05.
===> Epoch[69]: Loss: 0.2869 || Learning rate: lr=7.616578073442196e-05.
===> Epoch[70]: Loss: 0.2863 || Learning rate: lr=7.548347473025966e-05.
Checkpoint saved to ./weights/train/epoch_70.pth
Pre-trained model is loaded.
Evaluation:
===> End evaluation
Setting up [LPIPS] perceptual loss: trunk [alex], v[0.1], spatial [off]
Loading model from: /home/hpc4090/miniconda3/envs/jamal/lib/python3.12/site-packages/lpips/weights/v0.1/alex.pth
===> Avg.PSNR: 32.1331 dB 
===> Avg.SSIM: 0.9024 
===> Avg.LPIPS: 0.0875 
[31.255433353913133, 31.858237363716096, 31.90985562891958, 32.22761281143119, 32.106069689846656, 31.51595633269632, 32.13305606258823]
[0.8967041138565739, 0.9000602356366614, 0.900199529553778, 0.9026640167067745, 0.9007527043165002, 0.9029205347802959, 0.9023852635002715]
[0.10044599811816166, 0.09732002312150291, 0.0928692438357551, 0.08592043270789736, 0.09713545726835483, 0.08702321429930619, 0.0874834011777059]
===> Epoch[71]: Loss: 0.2860 || Learning rate: lr=7.479470081879685e-05.
===> Epoch[72]: Loss: 0.2854 || Learning rate: lr=7.409963415996973e-05.
===> Epoch[73]: Loss: 0.2850 || Learning rate: lr=7.339845151400335e-05.
===> Epoch[74]: Loss: 0.2847 || Learning rate: lr=7.269133119646027e-05.
===> Epoch[75]: Loss: 0.2843 || Learning rate: lr=7.197845303289373e-05.
===> Epoch[76]: Loss: 0.2837 || Learning rate: lr=7.125999831311676e-05.
===> Epoch[77]: Loss: 0.2833 || Learning rate: lr=7.053614974509895e-05.
===> Epoch[78]: Loss: 0.2828 || Learning rate: lr=6.980709140850249e-05.
===> Epoch[79]: Loss: 0.2825 || Learning rate: lr=6.907300870786953e-05.
===> Epoch[80]: Loss: 0.2820 || Learning rate: lr=6.833408832547255e-05.
Checkpoint saved to ./weights/train/epoch_80.pth
Pre-trained model is loaded.
Evaluation:
===> End evaluation
Setting up [LPIPS] perceptual loss: trunk [alex], v[0.1], spatial [off]
Loading model from: /home/hpc4090/miniconda3/envs/jamal/lib/python3.12/site-packages/lpips/weights/v0.1/alex.pth
===> Avg.PSNR: 31.9114 dB 
===> Avg.SSIM: 0.9024 
===> Avg.LPIPS: 0.0887 
[31.255433353913133, 31.858237363716096, 31.90985562891958, 32.22761281143119, 32.106069689846656, 31.51595633269632, 32.13305606258823, 31.911407337423604]
[0.8967041138565739, 0.9000602356366614, 0.900199529553778, 0.9026640167067745, 0.9007527043165002, 0.9029205347802959, 0.9023852635002715, 0.9023588580036984]
[0.10044599811816166, 0.09732002312150291, 0.0928692438357551, 0.08592043270789736, 0.09713545726835483, 0.08702321429930619, 0.0874834011777059, 0.08871872857550478]
===> Epoch[81]: Loss: 0.2817 || Learning rate: lr=6.759051817383965e-05.
===> Epoch[82]: Loss: 0.2813 || Learning rate: lr=6.684248734796723e-05.
===> Epoch[83]: Loss: 0.2810 || Learning rate: lr=6.609018607723176e-05.
===> Epoch[84]: Loss: 0.2805 || Learning rate: lr=6.533380567701319e-05.
===> Epoch[85]: Loss: 0.2803 || Learning rate: lr=6.457353850004208e-05.
===> Epoch[86]: Loss: 0.2800 || Learning rate: lr=6.380957788748305e-05.
===> Epoch[87]: Loss: 0.2795 || Learning rate: lr=6.304211811976673e-05.
===> Epoch[88]: Loss: 0.2792 || Learning rate: lr=6.227135436718298e-05.
===> Epoch[89]: Loss: 0.2789 || Learning rate: lr=6.149748264024762e-05.
===> Epoch[90]: Loss: 0.2784 || Learning rate: lr=6.072069973985577e-05.
Checkpoint saved to ./weights/train/epoch_90.pth
Pre-trained model is loaded.
Evaluation:
===> End evaluation
Setting up [LPIPS] perceptual loss: trunk [alex], v[0.1], spatial [off]
Loading model from: /home/hpc4090/miniconda3/envs/jamal/lib/python3.12/site-packages/lpips/weights/v0.1/alex.pth
===> Avg.PSNR: 32.4280 dB 
===> Avg.SSIM: 0.9043 
===> Avg.LPIPS: 0.0878 
[31.255433353913133, 31.858237363716096, 31.90985562891958, 32.22761281143119, 32.106069689846656, 31.51595633269632, 32.13305606258823, 31.911407337423604, 32.42802989210858]
[0.8967041138565739, 0.9000602356366614, 0.900199529553778, 0.9026640167067745, 0.9007527043165002, 0.9029205347802959, 0.9023852635002715, 0.9023588580036984, 0.9042697396528647]
[0.10044599811816166, 0.09732002312150291, 0.0928692438357551, 0.08592043270789736, 0.09713545726835483, 0.08702321429930619, 0.0874834011777059, 0.08871872857550478, 0.08775420728104916]
===> Epoch[91]: Loss: 0.2782 || Learning rate: lr=5.994120320723394e-05.
===> Epoch[92]: Loss: 0.2778 || Learning rate: lr=5.9159191273703914e-05.
===> Epoch[93]: Loss: 0.2774 || Learning rate: lr=5.837486281027126e-05.
===> Epoch[94]: Loss: 0.2773 || Learning rate: lr=5.758841727705096e-05.
===> Epoch[95]: Loss: 0.2769 || Learning rate: lr=5.68000546725434e-05.
===> Epoch[96]: Loss: 0.2765 || Learning rate: lr=5.600997548277339e-05.
===> Epoch[97]: Loss: 0.2763 || Learning rate: lr=5.521838063030512e-05.
===> Epoch[98]: Loss: 0.2759 || Learning rate: lr=5.442547142314623e-05.
===> Epoch[99]: Loss: 0.2758 || Learning rate: lr=5.363144950355379e-05.
===> Epoch[100]: Loss: 0.2753 || Learning rate: lr=5.283651679675527e-05.
Checkpoint saved to ./weights/train/epoch_100.pth
Pre-trained model is loaded.
Evaluation:
===> End evaluation
Setting up [LPIPS] perceptual loss: trunk [alex], v[0.1], spatial [off]
Loading model from: /home/hpc4090/miniconda3/envs/jamal/lib/python3.12/site-packages/lpips/weights/v0.1/alex.pth
===> Avg.PSNR: 31.9913 dB 
===> Avg.SSIM: 0.9047 
===> Avg.LPIPS: 0.0842 
[31.255433353913133, 31.858237363716096, 31.90985562891958, 32.22761281143119, 32.106069689846656, 31.51595633269632, 32.13305606258823, 31.911407337423604, 32.42802989210858, 31.991322284506285]
[0.8967041138565739, 0.9000602356366614, 0.900199529553778, 0.9026640167067745, 0.9007527043165002, 0.9029205347802959, 0.9023852635002715, 0.9023588580036984, 0.9042697396528647, 0.9046517659311382]
[0.10044599811816166, 0.09732002312150291, 0.0928692438357551, 0.08592043270789736, 0.09713545726835483, 0.08702321429930619, 0.0874834011777059, 0.08871872857550478, 0.08775420728104916, 0.08415775487954373]
===> Epoch[101]: Loss: 0.2751 || Learning rate: lr=5.20408754595976e-05.
===> Epoch[102]: Loss: 0.2748 || Learning rate: lr=5.1244727829137263e-05.
===> Epoch[103]: Loss: 0.2746 || Learning rate: lr=5.044827637118461e-05.
===> Epoch[104]: Loss: 0.2742 || Learning rate: lr=4.9651723628815414e-05.
===> Epoch[105]: Loss: 0.2740 || Learning rate: lr=4.885527217086276e-05.
===> Epoch[106]: Loss: 0.2736 || Learning rate: lr=4.805912454040242e-05.
===> Epoch[107]: Loss: 0.2732 || Learning rate: lr=4.7263483203244735e-05.
===> Epoch[108]: Loss: 0.2732 || Learning rate: lr=4.646855049644622e-05.
===> Epoch[109]: Loss: 0.2728 || Learning rate: lr=4.567452857685378e-05.
===> Epoch[110]: Loss: 0.2727 || Learning rate: lr=4.488161936969488e-05.
Checkpoint saved to ./weights/train/epoch_110.pth
Pre-trained model is loaded.
Evaluation:
===> End evaluation
Setting up [LPIPS] perceptual loss: trunk [alex], v[0.1], spatial [off]
Loading model from: /home/hpc4090/miniconda3/envs/jamal/lib/python3.12/site-packages/lpips/weights/v0.1/alex.pth
===> Avg.PSNR: 32.4919 dB 
===> Avg.SSIM: 0.9053 
===> Avg.LPIPS: 0.0855 
[31.255433353913133, 31.858237363716096, 31.90985562891958, 32.22761281143119, 32.106069689846656, 31.51595633269632, 32.13305606258823, 31.911407337423604, 32.42802989210858, 31.991322284506285, 32.491867540264636]
[0.8967041138565739, 0.9000602356366614, 0.900199529553778, 0.9026640167067745, 0.9007527043165002, 0.9029205347802959, 0.9023852635002715, 0.9023588580036984, 0.9042697396528647, 0.9046517659311382, 0.9052671609662732]
[0.10044599811816166, 0.09732002312150291, 0.0928692438357551, 0.08592043270789736, 0.09713545726835483, 0.08702321429930619, 0.0874834011777059, 0.08871872857550478, 0.08775420728104916, 0.08415775487954373, 0.08554571813732471]
===> Epoch[111]: Loss: 0.2722 || Learning rate: lr=4.409002451722662e-05.
===> Epoch[112]: Loss: 0.2721 || Learning rate: lr=4.329994532745661e-05.
===> Epoch[113]: Loss: 0.2719 || Learning rate: lr=4.251158272294906e-05.
===> Epoch[114]: Loss: 0.2716 || Learning rate: lr=4.172513718972876e-05.
===> Epoch[115]: Loss: 0.2714 || Learning rate: lr=4.094080872629609e-05.
===> Epoch[116]: Loss: 0.2711 || Learning rate: lr=4.0158796792766075e-05.
===> Epoch[117]: Loss: 0.2709 || Learning rate: lr=3.937930026014423e-05.
===> Epoch[118]: Loss: 0.2707 || Learning rate: lr=3.8602517359752384e-05.
===> Epoch[119]: Loss: 0.2703 || Learning rate: lr=3.782864563281705e-05.
===> Epoch[120]: Loss: 0.2703 || Learning rate: lr=3.7057881880233275e-05.
Checkpoint saved to ./weights/train/epoch_120.pth
Pre-trained model is loaded.
Evaluation:
===> End evaluation
Setting up [LPIPS] perceptual loss: trunk [alex], v[0.1], spatial [off]
Loading model from: /home/hpc4090/miniconda3/envs/jamal/lib/python3.12/site-packages/lpips/weights/v0.1/alex.pth
===> Avg.PSNR: 32.3784 dB 
===> Avg.SSIM: 0.9043 
===> Avg.LPIPS: 0.0871 
[31.255433353913133, 31.858237363716096, 31.90985562891958, 32.22761281143119, 32.106069689846656, 31.51595633269632, 32.13305606258823, 31.911407337423604, 32.42802989210858, 31.991322284506285, 32.491867540264636, 32.37844831985229]
[0.8967041138565739, 0.9000602356366614, 0.900199529553778, 0.9026640167067745, 0.9007527043165002, 0.9029205347802959, 0.9023852635002715, 0.9023588580036984, 0.9042697396528647, 0.9046517659311382, 0.9052671609662732, 0.9042742779606724]
[0.10044599811816166, 0.09732002312150291, 0.0928692438357551, 0.08592043270789736, 0.09713545726835483, 0.08702321429930619, 0.0874834011777059, 0.08871872857550478, 0.08775420728104916, 0.08415775487954373, 0.08554571813732471, 0.08709760235477755]
===> Epoch[121]: Loss: 0.2701 || Learning rate: lr=3.629042211251696e-05.
===> Epoch[122]: Loss: 0.2699 || Learning rate: lr=3.552646149995793e-05.
===> Epoch[123]: Loss: 0.2694 || Learning rate: lr=3.4766194322986825e-05.
===> Epoch[124]: Loss: 0.2694 || Learning rate: lr=3.4009813922768247e-05.
===> Epoch[125]: Loss: 0.2690 || Learning rate: lr=3.325751265203278e-05.
===> Epoch[126]: Loss: 0.2689 || Learning rate: lr=3.250948182616036e-05.
===> Epoch[127]: Loss: 0.2688 || Learning rate: lr=3.176591167452746e-05.
===> Epoch[128]: Loss: 0.2687 || Learning rate: lr=3.102699129213047e-05.
===> Epoch[129]: Loss: 0.2683 || Learning rate: lr=3.029290859149753e-05.
===> Epoch[130]: Loss: 0.2682 || Learning rate: lr=2.9563850254901067e-05.
Checkpoint saved to ./weights/train/epoch_130.pth
Pre-trained model is loaded.
Evaluation:
===> End evaluation
Setting up [LPIPS] perceptual loss: trunk [alex], v[0.1], spatial [off]
Loading model from: /home/hpc4090/miniconda3/envs/jamal/lib/python3.12/site-packages/lpips/weights/v0.1/alex.pth
===> Avg.PSNR: 32.4349 dB 
===> Avg.SSIM: 0.9045 
===> Avg.LPIPS: 0.0869 
[31.255433353913133, 31.858237363716096, 31.90985562891958, 32.22761281143119, 32.106069689846656, 31.51595633269632, 32.13305606258823, 31.911407337423604, 32.42802989210858, 31.991322284506285, 32.491867540264636, 32.37844831985229, 32.434859767310776]
[0.8967041138565739, 0.9000602356366614, 0.900199529553778, 0.9026640167067745, 0.9007527043165002, 0.9029205347802959, 0.9023852635002715, 0.9023588580036984, 0.9042697396528647, 0.9046517659311382, 0.9052671609662732, 0.9042742779606724, 0.904538373844766]
[0.10044599811816166, 0.09732002312150291, 0.0928692438357551, 0.08592043270789736, 0.09713545726835483, 0.08702321429930619, 0.0874834011777059, 0.08871872857550478, 0.08775420728104916, 0.08415775487954373, 0.08554571813732471, 0.08709760235477755, 0.0869322278075273]
===> Epoch[131]: Loss: 0.2679 || Learning rate: lr=2.8840001686883236e-05.
===> Epoch[132]: Loss: 0.2679 || Learning rate: lr=2.8121546967106262e-05.
===> Epoch[133]: Loss: 0.2676 || Learning rate: lr=2.7408668803539743e-05.
===> Epoch[134]: Loss: 0.2675 || Learning rate: lr=2.670154848599666e-05.
===> Epoch[135]: Loss: 0.2672 || Learning rate: lr=2.600036584003027e-05.
===> Epoch[136]: Loss: 0.2671 || Learning rate: lr=2.530529918120316e-05.
===> Epoch[137]: Loss: 0.2669 || Learning rate: lr=2.4616525269740358e-05.
===> Epoch[138]: Loss: 0.2668 || Learning rate: lr=2.3934219265578047e-05.
===> Epoch[139]: Loss: 0.2664 || Learning rate: lr=2.3258554683819147e-05.
===> Epoch[140]: Loss: 0.2665 || Learning rate: lr=2.2589703350607265e-05.
Checkpoint saved to ./weights/train/epoch_140.pth
Pre-trained model is loaded.
Evaluation:
===> End evaluation
Setting up [LPIPS] perceptual loss: trunk [alex], v[0.1], spatial [off]
Loading model from: /home/hpc4090/miniconda3/envs/jamal/lib/python3.12/site-packages/lpips/weights/v0.1/alex.pth
===> Avg.PSNR: 32.3837 dB 
===> Avg.SSIM: 0.9040 
===> Avg.LPIPS: 0.0877 
[31.255433353913133, 31.858237363716096, 31.90985562891958, 32.22761281143119, 32.106069689846656, 31.51595633269632, 32.13305606258823, 31.911407337423604, 32.42802989210858, 31.991322284506285, 32.491867540264636, 32.37844831985229, 32.434859767310776, 32.38368077688215]
[0.8967041138565739, 0.9000602356366614, 0.900199529553778, 0.9026640167067745, 0.9007527043165002, 0.9029205347802959, 0.9023852635002715, 0.9023588580036984, 0.9042697396528647, 0.9046517659311382, 0.9052671609662732, 0.9042742779606724, 0.904538373844766, 0.9040303470770827]
[0.10044599811816166, 0.09732002312150291, 0.0928692438357551, 0.08592043270789736, 0.09713545726835483, 0.08702321429930619, 0.0874834011777059, 0.08871872857550478, 0.08775420728104916, 0.08415775487954373, 0.08554571813732471, 0.08709760235477755, 0.0869322278075273, 0.08766226867990203]
===> Epoch[141]: Loss: 0.2663 || Learning rate: lr=2.1927835359430055e-05.
===> Epoch[142]: Loss: 0.2662 || Learning rate: lr=2.127311902786339e-05.
===> Epoch[143]: Loss: 0.2659 || Learning rate: lr=2.062572085476697e-05.
===> Epoch[144]: Loss: 0.2659 || Learning rate: lr=1.9985805477942526e-05.
===> Epoch[145]: Loss: 0.2658 || Learning rate: lr=1.9353535632265317e-05.
===> Epoch[146]: Loss: 0.2656 || Learning rate: lr=1.87290721082995e-05.
===> Epoch[147]: Loss: 0.2653 || Learning rate: lr=1.811257371140804e-05.
===> Epoch[148]: Loss: 0.2653 || Learning rate: lr=1.7504197221367368e-05.
===> Epoch[149]: Loss: 0.2652 || Learning rate: lr=1.690409735249719e-05.
===> Epoch[150]: Loss: 0.2650 || Learning rate: lr=1.6312426714315655e-05.
Checkpoint saved to ./weights/train/epoch_150.pth
Pre-trained model is loaded.
Evaluation:
===> End evaluation
Setting up [LPIPS] perceptual loss: trunk [alex], v[0.1], spatial [off]
Loading model from: /home/hpc4090/miniconda3/envs/jamal/lib/python3.12/site-packages/lpips/weights/v0.1/alex.pth
===> Avg.PSNR: 32.1929 dB 
===> Avg.SSIM: 0.9041 
===> Avg.LPIPS: 0.0874 
[31.255433353913133, 31.858237363716096, 31.90985562891958, 32.22761281143119, 32.106069689846656, 31.51595633269632, 32.13305606258823, 31.911407337423604, 32.42802989210858, 31.991322284506285, 32.491867540264636, 32.37844831985229, 32.434859767310776, 32.38368077688215, 32.19293889922881]
[0.8967041138565739, 0.9000602356366614, 0.900199529553778, 0.9026640167067745, 0.9007527043165002, 0.9029205347802959, 0.9023852635002715, 0.9023588580036984, 0.9042697396528647, 0.9046517659311382, 0.9052671609662732, 0.9042742779606724, 0.904538373844766, 0.9040303470770827, 0.9041488216163235]
[0.10044599811816166, 0.09732002312150291, 0.0928692438357551, 0.08592043270789736, 0.09713545726835483, 0.08702321429930619, 0.0874834011777059, 0.08871872857550478, 0.08775420728104916, 0.08415775487954373, 0.08554571813732471, 0.08709760235477755, 0.0869322278075273, 0.08766226867990203, 0.0874335348161858]
===> Epoch[151]: Loss: 0.2649 || Learning rate: lr=1.5729335772729622e-05.
===> Epoch[152]: Loss: 0.2649 || Learning rate: lr=1.5154972811770208e-05.
===> Epoch[153]: Loss: 0.2647 || Learning rate: lr=1.458948389588309e-05.
===> Epoch[154]: Loss: 0.2645 || Learning rate: lr=1.403301283278334e-05.
===> Epoch[155]: Loss: 0.2643 || Learning rate: lr=1.3485701136884144e-05.
===> Epoch[156]: Loss: 0.2643 || Learning rate: lr=1.2947687993308692e-05.
===> Epoch[157]: Loss: 0.2641 || Learning rate: lr=1.2419110222494452e-05.
===> Epoch[158]: Loss: 0.2642 || Learning rate: lr=1.1900102245398816e-05.
===> Epoch[159]: Loss: 0.2642 || Learning rate: lr=1.1390796049314885e-05.
===> Epoch[160]: Loss: 0.2639 || Learning rate: lr=1.0891321154306236e-05.
Checkpoint saved to ./weights/train/epoch_160.pth
Pre-trained model is loaded.
Evaluation:
===> End evaluation
Setting up [LPIPS] perceptual loss: trunk [alex], v[0.1], spatial [off]
Loading model from: /home/hpc4090/miniconda3/envs/jamal/lib/python3.12/site-packages/lpips/weights/v0.1/alex.pth
===> Avg.PSNR: 32.5423 dB 
===> Avg.SSIM: 0.9048 
===> Avg.LPIPS: 0.0881 
[31.255433353913133, 31.858237363716096, 31.90985562891958, 32.22761281143119, 32.106069689846656, 31.51595633269632, 32.13305606258823, 31.911407337423604, 32.42802989210858, 31.991322284506285, 32.491867540264636, 32.37844831985229, 32.434859767310776, 32.38368077688215, 32.19293889922881, 32.542336307505884]
[0.8967041138565739, 0.9000602356366614, 0.900199529553778, 0.9026640167067745, 0.9007527043165002, 0.9029205347802959, 0.9023852635002715, 0.9023588580036984, 0.9042697396528647, 0.9046517659311382, 0.9052671609662732, 0.9042742779606724, 0.904538373844766, 0.9040303470770827, 0.9041488216163235, 0.9047940822429644]
[0.10044599811816166, 0.09732002312150291, 0.0928692438357551, 0.08592043270789736, 0.09713545726835483, 0.08702321429930619, 0.0874834011777059, 0.08871872857550478, 0.08775420728104916, 0.08415775487954373, 0.08554571813732471, 0.08709760235477755, 0.0869322278075273, 0.08766226867990203, 0.0874335348161858, 0.08814639281280151]
===> Epoch[161]: Loss: 0.2638 || Learning rate: lr=1.0401804580269047e-05.
===> Epoch[162]: Loss: 0.2639 || Learning rate: lr=9.922370814630098e-06.
===> Epoch[163]: Loss: 0.2636 || Learning rate: lr=9.45314178068871e-06.
===> Epoch[164]: Loss: 0.2635 || Learning rate: lr=8.994236806610881e-06.
===> Epoch[165]: Loss: 0.2635 || Learning rate: lr=8.545772595083265e-06.
===> Epoch[166]: Loss: 0.2634 || Learning rate: lr=8.107863193634904e-06.
===> Epoch[167]: Loss: 0.2633 || Learning rate: lr=7.680619965634134e-06.
===> Epoch[168]: Loss: 0.2632 || Learning rate: lr=7.264151561968135e-06.
===> Epoch[169]: Loss: 0.2631 || Learning rate: lr=6.858563893412257e-06.
===> Epoch[170]: Loss: 0.2632 || Learning rate: lr=6.463960103696187e-06.
Checkpoint saved to ./weights/train/epoch_170.pth
Pre-trained model is loaded.





[0;34m[STEP 3] Training Models...[0m

[0;32m[Sat Jan 31 10:59:02 AM UTC 2026] Starting training: face_loss3[0m
[1;33mRunning: make face_loss3[0m

TQDM_DISABLE=1 python train.py --lfw --data_train_lfw=datasets/LFW_multilevel/train_mixed \
	--data_val_lfw=datasets/LFW_multilevel/val_mixed \
	--data_valgt_lfw=datasets/LFW_multilevel/val_mixed/high --D_weight=1.5 \
	--batchSize=8 --nEpochs=100 --use_face_loss --FR_weight=0.3
/home/hpc4090/miniconda3/envs/jamal/lib/python3.12/site-packages/torchvision/models/_utils.py:208: UserWarning: The parameter 'pretrained' is deprecated since 0.13 and may be removed in the future, please use 'weights' instead.
  warnings.warn(
/home/hpc4090/miniconda3/envs/jamal/lib/python3.12/site-packages/torchvision/models/_utils.py:223: UserWarning: Arguments other than a weight enum or `None` for 'weights' are deprecated since 0.13 and may be removed in the future. The current behavior is equivalent to passing `weights=VGG19_Weights.IMAGENET1K_V1`. You can also use `weights=VGG19_Weights.DEFAULT` to get the most up-to-date weights.
  warnings.warn(msg)
CUDA_LAUNCH_BLOCKING enabled for debugging
===> Loading datasets
[LFW Dataset] Loaded 20658 image pairs from datasets/LFW_multilevel/train_mixed
[LFW Eval Dataset] Loaded 3654 image pairs from datasets/LFW_multilevel/val_mixed
===> Building model 
===> Initializing Discriminative Multi-Level Face Loss
Initialized DiscriminativeMultiLevelFaceLoss:
  Layers: ['layer2', 'layer3', 'layer4', 'fc']
  Contrastive: True (margin=0.4)
  Triplet: True (margin=0.2)
===> Discriminative Multi-Level Face Loss enabled with weight=0.3
     Architecture: ir_50
     Features: ['layer2', 'layer3', 'layer4', 'fc']
     Contrastive: margin=0.4, weight=1.0, temp=0.07
     Triplet: margin=0.2, weight=0.5

  Face Loss Components (iter 0):
    Reconstruction: 0.5756
    Contrastive:    1.2142
    Triplet:        0.1961
    Total:          1.8879

  Face Loss Components (iter 100):
    Reconstruction: 0.6702
    Contrastive:    1.0500
    Triplet:        0.1940
    Total:          1.8173

  Face Loss Components (iter 200):
    Reconstruction: 0.5666
    Contrastive:    1.6195
    Triplet:        0.2041
    Total:          2.2882

  Face Loss Components (iter 300):
    Reconstruction: 0.5709
    Contrastive:    1.2268
    Triplet:        0.2073
    Total:          1.9014

  Face Loss Components (iter 400):
    Reconstruction: 0.5386
    Contrastive:    2.0393
    Triplet:        0.2437
    Total:          2.6997

  Face Loss Components (iter 500):
    Reconstruction: 0.6175
    Contrastive:    2.1562
    Triplet:        0.2616
    Total:          2.9046

  Face Loss Components (iter 600):
    Reconstruction: 0.6359
    Contrastive:    1.8466
    Triplet:        0.2525
    Total:          2.6087

  Face Loss Components (iter 700):
    Reconstruction: 0.6175
    Contrastive:    1.4396
    Triplet:        0.2025
    Total:          2.1583

  Face Loss Components (iter 800):
    Reconstruction: 0.6486
    Contrastive:    1.1534
    Triplet:        0.2002
    Total:          1.9021

  Face Loss Components (iter 900):
    Reconstruction: 0.5857
    Contrastive:    1.5040
    Triplet:        0.2333
    Total:          2.2064

  Face Loss Components (iter 1000):
    Reconstruction: 0.5684
    Contrastive:    1.5777
    Triplet:        0.2090
    Total:          2.2506

  Face Loss Components (iter 1100):
    Reconstruction: 0.5500
    Contrastive:    2.1592
    Triplet:        0.2830
    Total:          2.8507

  Face Loss Components (iter 1200):
    Reconstruction: 0.5978
    Contrastive:    0.7404
    Triplet:        0.1865
    Total:          1.4314

  Face Loss Components (iter 1300):
    Reconstruction: 0.4177
    Contrastive:    1.0293
    Triplet:        0.1879
    Total:          1.5410

  Face Loss Components (iter 1400):
    Reconstruction: 0.4898
    Contrastive:    1.8616
    Triplet:        0.2578
    Total:          2.4803

  Face Loss Components (iter 1500):
    Reconstruction: 0.5569
    Contrastive:    1.3175
    Triplet:        0.1943
    Total:          1.9715

  Face Loss Components (iter 1600):
    Reconstruction: 0.6394
    Contrastive:    1.3217
    Triplet:        0.2052
    Total:          2.0637

  Face Loss Components (iter 1700):
    Reconstruction: 0.5531
    Contrastive:    1.7279
    Triplet:        0.2405
    Total:          2.4013

  Face Loss Components (iter 1800):
    Reconstruction: 0.6639
    Contrastive:    0.9218
    Triplet:        0.1930
    Total:          1.6822

  Face Loss Components (iter 1900):
    Reconstruction: 0.4590
    Contrastive:    1.0257
    Triplet:        0.2010
    Total:          1.5852

  Face Loss Components (iter 2000):
    Reconstruction: 0.5186
    Contrastive:    1.7545
    Triplet:        0.2056
    Total:          2.3759

  Face Loss Components (iter 2100):
    Reconstruction: 0.5577
    Contrastive:    1.0027
    Triplet:        0.1874
    Total:          1.6541

  Face Loss Components (iter 2200):
    Reconstruction: 0.5975
    Contrastive:    1.7522
    Triplet:        0.2354
    Total:          2.4674

  Face Loss Components (iter 2300):
    Reconstruction: 0.5969
    Contrastive:    1.3443
    Triplet:        0.1998
    Total:          2.0410

  Face Loss Components (iter 2400):
    Reconstruction: 0.4514
    Contrastive:    1.2044
    Triplet:        0.1933
    Total:          1.7525

  Face Loss Components (iter 2500):
    Reconstruction: 0.6159
    Contrastive:    1.1828
    Triplet:        0.1905
    Total:          1.8939
===> Epoch[1]: Loss: 5.4345 || Learning rate: lr=0.0.

  Face Loss Components (iter 0):
    Reconstruction: 0.5490
    Contrastive:    1.6326
    Triplet:        0.2462
    Total:          2.3047

  Face Loss Components (iter 100):
    Reconstruction: 0.4041
    Contrastive:    0.7292
    Triplet:        0.1063
    Total:          1.1865

  Face Loss Components (iter 200):
    Reconstruction: 0.1687
    Contrastive:    0.0927
    Triplet:        0.0213
    Total:          0.2721

  Face Loss Components (iter 300):
    Reconstruction: 0.0436
    Contrastive:    0.0403
    Triplet:        0.0000
    Total:          0.0840

  Face Loss Components (iter 400):
    Reconstruction: 0.0434
    Contrastive:    0.0312
    Triplet:        0.0000
    Total:          0.0746

  Face Loss Components (iter 500):
    Reconstruction: 0.0278
    Contrastive:    0.0197
    Triplet:        0.0000
    Total:          0.0476

  Face Loss Components (iter 600):
    Reconstruction: 0.0341
    Contrastive:    0.0171
    Triplet:        0.0000
    Total:          0.0512

  Face Loss Components (iter 700):
    Reconstruction: 0.0310
    Contrastive:    0.0242
    Triplet:        0.0000
    Total:          0.0552

  Face Loss Components (iter 800):
    Reconstruction: 0.0504
    Contrastive:    0.0304
    Triplet:        0.0000
    Total:          0.0809

  Face Loss Components (iter 900):
    Reconstruction: 0.0220
    Contrastive:    0.0182
    Triplet:        0.0000
    Total:          0.0402

  Face Loss Components (iter 1000):
    Reconstruction: 0.0112
    Contrastive:    0.0044
    Triplet:        0.0000
    Total:          0.0155

  Face Loss Components (iter 1100):
    Reconstruction: 0.0243
    Contrastive:    0.0499
    Triplet:        0.0007
    Total:          0.0745

  Face Loss Components (iter 1200):
    Reconstruction: 0.0132
    Contrastive:    0.0246
    Triplet:        0.0000
    Total:          0.0378

  Face Loss Components (iter 1300):
    Reconstruction: 0.0248
    Contrastive:    0.0297
    Triplet:        0.0000
    Total:          0.0544

  Face Loss Components (iter 1400):
    Reconstruction: 0.0314
    Contrastive:    0.0293
    Triplet:        0.0000
    Total:          0.0608

  Face Loss Components (iter 1500):
    Reconstruction: 0.0193
    Contrastive:    0.0073
    Triplet:        0.0000
    Total:          0.0266

  Face Loss Components (iter 1600):
    Reconstruction: 0.0236
    Contrastive:    0.0402
    Triplet:        0.0000
    Total:          0.0638

  Face Loss Components (iter 1700):
    Reconstruction: 0.0203
    Contrastive:    0.0437
    Triplet:        0.0000
    Total:          0.0640

  Face Loss Components (iter 1800):
    Reconstruction: 0.0137
    Contrastive:    0.0225
    Triplet:        0.0000
    Total:          0.0362

  Face Loss Components (iter 1900):
    Reconstruction: 0.0180
    Contrastive:    0.0116
    Triplet:        0.0000
    Total:          0.0296

  Face Loss Components (iter 2000):
    Reconstruction: 0.0219
    Contrastive:    0.0134
    Triplet:        0.0000
    Total:          0.0353

  Face Loss Components (iter 2100):
    Reconstruction: 0.0158
    Contrastive:    0.0086
    Triplet:        0.0000
    Total:          0.0245

  Face Loss Components (iter 2200):
    Reconstruction: 0.0256
    Contrastive:    0.0269
    Triplet:        0.0000
    Total:          0.0524

  Face Loss Components (iter 2300):
    Reconstruction: 0.0096
    Contrastive:    0.0159
    Triplet:        0.0000
    Total:          0.0255

  Face Loss Components (iter 2400):
    Reconstruction: 0.0227
    Contrastive:    0.0176
    Triplet:        0.0000
    Total:          0.0403

  Face Loss Components (iter 2500):
    Reconstruction: 0.0224
    Contrastive:    0.0227
    Triplet:        0.0000
    Total:          0.0450
===> Epoch[2]: Loss: 1.1880 || Learning rate: lr=3.3333333333333335e-05.

  Face Loss Components (iter 0):
    Reconstruction: 0.0148
    Contrastive:    0.0290
    Triplet:        0.0000
    Total:          0.0438

  Face Loss Components (iter 100):
    Reconstruction: 0.0224
    Contrastive:    0.0171
    Triplet:        0.0000
    Total:          0.0395

  Face Loss Components (iter 200):
    Reconstruction: 0.0153
    Contrastive:    0.0156
    Triplet:        0.0000
    Total:          0.0309

  Face Loss Components (iter 300):
    Reconstruction: 0.0205
    Contrastive:    0.0105
    Triplet:        0.0000
    Total:          0.0310

  Face Loss Components (iter 400):
    Reconstruction: 0.0118
    Contrastive:    0.0158
    Triplet:        0.0000
    Total:          0.0277

  Face Loss Components (iter 500):
    Reconstruction: 0.0185
    Contrastive:    0.0093
    Triplet:        0.0000
    Total:          0.0277

  Face Loss Components (iter 600):
    Reconstruction: 0.0183
    Contrastive:    0.0133
    Triplet:        0.0000
    Total:          0.0315

  Face Loss Components (iter 700):
    Reconstruction: 0.0196
    Contrastive:    0.0154
    Triplet:        0.0000
    Total:          0.0350

  Face Loss Components (iter 800):
    Reconstruction: 0.0132
    Contrastive:    0.0164
    Triplet:        0.0000
    Total:          0.0295

  Face Loss Components (iter 900):
    Reconstruction: 0.0200
    Contrastive:    0.0262
    Triplet:        0.0000
    Total:          0.0463

  Face Loss Components (iter 1000):
    Reconstruction: 0.0162
    Contrastive:    0.0145
    Triplet:        0.0000
    Total:          0.0308

  Face Loss Components (iter 1100):
    Reconstruction: 0.0080
    Contrastive:    0.0167
    Triplet:        0.0000
    Total:          0.0246

  Face Loss Components (iter 1200):
    Reconstruction: 0.0156
    Contrastive:    0.0725
    Triplet:        0.0000
    Total:          0.0881

  Face Loss Components (iter 1300):
    Reconstruction: 0.0243
    Contrastive:    0.0183
    Triplet:        0.0000
    Total:          0.0426

  Face Loss Components (iter 1400):
    Reconstruction: 0.0182
    Contrastive:    0.0288
    Triplet:        0.0000
    Total:          0.0470

  Face Loss Components (iter 1500):
    Reconstruction: 0.0284
    Contrastive:    0.0520
    Triplet:        0.0059
    Total:          0.0833

  Face Loss Components (iter 1600):
    Reconstruction: 0.0062
    Contrastive:    0.0192
    Triplet:        0.0000
    Total:          0.0254

  Face Loss Components (iter 1700):
    Reconstruction: 0.0202
    Contrastive:    0.0095
    Triplet:        0.0000
    Total:          0.0297

  Face Loss Components (iter 1800):
    Reconstruction: 0.0107
    Contrastive:    0.0357
    Triplet:        0.0000
    Total:          0.0464

  Face Loss Components (iter 1900):
    Reconstruction: 0.0084
    Contrastive:    0.0240
    Triplet:        0.0000
    Total:          0.0323

  Face Loss Components (iter 2000):
    Reconstruction: 0.0110
    Contrastive:    0.0282
    Triplet:        0.0000
    Total:          0.0392

  Face Loss Components (iter 2100):
    Reconstruction: 0.0170
    Contrastive:    0.0118
    Triplet:        0.0000
    Total:          0.0288

  Face Loss Components (iter 2200):
    Reconstruction: 0.0116
    Contrastive:    0.0057
    Triplet:        0.0000
    Total:          0.0173

  Face Loss Components (iter 2300):
    Reconstruction: 0.0221
    Contrastive:    0.0036
    Triplet:        0.0000
    Total:          0.0257

  Face Loss Components (iter 2400):
    Reconstruction: 0.0076
    Contrastive:    0.0163
    Triplet:        0.0000
    Total:          0.0239

  Face Loss Components (iter 2500):
    Reconstruction: 0.0103
    Contrastive:    0.0164
    Triplet:        0.0000
    Total:          0.0267
===> Epoch[3]: Loss: 0.5129 || Learning rate: lr=6.666666666666667e-05.

  Face Loss Components (iter 0):
    Reconstruction: 0.0185
    Contrastive:    0.0094
    Triplet:        0.0000
    Total:          0.0279

  Face Loss Components (iter 100):
    Reconstruction: 0.0131
    Contrastive:    0.0219
    Triplet:        0.0000
    Total:          0.0350

  Face Loss Components (iter 200):
    Reconstruction: 0.0215
    Contrastive:    0.0117
    Triplet:        0.0000
    Total:          0.0332

  Face Loss Components (iter 300):
    Reconstruction: 0.0434
    Contrastive:    0.0210
    Triplet:        0.0000
    Total:          0.0644

  Face Loss Components (iter 400):
    Reconstruction: 0.0139
    Contrastive:    0.0213
    Triplet:        0.0000
    Total:          0.0352

  Face Loss Components (iter 500):
    Reconstruction: 0.0146
    Contrastive:    0.0127
    Triplet:        0.0000
    Total:          0.0273

  Face Loss Components (iter 600):
    Reconstruction: 0.0160
    Contrastive:    0.0065
    Triplet:        0.0000
    Total:          0.0225

  Face Loss Components (iter 700):
    Reconstruction: 0.0236
    Contrastive:    0.0100
    Triplet:        0.0000
    Total:          0.0335

  Face Loss Components (iter 800):
    Reconstruction: 0.0130
    Contrastive:    0.0249
    Triplet:        0.0000
    Total:          0.0379

  Face Loss Components (iter 900):
    Reconstruction: 0.0132
    Contrastive:    0.0230
    Triplet:        0.0000
    Total:          0.0362

  Face Loss Components (iter 1000):
    Reconstruction: 0.0211
    Contrastive:    0.0092
    Triplet:        0.0000
    Total:          0.0304

  Face Loss Components (iter 1100):
    Reconstruction: 0.0204
    Contrastive:    0.0310
    Triplet:        0.0000
    Total:          0.0514

  Face Loss Components (iter 1200):
    Reconstruction: 0.0125
    Contrastive:    0.0056
    Triplet:        0.0000
    Total:          0.0181

  Face Loss Components (iter 1300):
    Reconstruction: 0.0154
    Contrastive:    0.0095
    Triplet:        0.0000
    Total:          0.0249

  Face Loss Components (iter 1400):
    Reconstruction: 0.0170
    Contrastive:    0.0209
    Triplet:        0.0000
    Total:          0.0378

  Face Loss Components (iter 1500):
    Reconstruction: 0.0111
    Contrastive:    0.0106
    Triplet:        0.0000
    Total:          0.0216

  Face Loss Components (iter 1600):
    Reconstruction: 0.0207
    Contrastive:    0.0262
    Triplet:        0.0000
    Total:          0.0469

  Face Loss Components (iter 1700):
    Reconstruction: 0.0293
    Contrastive:    0.0189
    Triplet:        0.0000
    Total:          0.0482

  Face Loss Components (iter 1800):
    Reconstruction: 0.0179
    Contrastive:    0.0595
    Triplet:        0.0000
    Total:          0.0774

  Face Loss Components (iter 1900):
    Reconstruction: 0.0157
    Contrastive:    0.0395
    Triplet:        0.0000
    Total:          0.0552

  Face Loss Components (iter 2000):
    Reconstruction: 0.0204
    Contrastive:    0.0869
    Triplet:        0.0000
    Total:          0.1073

  Face Loss Components (iter 2100):
    Reconstruction: 0.0149
    Contrastive:    0.0194
    Triplet:        0.0000
    Total:          0.0343

  Face Loss Components (iter 2200):
    Reconstruction: 0.0184
    Contrastive:    0.0130
    Triplet:        0.0000
    Total:          0.0314

  Face Loss Components (iter 2300):
    Reconstruction: 0.0148
    Contrastive:    0.0172
    Triplet:        0.0000
    Total:          0.0320

  Face Loss Components (iter 2400):
    Reconstruction: 0.0134
    Contrastive:    0.0087
    Triplet:        0.0000
    Total:          0.0221

  Face Loss Components (iter 2500):
    Reconstruction: 0.0129
    Contrastive:    0.0134
    Triplet:        0.0000
    Total:          0.0263
===> Epoch[4]: Loss: 0.4536 || Learning rate: lr=0.0001.

  Face Loss Components (iter 0):
    Reconstruction: 0.0118
    Contrastive:    0.0117
    Triplet:        0.0000
    Total:          0.0235

  Face Loss Components (iter 100):
    Reconstruction: 0.0125
    Contrastive:    0.0215
    Triplet:        0.0000
    Total:          0.0339

  Face Loss Components (iter 200):
    Reconstruction: 0.0145
    Contrastive:    0.0359
    Triplet:        0.0000
    Total:          0.0505

  Face Loss Components (iter 300):
    Reconstruction: 0.0159
    Contrastive:    0.0339
    Triplet:        0.0000
    Total:          0.0498

  Face Loss Components (iter 400):
    Reconstruction: 0.0159
    Contrastive:    0.0244
    Triplet:        0.0000
    Total:          0.0403

  Face Loss Components (iter 500):
    Reconstruction: 0.0120
    Contrastive:    0.0118
    Triplet:        0.0000
    Total:          0.0237

  Face Loss Components (iter 600):
    Reconstruction: 0.0157
    Contrastive:    0.0095
    Triplet:        0.0000
    Total:          0.0252

  Face Loss Components (iter 700):
    Reconstruction: 0.0149
    Contrastive:    0.0231
    Triplet:        0.0000
    Total:          0.0379

  Face Loss Components (iter 800):
    Reconstruction: 0.0180
    Contrastive:    0.0148
    Triplet:        0.0000
    Total:          0.0328

  Face Loss Components (iter 900):
    Reconstruction: 0.0210
    Contrastive:    0.0311
    Triplet:        0.0000
    Total:          0.0521

  Face Loss Components (iter 1000):
    Reconstruction: 0.0207
    Contrastive:    0.0173
    Triplet:        0.0000
    Total:          0.0381

  Face Loss Components (iter 1100):
    Reconstruction: 0.0140
    Contrastive:    0.0117
    Triplet:        0.0000
    Total:          0.0257

  Face Loss Components (iter 1200):
    Reconstruction: 0.0153
    Contrastive:    0.0090
    Triplet:        0.0000
    Total:          0.0243

  Face Loss Components (iter 1300):
    Reconstruction: 0.0140
    Contrastive:    0.0133
    Triplet:        0.0000
    Total:          0.0273

  Face Loss Components (iter 1400):
    Reconstruction: 0.0304
    Contrastive:    0.0165
    Triplet:        0.0000
    Total:          0.0469

  Face Loss Components (iter 1500):
    Reconstruction: 0.0264
    Contrastive:    0.0379
    Triplet:        0.0000
    Total:          0.0643

  Face Loss Components (iter 1600):
    Reconstruction: 0.0162
    Contrastive:    0.0078
    Triplet:        0.0000
    Total:          0.0240

  Face Loss Components (iter 1700):
    Reconstruction: 0.0146
    Contrastive:    0.0175
    Triplet:        0.0000
    Total:          0.0321

  Face Loss Components (iter 1800):
    Reconstruction: 0.0151
    Contrastive:    0.0152
    Triplet:        0.0000
    Total:          0.0303

  Face Loss Components (iter 1900):
    Reconstruction: 0.0160
    Contrastive:    0.0294
    Triplet:        0.0000
    Total:          0.0454

  Face Loss Components (iter 2000):
    Reconstruction: 0.0137
    Contrastive:    0.0266
    Triplet:        0.0000
    Total:          0.0403

  Face Loss Components (iter 2100):
    Reconstruction: 0.0100
    Contrastive:    0.0158
    Triplet:        0.0000
    Total:          0.0258

  Face Loss Components (iter 2200):
    Reconstruction: 0.0211
    Contrastive:    0.0399
    Triplet:        0.0000
    Total:          0.0610

  Face Loss Components (iter 2300):
    Reconstruction: 0.0128
    Contrastive:    0.0298
    Triplet:        0.0000
    Total:          0.0426

  Face Loss Components (iter 2400):
    Reconstruction: 0.0072
    Contrastive:    0.0088
    Triplet:        0.0000
    Total:          0.0160

  Face Loss Components (iter 2500):
    Reconstruction: 0.0165
    Contrastive:    0.0201
    Triplet:        0.0000
    Total:          0.0366
===> Epoch[5]: Loss: 0.4236 || Learning rate: lr=0.0001.

  Face Loss Components (iter 0):
    Reconstruction: 0.0117
    Contrastive:    0.0075
    Triplet:        0.0000
    Total:          0.0193

  Face Loss Components (iter 100):
    Reconstruction: 0.0064
    Contrastive:    0.0216
    Triplet:        0.0000
    Total:          0.0280

  Face Loss Components (iter 200):
    Reconstruction: 0.0159
    Contrastive:    0.0242
    Triplet:        0.0000
    Total:          0.0400

  Face Loss Components (iter 300):
    Reconstruction: 0.0131
    Contrastive:    0.0186
    Triplet:        0.0000
    Total:          0.0317

  Face Loss Components (iter 400):
    Reconstruction: 0.0135
    Contrastive:    0.0284
    Triplet:        0.0000
    Total:          0.0419

  Face Loss Components (iter 500):
    Reconstruction: 0.0127
    Contrastive:    0.0117
    Triplet:        0.0000
    Total:          0.0243

  Face Loss Components (iter 600):
    Reconstruction: 0.0162
    Contrastive:    0.0402
    Triplet:        0.0000
    Total:          0.0564

  Face Loss Components (iter 700):
    Reconstruction: 0.0102
    Contrastive:    0.0235
    Triplet:        0.0000
    Total:          0.0337

  Face Loss Components (iter 800):
    Reconstruction: 0.0105
    Contrastive:    0.0267
    Triplet:        0.0000
    Total:          0.0372

  Face Loss Components (iter 900):
    Reconstruction: 0.0087
    Contrastive:    0.0127
    Triplet:        0.0000
    Total:          0.0214

  Face Loss Components (iter 1000):
    Reconstruction: 0.0138
    Contrastive:    0.0110
    Triplet:        0.0000
    Total:          0.0248

  Face Loss Components (iter 1100):
    Reconstruction: 0.0092
    Contrastive:    0.0068
    Triplet:        0.0000
    Total:          0.0160

  Face Loss Components (iter 1200):
    Reconstruction: 0.0188
    Contrastive:    0.0215
    Triplet:        0.0000
    Total:          0.0402

  Face Loss Components (iter 1300):
    Reconstruction: 0.0152
    Contrastive:    0.0062
    Triplet:        0.0000
    Total:          0.0214

  Face Loss Components (iter 1400):
    Reconstruction: 0.0105
    Contrastive:    0.0179
    Triplet:        0.0000
    Total:          0.0284

  Face Loss Components (iter 1500):
    Reconstruction: 0.0080
    Contrastive:    0.0133
    Triplet:        0.0000
    Total:          0.0213

  Face Loss Components (iter 1600):
    Reconstruction: 0.0145
    Contrastive:    0.0144
    Triplet:        0.0000
    Total:          0.0288

  Face Loss Components (iter 1700):
    Reconstruction: 0.0111
    Contrastive:    0.0286
    Triplet:        0.0000
    Total:          0.0397

  Face Loss Components (iter 1800):
    Reconstruction: 0.0119
    Contrastive:    0.0084
    Triplet:        0.0000
    Total:          0.0203

  Face Loss Components (iter 1900):
    Reconstruction: 0.0104
    Contrastive:    0.0367
    Triplet:        0.0000
    Total:          0.0470

  Face Loss Components (iter 2000):
    Reconstruction: 0.0090
    Contrastive:    0.0133
    Triplet:        0.0000
    Total:          0.0223

  Face Loss Components (iter 2100):
    Reconstruction: 0.0073
    Contrastive:    0.0096
    Triplet:        0.0000
    Total:          0.0169

  Face Loss Components (iter 2200):
    Reconstruction: 0.0065
    Contrastive:    0.0119
    Triplet:        0.0000
    Total:          0.0184

  Face Loss Components (iter 2300):
    Reconstruction: 0.0075
    Contrastive:    0.0583
    Triplet:        0.0000
    Total:          0.0658

  Face Loss Components (iter 2400):
    Reconstruction: 0.0107
    Contrastive:    0.0109
    Triplet:        0.0000
    Total:          0.0216

  Face Loss Components (iter 2500):
    Reconstruction: 0.0104
    Contrastive:    0.0081
    Triplet:        0.0000
    Total:          0.0186
===> Epoch[6]: Loss: 0.4053 || Learning rate: lr=9.997380467382348e-05.

  Face Loss Components (iter 0):
    Reconstruction: 0.0096
    Contrastive:    0.0223
    Triplet:        0.0000
    Total:          0.0319

  Face Loss Components (iter 100):
    Reconstruction: 0.0119
    Contrastive:    0.0117
    Triplet:        0.0000
    Total:          0.0236

  Face Loss Components (iter 200):
    Reconstruction: 0.0100
    Contrastive:    0.0038
    Triplet:        0.0000
    Total:          0.0138

  Face Loss Components (iter 300):
    Reconstruction: 0.0160
    Contrastive:    0.0177
    Triplet:        0.0000
    Total:          0.0337

  Face Loss Components (iter 400):
    Reconstruction: 0.0105
    Contrastive:    0.0330
    Triplet:        0.0000
    Total:          0.0436

  Face Loss Components (iter 500):
    Reconstruction: 0.0092
    Contrastive:    0.0018
    Triplet:        0.0000
    Total:          0.0110

  Face Loss Components (iter 600):
    Reconstruction: 0.0105
    Contrastive:    0.0390
    Triplet:        0.0000
    Total:          0.0495

  Face Loss Components (iter 700):
    Reconstruction: 0.0159
    Contrastive:    0.0159
    Triplet:        0.0000
    Total:          0.0318

  Face Loss Components (iter 800):
    Reconstruction: 0.0145
    Contrastive:    0.0171
    Triplet:        0.0000
    Total:          0.0316

  Face Loss Components (iter 900):
    Reconstruction: 0.0088
    Contrastive:    0.0201
    Triplet:        0.0000
    Total:          0.0289

  Face Loss Components (iter 1000):
    Reconstruction: 0.0119
    Contrastive:    0.0182
    Triplet:        0.0000
    Total:          0.0300

  Face Loss Components (iter 1100):
    Reconstruction: 0.0097
    Contrastive:    0.0321
    Triplet:        0.0000
    Total:          0.0417

  Face Loss Components (iter 1200):
    Reconstruction: 0.0116
    Contrastive:    0.0392
    Triplet:        0.0000
    Total:          0.0508

  Face Loss Components (iter 1300):
    Reconstruction: 0.0081
    Contrastive:    0.0104
    Triplet:        0.0000
    Total:          0.0185

  Face Loss Components (iter 1400):
    Reconstruction: 0.0069
    Contrastive:    0.0277
    Triplet:        0.0000
    Total:          0.0346

  Face Loss Components (iter 1500):
    Reconstruction: 0.0122
    Contrastive:    0.0058
    Triplet:        0.0000
    Total:          0.0180

  Face Loss Components (iter 1600):
    Reconstruction: 0.0141
    Contrastive:    0.0171
    Triplet:        0.0000
    Total:          0.0312

  Face Loss Components (iter 1700):
    Reconstruction: 0.0150
    Contrastive:    0.0268
    Triplet:        0.0000
    Total:          0.0418

  Face Loss Components (iter 1800):
    Reconstruction: 0.0162
    Contrastive:    0.0203
    Triplet:        0.0000
    Total:          0.0365

  Face Loss Components (iter 1900):
    Reconstruction: 0.0086
    Contrastive:    0.0245
    Triplet:        0.0000
    Total:          0.0331

  Face Loss Components (iter 2000):
    Reconstruction: 0.0190
    Contrastive:    0.0232
    Triplet:        0.0000
    Total:          0.0422

  Face Loss Components (iter 2100):
    Reconstruction: 0.0172
    Contrastive:    0.0363
    Triplet:        0.0000
    Total:          0.0534

  Face Loss Components (iter 2200):
    Reconstruction: 0.0150
    Contrastive:    0.0208
    Triplet:        0.0000
    Total:          0.0358

  Face Loss Components (iter 2300):
    Reconstruction: 0.0096
    Contrastive:    0.0076
    Triplet:        0.0000
    Total:          0.0172

  Face Loss Components (iter 2400):
    Reconstruction: 0.0110
    Contrastive:    0.0030
    Triplet:        0.0000
    Total:          0.0140

  Face Loss Components (iter 2500):
    Reconstruction: 0.0110
    Contrastive:    0.0092
    Triplet:        0.0000
    Total:          0.0202
===> Epoch[7]: Loss: 0.3942 || Learning rate: lr=9.98952461705737e-05.

  Face Loss Components (iter 0):
    Reconstruction: 0.0079
    Contrastive:    0.0208
    Triplet:        0.0000
    Total:          0.0287

  Face Loss Components (iter 100):
    Reconstruction: 0.0138
    Contrastive:    0.0106
    Triplet:        0.0000
    Total:          0.0244

  Face Loss Components (iter 200):
    Reconstruction: 0.0159
    Contrastive:    0.0191
    Triplet:        0.0000
    Total:          0.0350

  Face Loss Components (iter 300):
    Reconstruction: 0.0115
    Contrastive:    0.0182
    Triplet:        0.0000
    Total:          0.0297

  Face Loss Components (iter 400):
    Reconstruction: 0.0091
    Contrastive:    0.0124
    Triplet:        0.0000
    Total:          0.0215

  Face Loss Components (iter 500):
    Reconstruction: 0.0067
    Contrastive:    0.0113
    Triplet:        0.0000
    Total:          0.0180

  Face Loss Components (iter 600):
    Reconstruction: 0.0084
    Contrastive:    0.0205
    Triplet:        0.0000
    Total:          0.0290

  Face Loss Components (iter 700):
    Reconstruction: 0.0055
    Contrastive:    0.0133
    Triplet:        0.0000
    Total:          0.0188

  Face Loss Components (iter 800):
    Reconstruction: 0.0060
    Contrastive:    0.0233
    Triplet:        0.0000
    Total:          0.0293

  Face Loss Components (iter 900):
    Reconstruction: 0.0062
    Contrastive:    0.0304
    Triplet:        0.0000
    Total:          0.0366

  Face Loss Components (iter 1000):
    Reconstruction: 0.0089
    Contrastive:    0.0226
    Triplet:        0.0000
    Total:          0.0315

  Face Loss Components (iter 1100):
    Reconstruction: 0.0100
    Contrastive:    0.0096
    Triplet:        0.0000
    Total:          0.0196

  Face Loss Components (iter 1200):
    Reconstruction: 0.0157
    Contrastive:    0.0240
    Triplet:        0.0000
    Total:          0.0397

  Face Loss Components (iter 1300):
    Reconstruction: 0.0101
    Contrastive:    0.0205
    Triplet:        0.0000
    Total:          0.0306

  Face Loss Components (iter 1400):
    Reconstruction: 0.0058
    Contrastive:    0.0109
    Triplet:        0.0000
    Total:          0.0167

  Face Loss Components (iter 1500):
    Reconstruction: 0.0142
    Contrastive:    0.0142
    Triplet:        0.0000
    Total:          0.0284

  Face Loss Components (iter 1600):
    Reconstruction: 0.0115
    Contrastive:    0.0132
    Triplet:        0.0000
    Total:          0.0246

  Face Loss Components (iter 1700):
    Reconstruction: 0.0130
    Contrastive:    0.0085
    Triplet:        0.0000
    Total:          0.0215

  Face Loss Components (iter 1800):
    Reconstruction: 0.0104
    Contrastive:    0.0137
    Triplet:        0.0000
    Total:          0.0241

  Face Loss Components (iter 1900):
    Reconstruction: 0.0101
    Contrastive:    0.0037
    Triplet:        0.0000
    Total:          0.0138

  Face Loss Components (iter 2000):
    Reconstruction: 0.0137
    Contrastive:    0.0097
    Triplet:        0.0000
    Total:          0.0234

  Face Loss Components (iter 2100):
    Reconstruction: 0.0108
    Contrastive:    0.0299
    Triplet:        0.0000
    Total:          0.0407

  Face Loss Components (iter 2200):
    Reconstruction: 0.0108
    Contrastive:    0.0272
    Triplet:        0.0000
    Total:          0.0380

  Face Loss Components (iter 2300):
    Reconstruction: 0.0108
    Contrastive:    0.0070
    Triplet:        0.0000
    Total:          0.0179

  Face Loss Components (iter 2400):
    Reconstruction: 0.0171
    Contrastive:    0.0046
    Triplet:        0.0000
    Total:          0.0217

  Face Loss Components (iter 2500):
    Reconstruction: 0.0150
    Contrastive:    0.0195
    Triplet:        0.0000
    Total:          0.0345
===> Epoch[8]: Loss: 0.3868 || Learning rate: lr=9.976440688727237e-05.

  Face Loss Components (iter 0):
    Reconstruction: 0.0089
    Contrastive:    0.0327
    Triplet:        0.0000
    Total:          0.0416

  Face Loss Components (iter 100):
    Reconstruction: 0.0158
    Contrastive:    0.0186
    Triplet:        0.0000
    Total:          0.0344

  Face Loss Components (iter 200):
    Reconstruction: 0.0117
    Contrastive:    0.0047
    Triplet:        0.0000
    Total:          0.0164

  Face Loss Components (iter 300):
    Reconstruction: 0.0092
    Contrastive:    0.0081
    Triplet:        0.0000
    Total:          0.0174

  Face Loss Components (iter 400):
    Reconstruction: 0.0100
    Contrastive:    0.0160
    Triplet:        0.0000
    Total:          0.0260

  Face Loss Components (iter 500):
    Reconstruction: 0.0134
    Contrastive:    0.0350
    Triplet:        0.0000
    Total:          0.0483

  Face Loss Components (iter 600):
    Reconstruction: 0.0061
    Contrastive:    0.0112
    Triplet:        0.0000
    Total:          0.0173

  Face Loss Components (iter 700):
    Reconstruction: 0.0135
    Contrastive:    0.0258
    Triplet:        0.0000
    Total:          0.0393

  Face Loss Components (iter 800):
    Reconstruction: 0.0142
    Contrastive:    0.0173
    Triplet:        0.0000
    Total:          0.0314

  Face Loss Components (iter 900):
    Reconstruction: 0.0083
    Contrastive:    0.0139
    Triplet:        0.0000
    Total:          0.0222

  Face Loss Components (iter 1000):
    Reconstruction: 0.0121
    Contrastive:    0.0142
    Triplet:        0.0000
    Total:          0.0262

  Face Loss Components (iter 1100):
    Reconstruction: 0.0100
    Contrastive:    0.0223
    Triplet:        0.0000
    Total:          0.0323

  Face Loss Components (iter 1200):
    Reconstruction: 0.0133
    Contrastive:    0.0086
    Triplet:        0.0000
    Total:          0.0219

  Face Loss Components (iter 1300):
    Reconstruction: 0.0189
    Contrastive:    0.0165
    Triplet:        0.0000
    Total:          0.0354

  Face Loss Components (iter 1400):
    Reconstruction: 0.0121
    Contrastive:    0.0243
    Triplet:        0.0000
    Total:          0.0364

  Face Loss Components (iter 1500):
    Reconstruction: 0.0139
    Contrastive:    0.0207
    Triplet:        0.0000
    Total:          0.0346

  Face Loss Components (iter 1600):
    Reconstruction: 0.0089
    Contrastive:    0.0187
    Triplet:        0.0000
    Total:          0.0276

  Face Loss Components (iter 1700):
    Reconstruction: 0.0154
    Contrastive:    0.0064
    Triplet:        0.0000
    Total:          0.0219

  Face Loss Components (iter 1800):
    Reconstruction: 0.0090
    Contrastive:    0.0050
    Triplet:        0.0000
    Total:          0.0139

  Face Loss Components (iter 1900):
    Reconstruction: 0.0144
    Contrastive:    0.0058
    Triplet:        0.0000
    Total:          0.0202

  Face Loss Components (iter 2000):
    Reconstruction: 0.0142
    Contrastive:    0.0191
    Triplet:        0.0000
    Total:          0.0332

  Face Loss Components (iter 2100):
    Reconstruction: 0.0090
    Contrastive:    0.0323
    Triplet:        0.0000
    Total:          0.0412

  Face Loss Components (iter 2200):
    Reconstruction: 0.0099
    Contrastive:    0.0242
    Triplet:        0.0000
    Total:          0.0340

  Face Loss Components (iter 2300):
    Reconstruction: 0.0161
    Contrastive:    0.0137
    Triplet:        0.0000
    Total:          0.0298

  Face Loss Components (iter 2400):
    Reconstruction: 0.0157
    Contrastive:    0.0157
    Triplet:        0.0000
    Total:          0.0314

  Face Loss Components (iter 2500):
    Reconstruction: 0.0113
    Contrastive:    0.0207
    Triplet:        0.0000
    Total:          0.0319
===> Epoch[9]: Loss: 0.3801 || Learning rate: lr=9.958142405625995e-05.
/home/hpc4090/jamal_fr/eval.py:40: FutureWarning: You are using `torch.load` with `weights_only=False` (the current default value), which uses the default pickle module implicitly. It is possible to construct malicious pickle data which will execute arbitrary code during unpickling (See https://github.com/pytorch/pytorch/blob/main/SECURITY.md#untrusted-models for more details). In a future release, the default value for `weights_only` will be flipped to `True`. This limits the functions that could be executed during unpickling. Arbitrary objects will no longer be allowed to be loaded via this mode unless they are explicitly allowlisted by the user via `torch.serialization.add_safe_globals`. We recommend you start setting `weights_only=True` for any use case where you don't have full control of the loaded file. Please open an issue on GitHub for any issues related to this experimental feature.
  model.load_state_dict(torch.load(model_path, map_location=lambda storage, loc: storage))

  Face Loss Components (iter 0):
    Reconstruction: 0.0101
    Contrastive:    0.0135
    Triplet:        0.0000
    Total:          0.0235

  Face Loss Components (iter 100):
    Reconstruction: 0.0158
    Contrastive:    0.0140
    Triplet:        0.0000
    Total:          0.0298

  Face Loss Components (iter 200):
    Reconstruction: 0.0139
    Contrastive:    0.0169
    Triplet:        0.0000
    Total:          0.0308

  Face Loss Components (iter 300):
    Reconstruction: 0.0146
    Contrastive:    0.0287
    Triplet:        0.0000
    Total:          0.0433

  Face Loss Components (iter 400):
    Reconstruction: 0.0121
    Contrastive:    0.0110
    Triplet:        0.0000
    Total:          0.0231

  Face Loss Components (iter 500):
    Reconstruction: 0.0090
    Contrastive:    0.0038
    Triplet:        0.0000
    Total:          0.0128

  Face Loss Components (iter 600):
    Reconstruction: 0.0101
    Contrastive:    0.0286
    Triplet:        0.0000
    Total:          0.0388

  Face Loss Components (iter 700):
    Reconstruction: 0.0086
    Contrastive:    0.0459
    Triplet:        0.0000
    Total:          0.0544

  Face Loss Components (iter 800):
    Reconstruction: 0.0091
    Contrastive:    0.0041
    Triplet:        0.0000
    Total:          0.0132

  Face Loss Components (iter 900):
    Reconstruction: 0.0071
    Contrastive:    0.0183
    Triplet:        0.0000
    Total:          0.0254

  Face Loss Components (iter 1000):
    Reconstruction: 0.0054
    Contrastive:    0.0047
    Triplet:        0.0000
    Total:          0.0101

  Face Loss Components (iter 1100):
    Reconstruction: 0.0092
    Contrastive:    0.0165
    Triplet:        0.0000
    Total:          0.0257

  Face Loss Components (iter 1200):
    Reconstruction: 0.0106
    Contrastive:    0.0165
    Triplet:        0.0000
    Total:          0.0271

  Face Loss Components (iter 1300):
    Reconstruction: 0.0076
    Contrastive:    0.0144
    Triplet:        0.0000
    Total:          0.0221

  Face Loss Components (iter 1400):
    Reconstruction: 0.0094
    Contrastive:    0.0050
    Triplet:        0.0000
    Total:          0.0144

  Face Loss Components (iter 1500):
    Reconstruction: 0.0128
    Contrastive:    0.0208
    Triplet:        0.0000
    Total:          0.0336

  Face Loss Components (iter 1600):
    Reconstruction: 0.0136
    Contrastive:    0.0094
    Triplet:        0.0000
    Total:          0.0231

  Face Loss Components (iter 1700):
    Reconstruction: 0.0093
    Contrastive:    0.0431
    Triplet:        0.0000
    Total:          0.0523

  Face Loss Components (iter 1800):
    Reconstruction: 0.0144
    Contrastive:    0.0019
    Triplet:        0.0000
    Total:          0.0163

  Face Loss Components (iter 1900):
    Reconstruction: 0.0196
    Contrastive:    0.0515
    Triplet:        0.0000
    Total:          0.0711

  Face Loss Components (iter 2000):
    Reconstruction: 0.0094
    Contrastive:    0.0164
    Triplet:        0.0000
    Total:          0.0258

  Face Loss Components (iter 2100):
    Reconstruction: 0.0188
    Contrastive:    0.0112
    Triplet:        0.0000
    Total:          0.0299

  Face Loss Components (iter 2200):
    Reconstruction: 0.0127
    Contrastive:    0.0121
    Triplet:        0.0000
    Total:          0.0248

  Face Loss Components (iter 2300):
    Reconstruction: 0.0141
    Contrastive:    0.0165
    Triplet:        0.0000
    Total:          0.0306

  Face Loss Components (iter 2400):
    Reconstruction: 0.0103
    Contrastive:    0.0143
    Triplet:        0.0000
    Total:          0.0246

  Face Loss Components (iter 2500):
    Reconstruction: 0.0130
    Contrastive:    0.0312
    Triplet:        0.0000
    Total:          0.0442
===> Epoch[10]: Loss: 0.3741 || Learning rate: lr=9.934648960125785e-05.
Checkpoint saved to ./weights/train/epoch_10.pth
Pre-trained model is loaded.
Evaluation:
/home/hpc4090/miniconda3/envs/jamal/lib/python3.12/site-packages/torchvision/models/_utils.py:223: UserWarning: Arguments other than a weight enum or `None` for 'weights' are deprecated since 0.13 and may be removed in the future. The current behavior is equivalent to passing `weights=AlexNet_Weights.IMAGENET1K_V1`. You can also use `weights=AlexNet_Weights.DEFAULT` to get the most up-to-date weights.
  warnings.warn(msg)
/home/hpc4090/miniconda3/envs/jamal/lib/python3.12/site-packages/lpips/lpips.py:107: FutureWarning: You are using `torch.load` with `weights_only=False` (the current default value), which uses the default pickle module implicitly. It is possible to construct malicious pickle data which will execute arbitrary code during unpickling (See https://github.com/pytorch/pytorch/blob/main/SECURITY.md#untrusted-models for more details). In a future release, the default value for `weights_only` will be flipped to `True`. This limits the functions that could be executed during unpickling. Arbitrary objects will no longer be allowed to be loaded via this mode unless they are explicitly allowlisted by the user via `torch.serialization.add_safe_globals`. We recommend you start setting `weights_only=True` for any use case where you don't have full control of the loaded file. Please open an issue on GitHub for any issues related to this experimental feature.
  self.load_state_dict(torch.load(model_path, map_location='cpu'), strict=False)
===> End evaluation
Setting up [LPIPS] perceptual loss: trunk [alex], v[0.1], spatial [off]
Loading model from: /home/hpc4090/miniconda3/envs/jamal/lib/python3.12/site-packages/lpips/weights/v0.1/alex.pth
===> Avg.PSNR: 31.1131 dB 
===> Avg.SSIM: 0.8944 
===> Avg.LPIPS: 0.1072 
[31.113139814494996]
[0.8944346425384574]
[0.10720190010708973]

  Face Loss Components (iter 0):
    Reconstruction: 0.0106
    Contrastive:    0.0306
    Triplet:        0.0000
    Total:          0.0412

  Face Loss Components (iter 100):
    Reconstruction: 0.0138
    Contrastive:    0.0137
    Triplet:        0.0000
    Total:          0.0275

  Face Loss Components (iter 200):
    Reconstruction: 0.0116
    Contrastive:    0.0130
    Triplet:        0.0000
    Total:          0.0245

  Face Loss Components (iter 300):
    Reconstruction: 0.0126
    Contrastive:    0.0204
    Triplet:        0.0000
    Total:          0.0330

  Face Loss Components (iter 400):
    Reconstruction: 0.0112
    Contrastive:    0.0113
    Triplet:        0.0000
    Total:          0.0225

  Face Loss Components (iter 500):
    Reconstruction: 0.0114
    Contrastive:    0.0104
    Triplet:        0.0000
    Total:          0.0218

  Face Loss Components (iter 600):
    Reconstruction: 0.0108
    Contrastive:    0.0461
    Triplet:        0.0000
    Total:          0.0568

  Face Loss Components (iter 700):
    Reconstruction: 0.0065
    Contrastive:    0.0287
    Triplet:        0.0000
    Total:          0.0352

  Face Loss Components (iter 800):
    Reconstruction: 0.0122
    Contrastive:    0.0271
    Triplet:        0.0000
    Total:          0.0394

  Face Loss Components (iter 900):
    Reconstruction: 0.0089
    Contrastive:    0.0351
    Triplet:        0.0000
    Total:          0.0441

  Face Loss Components (iter 1000):
    Reconstruction: 0.0129
    Contrastive:    0.0105
    Triplet:        0.0000
    Total:          0.0234

  Face Loss Components (iter 1100):
    Reconstruction: 0.0096
    Contrastive:    0.0031
    Triplet:        0.0000
    Total:          0.0127

  Face Loss Components (iter 1200):
    Reconstruction: 0.0126
    Contrastive:    0.0242
    Triplet:        0.0000
    Total:          0.0368

  Face Loss Components (iter 1300):
    Reconstruction: 0.0094
    Contrastive:    0.0138
    Triplet:        0.0000
    Total:          0.0233

  Face Loss Components (iter 1400):
    Reconstruction: 0.0116
    Contrastive:    0.0167
    Triplet:        0.0000
    Total:          0.0283

  Face Loss Components (iter 1500):
    Reconstruction: 0.0108
    Contrastive:    0.0134
    Triplet:        0.0000
    Total:          0.0242

  Face Loss Components (iter 1600):
    Reconstruction: 0.0135
    Contrastive:    0.0136
    Triplet:        0.0000
    Total:          0.0271

  Face Loss Components (iter 1700):
    Reconstruction: 0.0092
    Contrastive:    0.0228
    Triplet:        0.0000
    Total:          0.0321

  Face Loss Components (iter 1800):
    Reconstruction: 0.0163
    Contrastive:    0.0155
    Triplet:        0.0000
    Total:          0.0318

  Face Loss Components (iter 1900):
    Reconstruction: 0.0089
    Contrastive:    0.0232
    Triplet:        0.0000
    Total:          0.0321

  Face Loss Components (iter 2000):
    Reconstruction: 0.0135
    Contrastive:    0.0084
    Triplet:        0.0000
    Total:          0.0220

  Face Loss Components (iter 2100):
    Reconstruction: 0.0139
    Contrastive:    0.0193
    Triplet:        0.0000
    Total:          0.0332

  Face Loss Components (iter 2200):
    Reconstruction: 0.0094
    Contrastive:    0.0097
    Triplet:        0.0000
    Total:          0.0192

  Face Loss Components (iter 2300):
    Reconstruction: 0.0111
    Contrastive:    0.0082
    Triplet:        0.0000
    Total:          0.0193

  Face Loss Components (iter 2400):
    Reconstruction: 0.0081
    Contrastive:    0.0107
    Triplet:        0.0000
    Total:          0.0188

  Face Loss Components (iter 2500):
    Reconstruction: 0.0097
    Contrastive:    0.0273
    Triplet:        0.0000
    Total:          0.0371
===> Epoch[11]: Loss: 0.3678 || Learning rate: lr=9.905984993606704e-05.

  Face Loss Components (iter 0):
    Reconstruction: 0.0137
    Contrastive:    0.0047
    Triplet:        0.0000
    Total:          0.0184

  Face Loss Components (iter 100):
    Reconstruction: 0.0103
    Contrastive:    0.0213
    Triplet:        0.0000
    Total:          0.0316

  Face Loss Components (iter 200):
    Reconstruction: 0.0144
    Contrastive:    0.0177
    Triplet:        0.0000
    Total:          0.0322

  Face Loss Components (iter 300):
    Reconstruction: 0.0098
    Contrastive:    0.0094
    Triplet:        0.0000
    Total:          0.0192

  Face Loss Components (iter 400):
    Reconstruction: 0.0052
    Contrastive:    0.0037
    Triplet:        0.0000
    Total:          0.0089

  Face Loss Components (iter 500):
    Reconstruction: 0.0146
    Contrastive:    0.0229
    Triplet:        0.0000
    Total:          0.0375

  Face Loss Components (iter 600):
    Reconstruction: 0.0103
    Contrastive:    0.0049
    Triplet:        0.0000
    Total:          0.0152

  Face Loss Components (iter 700):
    Reconstruction: 0.0129
    Contrastive:    0.0252
    Triplet:        0.0000
    Total:          0.0381

  Face Loss Components (iter 800):
    Reconstruction: 0.0082
    Contrastive:    0.0471
    Triplet:        0.0000
    Total:          0.0554

  Face Loss Components (iter 900):
    Reconstruction: 0.0092
    Contrastive:    0.0522
    Triplet:        0.0000
    Total:          0.0615

  Face Loss Components (iter 1000):
    Reconstruction: 0.0068
    Contrastive:    0.0227
    Triplet:        0.0000
    Total:          0.0296

  Face Loss Components (iter 1100):
    Reconstruction: 0.0066
    Contrastive:    0.0067
    Triplet:        0.0000
    Total:          0.0134

  Face Loss Components (iter 1200):
    Reconstruction: 0.0098
    Contrastive:    0.0318
    Triplet:        0.0000
    Total:          0.0417

  Face Loss Components (iter 1300):
    Reconstruction: 0.0073
    Contrastive:    0.0089
    Triplet:        0.0000
    Total:          0.0162

  Face Loss Components (iter 1400):
    Reconstruction: 0.0122
    Contrastive:    0.0166
    Triplet:        0.0000
    Total:          0.0288

  Face Loss Components (iter 1500):
    Reconstruction: 0.0090
    Contrastive:    0.0261
    Triplet:        0.0000
    Total:          0.0350

  Face Loss Components (iter 1600):
    Reconstruction: 0.0087
    Contrastive:    0.0205
    Triplet:        0.0000
    Total:          0.0292

  Face Loss Components (iter 1700):
    Reconstruction: 0.0086
    Contrastive:    0.0157
    Triplet:        0.0000
    Total:          0.0243

  Face Loss Components (iter 1800):
    Reconstruction: 0.0109
    Contrastive:    0.0073
    Triplet:        0.0000
    Total:          0.0182

  Face Loss Components (iter 1900):
    Reconstruction: 0.0168
    Contrastive:    0.0242
    Triplet:        0.0000
    Total:          0.0410

  Face Loss Components (iter 2000):
    Reconstruction: 0.0153
    Contrastive:    0.0088
    Triplet:        0.0000
    Total:          0.0241

  Face Loss Components (iter 2100):
    Reconstruction: 0.0127
    Contrastive:    0.0037
    Triplet:        0.0000
    Total:          0.0164

  Face Loss Components (iter 2200):
    Reconstruction: 0.0103
    Contrastive:    0.0083
    Triplet:        0.0000
    Total:          0.0186

  Face Loss Components (iter 2300):
    Reconstruction: 0.0163
    Contrastive:    0.0345
    Triplet:        0.0000
    Total:          0.0508

  Face Loss Components (iter 2400):
    Reconstruction: 0.0110
    Contrastive:    0.0057
    Triplet:        0.0000
    Total:          0.0168

  Face Loss Components (iter 2500):
    Reconstruction: 0.0120
    Contrastive:    0.0082
    Triplet:        0.0000
    Total:          0.0202
===> Epoch[12]: Loss: 0.3637 || Learning rate: lr=9.872180570611396e-05.

  Face Loss Components (iter 0):
    Reconstruction: 0.0157
    Contrastive:    0.0451
    Triplet:        0.0000
    Total:          0.0608

  Face Loss Components (iter 100):
    Reconstruction: 0.0082
    Contrastive:    0.0345
    Triplet:        0.0000
    Total:          0.0427

  Face Loss Components (iter 200):
    Reconstruction: 0.0128
    Contrastive:    0.0119
    Triplet:        0.0000
    Total:          0.0247

  Face Loss Components (iter 300):
    Reconstruction: 0.0062
    Contrastive:    0.0113
    Triplet:        0.0000
    Total:          0.0175

  Face Loss Components (iter 400):
    Reconstruction: 0.0062
    Contrastive:    0.0441
    Triplet:        0.0000
    Total:          0.0503

  Face Loss Components (iter 500):
    Reconstruction: 0.0100
    Contrastive:    0.0089
    Triplet:        0.0000
    Total:          0.0189

  Face Loss Components (iter 600):
    Reconstruction: 0.0123
    Contrastive:    0.0067
    Triplet:        0.0000
    Total:          0.0189

  Face Loss Components (iter 700):
    Reconstruction: 0.0139
    Contrastive:    0.0204
    Triplet:        0.0000
    Total:          0.0343

  Face Loss Components (iter 800):
    Reconstruction: 0.0113
    Contrastive:    0.0195
    Triplet:        0.0000
    Total:          0.0309

  Face Loss Components (iter 900):
    Reconstruction: 0.0118
    Contrastive:    0.0085
    Triplet:        0.0000
    Total:          0.0203

  Face Loss Components (iter 1000):
    Reconstruction: 0.0191
    Contrastive:    0.0233
    Triplet:        0.0000
    Total:          0.0424

  Face Loss Components (iter 1100):
    Reconstruction: 0.0131
    Contrastive:    0.0273
    Triplet:        0.0000
    Total:          0.0404

  Face Loss Components (iter 1200):
    Reconstruction: 0.0152
    Contrastive:    0.0090
    Triplet:        0.0000
    Total:          0.0243

  Face Loss Components (iter 1300):
    Reconstruction: 0.0099
    Contrastive:    0.0085
    Triplet:        0.0000
    Total:          0.0183

  Face Loss Components (iter 1400):
    Reconstruction: 0.0119
    Contrastive:    0.0462
    Triplet:        0.0000
    Total:          0.0580

  Face Loss Components (iter 1500):
    Reconstruction: 0.0095
    Contrastive:    0.0076
    Triplet:        0.0000
    Total:          0.0171

  Face Loss Components (iter 1600):
    Reconstruction: 0.0038
    Contrastive:    0.0725
    Triplet:        0.0000
    Total:          0.0763

  Face Loss Components (iter 1700):
    Reconstruction: 0.0099
    Contrastive:    0.0151
    Triplet:        0.0000
    Total:          0.0251

  Face Loss Components (iter 1800):
    Reconstruction: 0.0078
    Contrastive:    0.0116
    Triplet:        0.0000
    Total:          0.0193

  Face Loss Components (iter 1900):
    Reconstruction: 0.0097
    Contrastive:    0.0151
    Triplet:        0.0000
    Total:          0.0248

  Face Loss Components (iter 2000):
    Reconstruction: 0.0103
    Contrastive:    0.0038
    Triplet:        0.0000
    Total:          0.0141

  Face Loss Components (iter 2100):
    Reconstruction: 0.0137
    Contrastive:    0.0241
    Triplet:        0.0000
    Total:          0.0378

  Face Loss Components (iter 2200):
    Reconstruction: 0.0144
    Contrastive:    0.0665
    Triplet:        0.0000
    Total:          0.0810

  Face Loss Components (iter 2300):
    Reconstruction: 0.0023
    Contrastive:    0.0114
    Triplet:        0.0000
    Total:          0.0137

  Face Loss Components (iter 2400):
    Reconstruction: 0.0064
    Contrastive:    0.0276
    Triplet:        0.0000
    Total:          0.0340

  Face Loss Components (iter 2500):
    Reconstruction: 0.0140
    Contrastive:    0.0221
    Triplet:        0.0000
    Total:          0.0361
===> Epoch[13]: Loss: 0.3605 || Learning rate: lr=9.833271147311494e-05.

  Face Loss Components (iter 0):
    Reconstruction: 0.0082
    Contrastive:    0.0163
    Triplet:        0.0000
    Total:          0.0245

  Face Loss Components (iter 100):
    Reconstruction: 0.0095
    Contrastive:    0.0133
    Triplet:        0.0000
    Total:          0.0227

  Face Loss Components (iter 200):
    Reconstruction: 0.0104
    Contrastive:    0.0165
    Triplet:        0.0000
    Total:          0.0269

  Face Loss Components (iter 300):
    Reconstruction: 0.0088
    Contrastive:    0.0100
    Triplet:        0.0000
    Total:          0.0187

  Face Loss Components (iter 400):
    Reconstruction: 0.0085
    Contrastive:    0.0048
    Triplet:        0.0000
    Total:          0.0132

  Face Loss Components (iter 500):
    Reconstruction: 0.0058
    Contrastive:    0.0220
    Triplet:        0.0000
    Total:          0.0278

  Face Loss Components (iter 600):
    Reconstruction: 0.0197
    Contrastive:    0.0173
    Triplet:        0.0000
    Total:          0.0370

  Face Loss Components (iter 700):
    Reconstruction: 0.0145
    Contrastive:    0.0208
    Triplet:        0.0000
    Total:          0.0352

  Face Loss Components (iter 800):
    Reconstruction: 0.0083
    Contrastive:    0.0228
    Triplet:        0.0000
    Total:          0.0310

  Face Loss Components (iter 900):
    Reconstruction: 0.0097
    Contrastive:    0.0285
    Triplet:        0.0000
    Total:          0.0382

  Face Loss Components (iter 1000):
    Reconstruction: 0.0098
    Contrastive:    0.0336
    Triplet:        0.0000
    Total:          0.0433

  Face Loss Components (iter 1100):
    Reconstruction: 0.0067
    Contrastive:    0.0112
    Triplet:        0.0000
    Total:          0.0178

  Face Loss Components (iter 1200):
    Reconstruction: 0.0109
    Contrastive:    0.0105
    Triplet:        0.0000
    Total:          0.0214

  Face Loss Components (iter 1300):
    Reconstruction: 0.0075
    Contrastive:    0.0331
    Triplet:        0.0000
    Total:          0.0406

  Face Loss Components (iter 1400):
    Reconstruction: 0.0083
    Contrastive:    0.0083
    Triplet:        0.0000
    Total:          0.0166

  Face Loss Components (iter 1500):
    Reconstruction: 0.0124
    Contrastive:    0.0203
    Triplet:        0.0000
    Total:          0.0327

  Face Loss Components (iter 1600):
    Reconstruction: 0.0116
    Contrastive:    0.0121
    Triplet:        0.0000
    Total:          0.0238

  Face Loss Components (iter 1700):
    Reconstruction: 0.0145
    Contrastive:    0.0048
    Triplet:        0.0000
    Total:          0.0193

  Face Loss Components (iter 1800):
    Reconstruction: 0.0137
    Contrastive:    0.0091
    Triplet:        0.0000
    Total:          0.0228

  Face Loss Components (iter 1900):
    Reconstruction: 0.0112
    Contrastive:    0.0052
    Triplet:        0.0000
    Total:          0.0164

  Face Loss Components (iter 2000):
    Reconstruction: 0.0095
    Contrastive:    0.0080
    Triplet:        0.0000
    Total:          0.0175

  Face Loss Components (iter 2100):
    Reconstruction: 0.0106
    Contrastive:    0.0127
    Triplet:        0.0000
    Total:          0.0234

  Face Loss Components (iter 2200):
    Reconstruction: 0.0102
    Contrastive:    0.0248
    Triplet:        0.0000
    Total:          0.0350

  Face Loss Components (iter 2300):
    Reconstruction: 0.0084
    Contrastive:    0.0154
    Triplet:        0.0000
    Total:          0.0238

  Face Loss Components (iter 2400):
    Reconstruction: 0.0105
    Contrastive:    0.0171
    Triplet:        0.0000
    Total:          0.0276

  Face Loss Components (iter 2500):
    Reconstruction: 0.0103
    Contrastive:    0.0199
    Triplet:        0.0000
    Total:          0.0302
===> Epoch[14]: Loss: 0.3564 || Learning rate: lr=9.789297534318995e-05.

  Face Loss Components (iter 0):
    Reconstruction: 0.0107
    Contrastive:    0.0119
    Triplet:        0.0000
    Total:          0.0225

  Face Loss Components (iter 100):
    Reconstruction: 0.0139
    Contrastive:    0.0454
    Triplet:        0.0000
    Total:          0.0593

  Face Loss Components (iter 200):
    Reconstruction: 0.0097
    Contrastive:    0.0074
    Triplet:        0.0000
    Total:          0.0171

  Face Loss Components (iter 300):
    Reconstruction: 0.0099
    Contrastive:    0.0165
    Triplet:        0.0000
    Total:          0.0264

  Face Loss Components (iter 400):
    Reconstruction: 0.0132
    Contrastive:    0.0089
    Triplet:        0.0000
    Total:          0.0221

  Face Loss Components (iter 500):
    Reconstruction: 0.0094
    Contrastive:    0.0339
    Triplet:        0.0000
    Total:          0.0433

  Face Loss Components (iter 600):
    Reconstruction: 0.0117
    Contrastive:    0.0069
    Triplet:        0.0000
    Total:          0.0186

  Face Loss Components (iter 700):
    Reconstruction: 0.0059
    Contrastive:    0.0402
    Triplet:        0.0000
    Total:          0.0461

  Face Loss Components (iter 800):
    Reconstruction: 0.0065
    Contrastive:    0.0117
    Triplet:        0.0000
    Total:          0.0182

  Face Loss Components (iter 900):
    Reconstruction: 0.0071
    Contrastive:    0.0307
    Triplet:        0.0000
    Total:          0.0378

  Face Loss Components (iter 1000):
    Reconstruction: 0.0103
    Contrastive:    0.0351
    Triplet:        0.0000
    Total:          0.0454

  Face Loss Components (iter 1100):
    Reconstruction: 0.0061
    Contrastive:    0.0232
    Triplet:        0.0000
    Total:          0.0293

  Face Loss Components (iter 1200):
    Reconstruction: 0.0085
    Contrastive:    0.0242
    Triplet:        0.0000
    Total:          0.0327

  Face Loss Components (iter 1300):
    Reconstruction: 0.0080
    Contrastive:    0.0153
    Triplet:        0.0000
    Total:          0.0233

  Face Loss Components (iter 1400):
    Reconstruction: 0.0058
    Contrastive:    0.0042
    Triplet:        0.0000
    Total:          0.0100

  Face Loss Components (iter 1500):
    Reconstruction: 0.0124
    Contrastive:    0.0243
    Triplet:        0.0000
    Total:          0.0367

  Face Loss Components (iter 1600):
    Reconstruction: 0.0141
    Contrastive:    0.0074
    Triplet:        0.0000
    Total:          0.0215

  Face Loss Components (iter 1700):
    Reconstruction: 0.0112
    Contrastive:    0.0335
    Triplet:        0.0000
    Total:          0.0447

  Face Loss Components (iter 1800):
    Reconstruction: 0.0146
    Contrastive:    0.0201
    Triplet:        0.0000
    Total:          0.0347

  Face Loss Components (iter 1900):
    Reconstruction: 0.0166
    Contrastive:    0.0181
    Triplet:        0.0000
    Total:          0.0347

  Face Loss Components (iter 2000):
    Reconstruction: 0.0137
    Contrastive:    0.0260
    Triplet:        0.0000
    Total:          0.0397

  Face Loss Components (iter 2100):
    Reconstruction: 0.0094
    Contrastive:    0.0223
    Triplet:        0.0000
    Total:          0.0317

  Face Loss Components (iter 2200):
    Reconstruction: 0.0053
    Contrastive:    0.0125
    Triplet:        0.0000
    Total:          0.0178

  Face Loss Components (iter 2300):
    Reconstruction: 0.0146
    Contrastive:    0.0428
    Triplet:        0.0000
    Total:          0.0573

  Face Loss Components (iter 2400):
    Reconstruction: 0.0062
    Contrastive:    0.0030
    Triplet:        0.0000
    Total:          0.0092

  Face Loss Components (iter 2500):
    Reconstruction: 0.0077
    Contrastive:    0.0121
    Triplet:        0.0000
    Total:          0.0197
===> Epoch[15]: Loss: 0.3535 || Learning rate: lr=9.740305853881571e-05.

  Face Loss Components (iter 0):
    Reconstruction: 0.0074
    Contrastive:    0.0111
    Triplet:        0.0000
    Total:          0.0185

  Face Loss Components (iter 100):
    Reconstruction: 0.0087
    Contrastive:    0.0286
    Triplet:        0.0000
    Total:          0.0373

  Face Loss Components (iter 200):
    Reconstruction: 0.0113
    Contrastive:    0.0220
    Triplet:        0.0000
    Total:          0.0333

  Face Loss Components (iter 300):
    Reconstruction: 0.0134
    Contrastive:    0.0381
    Triplet:        0.0000
    Total:          0.0515

  Face Loss Components (iter 400):
    Reconstruction: 0.0095
    Contrastive:    0.0207
    Triplet:        0.0000
    Total:          0.0302

  Face Loss Components (iter 500):
    Reconstruction: 0.0131
    Contrastive:    0.0093
    Triplet:        0.0000
    Total:          0.0224

  Face Loss Components (iter 600):
    Reconstruction: 0.0083
    Contrastive:    0.0187
    Triplet:        0.0000
    Total:          0.0270

  Face Loss Components (iter 700):
    Reconstruction: 0.0142
    Contrastive:    0.0101
    Triplet:        0.0000
    Total:          0.0243

  Face Loss Components (iter 800):
    Reconstruction: 0.0130
    Contrastive:    0.0319
    Triplet:        0.0000
    Total:          0.0449

  Face Loss Components (iter 900):
    Reconstruction: 0.0108
    Contrastive:    0.0686
    Triplet:        0.0000
    Total:          0.0794

  Face Loss Components (iter 1000):
    Reconstruction: 0.0088
    Contrastive:    0.0224
    Triplet:        0.0000
    Total:          0.0312

  Face Loss Components (iter 1100):
    Reconstruction: 0.0045
    Contrastive:    0.0089
    Triplet:        0.0000
    Total:          0.0135

  Face Loss Components (iter 1200):
    Reconstruction: 0.0126
    Contrastive:    0.0143
    Triplet:        0.0000
    Total:          0.0269

  Face Loss Components (iter 1300):
    Reconstruction: 0.0129
    Contrastive:    0.0228
    Triplet:        0.0000
    Total:          0.0357

  Face Loss Components (iter 1400):
    Reconstruction: 0.0125
    Contrastive:    0.0254
    Triplet:        0.0000
    Total:          0.0379

  Face Loss Components (iter 1500):
    Reconstruction: 0.0094
    Contrastive:    0.0169
    Triplet:        0.0000
    Total:          0.0263

  Face Loss Components (iter 1600):
    Reconstruction: 0.0097
    Contrastive:    0.0154
    Triplet:        0.0000
    Total:          0.0251

  Face Loss Components (iter 1700):
    Reconstruction: 0.0113
    Contrastive:    0.0150
    Triplet:        0.0000
    Total:          0.0262

  Face Loss Components (iter 1800):
    Reconstruction: 0.0039
    Contrastive:    0.0149
    Triplet:        0.0000
    Total:          0.0188

  Face Loss Components (iter 1900):
    Reconstruction: 0.0146
    Contrastive:    0.0030
    Triplet:        0.0000
    Total:          0.0176

  Face Loss Components (iter 2000):
    Reconstruction: 0.0082
    Contrastive:    0.0315
    Triplet:        0.0000
    Total:          0.0397

  Face Loss Components (iter 2100):
    Reconstruction: 0.0164
    Contrastive:    0.0336
    Triplet:        0.0000
    Total:          0.0500

  Face Loss Components (iter 2200):
    Reconstruction: 0.0096
    Contrastive:    0.0181
    Triplet:        0.0000
    Total:          0.0276

  Face Loss Components (iter 2300):
    Reconstruction: 0.0134
    Contrastive:    0.0066
    Triplet:        0.0000
    Total:          0.0200

  Face Loss Components (iter 2400):
    Reconstruction: 0.0078
    Contrastive:    0.0041
    Triplet:        0.0000
    Total:          0.0119

  Face Loss Components (iter 2500):
    Reconstruction: 0.0136
    Contrastive:    0.0163
    Triplet:        0.0000
    Total:          0.0299
===> Epoch[16]: Loss: 0.3502 || Learning rate: lr=9.686347491506688e-05.

  Face Loss Components (iter 0):
    Reconstruction: 0.0085
    Contrastive:    0.0104
    Triplet:        0.0000
    Total:          0.0190

  Face Loss Components (iter 100):
    Reconstruction: 0.0136
    Contrastive:    0.0273
    Triplet:        0.0000
    Total:          0.0409

  Face Loss Components (iter 200):
    Reconstruction: 0.0119
    Contrastive:    0.0049
    Triplet:        0.0000
    Total:          0.0168

  Face Loss Components (iter 300):
    Reconstruction: 0.0093
    Contrastive:    0.0340
    Triplet:        0.0000
    Total:          0.0434

  Face Loss Components (iter 400):
    Reconstruction: 0.0088
    Contrastive:    0.0203
    Triplet:        0.0000
    Total:          0.0291

  Face Loss Components (iter 500):
    Reconstruction: 0.0115
    Contrastive:    0.0111
    Triplet:        0.0000
    Total:          0.0226

  Face Loss Components (iter 600):
    Reconstruction: 0.0112
    Contrastive:    0.0293
    Triplet:        0.0000
    Total:          0.0405

  Face Loss Components (iter 700):
    Reconstruction: 0.0104
    Contrastive:    0.0152
    Triplet:        0.0000
    Total:          0.0256

  Face Loss Components (iter 800):
    Reconstruction: 0.0081
    Contrastive:    0.0222
    Triplet:        0.0000
    Total:          0.0303

  Face Loss Components (iter 900):
    Reconstruction: 0.0106
    Contrastive:    0.0087
    Triplet:        0.0000
    Total:          0.0194

  Face Loss Components (iter 1000):
    Reconstruction: 0.0099
    Contrastive:    0.0259
    Triplet:        0.0000
    Total:          0.0359

  Face Loss Components (iter 1100):
    Reconstruction: 0.0128
    Contrastive:    0.0122
    Triplet:        0.0000
    Total:          0.0250

  Face Loss Components (iter 1200):
    Reconstruction: 0.0139
    Contrastive:    0.0073
    Triplet:        0.0000
    Total:          0.0212

  Face Loss Components (iter 1300):
    Reconstruction: 0.0091
    Contrastive:    0.0270
    Triplet:        0.0000
    Total:          0.0362

  Face Loss Components (iter 1400):
    Reconstruction: 0.0072
    Contrastive:    0.0096
    Triplet:        0.0000
    Total:          0.0168

  Face Loss Components (iter 1500):
    Reconstruction: 0.0084
    Contrastive:    0.0443
    Triplet:        0.0000
    Total:          0.0527

  Face Loss Components (iter 1600):
    Reconstruction: 0.0021
    Contrastive:    0.0133
    Triplet:        0.0000
    Total:          0.0154

  Face Loss Components (iter 1700):
    Reconstruction: 0.0085
    Contrastive:    0.0195
    Triplet:        0.0000
    Total:          0.0280

  Face Loss Components (iter 1800):
    Reconstruction: 0.0112
    Contrastive:    0.0155
    Triplet:        0.0000
    Total:          0.0267

  Face Loss Components (iter 1900):
    Reconstruction: 0.0080
    Contrastive:    0.0160
    Triplet:        0.0000
    Total:          0.0240

  Face Loss Components (iter 2000):
    Reconstruction: 0.0114
    Contrastive:    0.0093
    Triplet:        0.0000
    Total:          0.0207

  Face Loss Components (iter 2100):
    Reconstruction: 0.0097
    Contrastive:    0.0182
    Triplet:        0.0000
    Total:          0.0278

  Face Loss Components (iter 2200):
    Reconstruction: 0.0120
    Contrastive:    0.0260
    Triplet:        0.0000
    Total:          0.0380

  Face Loss Components (iter 2300):
    Reconstruction: 0.0092
    Contrastive:    0.0242
    Triplet:        0.0000
    Total:          0.0334

  Face Loss Components (iter 2400):
    Reconstruction: 0.0074
    Contrastive:    0.0248
    Triplet:        0.0000
    Total:          0.0322

  Face Loss Components (iter 2500):
    Reconstruction: 0.0097
    Contrastive:    0.0218
    Triplet:        0.0000
    Total:          0.0315
===> Epoch[17]: Loss: 0.3475 || Learning rate: lr=9.627479042065308e-05.

  Face Loss Components (iter 0):
    Reconstruction: 0.0139
    Contrastive:    0.0187
    Triplet:        0.0000
    Total:          0.0326

  Face Loss Components (iter 100):
    Reconstruction: 0.0122
    Contrastive:    0.0113
    Triplet:        0.0000
    Total:          0.0235

  Face Loss Components (iter 200):
    Reconstruction: 0.0111
    Contrastive:    0.0275
    Triplet:        0.0000
    Total:          0.0386

  Face Loss Components (iter 300):
    Reconstruction: 0.0083
    Contrastive:    0.0232
    Triplet:        0.0000
    Total:          0.0315

  Face Loss Components (iter 400):
    Reconstruction: 0.0062
    Contrastive:    0.0235
    Triplet:        0.0000
    Total:          0.0297

  Face Loss Components (iter 500):
    Reconstruction: 0.0098
    Contrastive:    0.0400
    Triplet:        0.0000
    Total:          0.0498

  Face Loss Components (iter 600):
    Reconstruction: 0.0108
    Contrastive:    0.0149
    Triplet:        0.0000
    Total:          0.0257

  Face Loss Components (iter 700):
    Reconstruction: 0.0101
    Contrastive:    0.0077
    Triplet:        0.0000
    Total:          0.0178

  Face Loss Components (iter 800):
    Reconstruction: 0.0133
    Contrastive:    0.0079
    Triplet:        0.0000
    Total:          0.0212

  Face Loss Components (iter 900):
    Reconstruction: 0.0134
    Contrastive:    0.0400
    Triplet:        0.0000
    Total:          0.0534

  Face Loss Components (iter 1000):
    Reconstruction: 0.0084
    Contrastive:    0.0049
    Triplet:        0.0000
    Total:          0.0134

  Face Loss Components (iter 1100):
    Reconstruction: 0.0130
    Contrastive:    0.0122
    Triplet:        0.0000
    Total:          0.0252

  Face Loss Components (iter 1200):
    Reconstruction: 0.0087
    Contrastive:    0.0038
    Triplet:        0.0000
    Total:          0.0125

  Face Loss Components (iter 1300):
    Reconstruction: 0.0114
    Contrastive:    0.0101
    Triplet:        0.0000
    Total:          0.0215

  Face Loss Components (iter 1400):
    Reconstruction: 0.0069
    Contrastive:    0.0325
    Triplet:        0.0000
    Total:          0.0394

  Face Loss Components (iter 1500):
    Reconstruction: 0.0101
    Contrastive:    0.0069
    Triplet:        0.0000
    Total:          0.0171

  Face Loss Components (iter 1600):
    Reconstruction: 0.0048
    Contrastive:    0.0145
    Triplet:        0.0000
    Total:          0.0193

  Face Loss Components (iter 1700):
    Reconstruction: 0.0073
    Contrastive:    0.0188
    Triplet:        0.0000
    Total:          0.0260

  Face Loss Components (iter 1800):
    Reconstruction: 0.0115
    Contrastive:    0.0098
    Triplet:        0.0000
    Total:          0.0213

  Face Loss Components (iter 1900):
    Reconstruction: 0.0072
    Contrastive:    0.0223
    Triplet:        0.0000
    Total:          0.0295

  Face Loss Components (iter 2000):
    Reconstruction: 0.0080
    Contrastive:    0.0311
    Triplet:        0.0000
    Total:          0.0391

  Face Loss Components (iter 2100):
    Reconstruction: 0.0100
    Contrastive:    0.0362
    Triplet:        0.0000
    Total:          0.0463

  Face Loss Components (iter 2200):
    Reconstruction: 0.0104
    Contrastive:    0.0083
    Triplet:        0.0000
    Total:          0.0187

  Face Loss Components (iter 2300):
    Reconstruction: 0.0063
    Contrastive:    0.0064
    Triplet:        0.0000
    Total:          0.0127

  Face Loss Components (iter 2400):
    Reconstruction: 0.0170
    Contrastive:    0.0150
    Triplet:        0.0000
    Total:          0.0320

  Face Loss Components (iter 2500):
    Reconstruction: 0.0117
    Contrastive:    0.0105
    Triplet:        0.0000
    Total:          0.0222
===> Epoch[18]: Loss: 0.3449 || Learning rate: lr=9.563762250431694e-05.

  Face Loss Components (iter 0):
    Reconstruction: 0.0204
    Contrastive:    0.0126
    Triplet:        0.0000
    Total:          0.0330

  Face Loss Components (iter 100):
    Reconstruction: 0.0091
    Contrastive:    0.0166
    Triplet:        0.0000
    Total:          0.0256

  Face Loss Components (iter 200):
    Reconstruction: 0.0058
    Contrastive:    0.0044
    Triplet:        0.0000
    Total:          0.0101

  Face Loss Components (iter 300):
    Reconstruction: 0.0098
    Contrastive:    0.0121
    Triplet:        0.0000
    Total:          0.0219

  Face Loss Components (iter 400):
    Reconstruction: 0.0110
    Contrastive:    0.0409
    Triplet:        0.0000
    Total:          0.0518

  Face Loss Components (iter 500):
    Reconstruction: 0.0160
    Contrastive:    0.0269
    Triplet:        0.0000
    Total:          0.0429

  Face Loss Components (iter 600):
    Reconstruction: 0.0077
    Contrastive:    0.0213
    Triplet:        0.0000
    Total:          0.0291

  Face Loss Components (iter 700):
    Reconstruction: 0.0071
    Contrastive:    0.0203
    Triplet:        0.0000
    Total:          0.0274

  Face Loss Components (iter 800):
    Reconstruction: 0.0105
    Contrastive:    0.0183
    Triplet:        0.0000
    Total:          0.0289

  Face Loss Components (iter 900):
    Reconstruction: 0.0113
    Contrastive:    0.0240
    Triplet:        0.0000
    Total:          0.0353

  Face Loss Components (iter 1000):
    Reconstruction: 0.0104
    Contrastive:    0.0068
    Triplet:        0.0000
    Total:          0.0172

  Face Loss Components (iter 1100):
    Reconstruction: 0.0117
    Contrastive:    0.0526
    Triplet:        0.0000
    Total:          0.0644

  Face Loss Components (iter 1200):
    Reconstruction: 0.0065
    Contrastive:    0.0236
    Triplet:        0.0000
    Total:          0.0301

  Face Loss Components (iter 1300):
    Reconstruction: 0.0141
    Contrastive:    0.0061
    Triplet:        0.0000
    Total:          0.0202

  Face Loss Components (iter 1400):
    Reconstruction: 0.0040
    Contrastive:    0.0148
    Triplet:        0.0000
    Total:          0.0188

  Face Loss Components (iter 1500):
    Reconstruction: 0.0103
    Contrastive:    0.0272
    Triplet:        0.0000
    Total:          0.0375

  Face Loss Components (iter 1600):
    Reconstruction: 0.0105
    Contrastive:    0.0178
    Triplet:        0.0000
    Total:          0.0283

  Face Loss Components (iter 1700):
    Reconstruction: 0.0111
    Contrastive:    0.0639
    Triplet:        0.0000
    Total:          0.0750

  Face Loss Components (iter 1800):
    Reconstruction: 0.0102
    Contrastive:    0.0614
    Triplet:        0.0000
    Total:          0.0716

  Face Loss Components (iter 1900):
    Reconstruction: 0.0103
    Contrastive:    0.0241
    Triplet:        0.0000
    Total:          0.0344

  Face Loss Components (iter 2000):
    Reconstruction: 0.0102
    Contrastive:    0.0119
    Triplet:        0.0000
    Total:          0.0222

  Face Loss Components (iter 2100):
    Reconstruction: 0.0101
    Contrastive:    0.0101
    Triplet:        0.0000
    Total:          0.0202

  Face Loss Components (iter 2200):
    Reconstruction: 0.0090
    Contrastive:    0.0290
    Triplet:        0.0000
    Total:          0.0380

  Face Loss Components (iter 2300):
    Reconstruction: 0.0085
    Contrastive:    0.0166
    Triplet:        0.0000
    Total:          0.0251

  Face Loss Components (iter 2400):
    Reconstruction: 0.0078
    Contrastive:    0.0096
    Triplet:        0.0000
    Total:          0.0175

  Face Loss Components (iter 2500):
    Reconstruction: 0.0026
    Contrastive:    0.0076
    Triplet:        0.0000
    Total:          0.0102
===> Epoch[19]: Loss: 0.3423 || Learning rate: lr=9.49526394672155e-05.

  Face Loss Components (iter 0):
    Reconstruction: 0.0085
    Contrastive:    0.0114
    Triplet:        0.0000
    Total:          0.0199

  Face Loss Components (iter 100):
    Reconstruction: 0.0087
    Contrastive:    0.0036
    Triplet:        0.0000
    Total:          0.0123

  Face Loss Components (iter 200):
    Reconstruction: 0.0143
    Contrastive:    0.0095
    Triplet:        0.0000
    Total:          0.0238

  Face Loss Components (iter 300):
    Reconstruction: 0.0122
    Contrastive:    0.0118
    Triplet:        0.0000
    Total:          0.0240

  Face Loss Components (iter 400):
    Reconstruction: 0.0092
    Contrastive:    0.0508
    Triplet:        0.0000
    Total:          0.0600

  Face Loss Components (iter 500):
    Reconstruction: 0.0134
    Contrastive:    0.0323
    Triplet:        0.0000
    Total:          0.0457

  Face Loss Components (iter 600):
    Reconstruction: 0.0090
    Contrastive:    0.0161
    Triplet:        0.0000
    Total:          0.0252

  Face Loss Components (iter 700):
    Reconstruction: 0.0058
    Contrastive:    0.0222
    Triplet:        0.0000
    Total:          0.0280

  Face Loss Components (iter 800):
    Reconstruction: 0.0146
    Contrastive:    0.0077
    Triplet:        0.0000
    Total:          0.0222

  Face Loss Components (iter 900):
    Reconstruction: 0.0077
    Contrastive:    0.0189
    Triplet:        0.0000
    Total:          0.0265

  Face Loss Components (iter 1000):
    Reconstruction: 0.0087
    Contrastive:    0.0374
    Triplet:        0.0000
    Total:          0.0461

  Face Loss Components (iter 1100):
    Reconstruction: 0.0118
    Contrastive:    0.0245
    Triplet:        0.0000
    Total:          0.0363

  Face Loss Components (iter 1200):
    Reconstruction: 0.0141
    Contrastive:    0.0182
    Triplet:        0.0000
    Total:          0.0322

  Face Loss Components (iter 1300):
    Reconstruction: 0.0139
    Contrastive:    0.0271
    Triplet:        0.0000
    Total:          0.0410

  Face Loss Components (iter 1400):
    Reconstruction: 0.0095
    Contrastive:    0.0345
    Triplet:        0.0000
    Total:          0.0439

  Face Loss Components (iter 1500):
    Reconstruction: 0.0103
    Contrastive:    0.0178
    Triplet:        0.0000
    Total:          0.0281

  Face Loss Components (iter 1600):
    Reconstruction: 0.0153
    Contrastive:    0.0183
    Triplet:        0.0000
    Total:          0.0336

  Face Loss Components (iter 1700):
    Reconstruction: 0.0062
    Contrastive:    0.0226
    Triplet:        0.0000
    Total:          0.0288

  Face Loss Components (iter 1800):
    Reconstruction: 0.0058
    Contrastive:    0.0142
    Triplet:        0.0000
    Total:          0.0201

  Face Loss Components (iter 1900):
    Reconstruction: 0.0081
    Contrastive:    0.0059
    Triplet:        0.0000
    Total:          0.0140

  Face Loss Components (iter 2000):
    Reconstruction: 0.0055
    Contrastive:    0.0221
    Triplet:        0.0000
    Total:          0.0276

  Face Loss Components (iter 2100):
    Reconstruction: 0.0149
    Contrastive:    0.0146
    Triplet:        0.0000
    Total:          0.0295

  Face Loss Components (iter 2200):
    Reconstruction: 0.0090
    Contrastive:    0.0516
    Triplet:        0.0000
    Total:          0.0606

  Face Loss Components (iter 2300):
    Reconstruction: 0.0094
    Contrastive:    0.0259
    Triplet:        0.0000
    Total:          0.0354

  Face Loss Components (iter 2400):
    Reconstruction: 0.0068
    Contrastive:    0.0178
    Triplet:        0.0000
    Total:          0.0246

  Face Loss Components (iter 2500):
    Reconstruction: 0.0101
    Contrastive:    0.0115
    Triplet:        0.0000
    Total:          0.0216
===> Epoch[20]: Loss: 0.3403 || Learning rate: lr=9.422055976196469e-05.
Checkpoint saved to ./weights/train/epoch_20.pth
Pre-trained model is loaded.
Evaluation:
===> End evaluation
Setting up [LPIPS] perceptual loss: trunk [alex], v[0.1], spatial [off]
Loading model from: /home/hpc4090/miniconda3/envs/jamal/lib/python3.12/site-packages/lpips/weights/v0.1/alex.pth
===> Avg.PSNR: 31.6861 dB 
===> Avg.SSIM: 0.8940 
===> Avg.LPIPS: 0.1055 
[31.113139814494996, 31.68606542701128]
[0.8944346425384574, 0.8940010765991682]
[0.10720190010708973, 0.10554263371205519]

  Face Loss Components (iter 0):
    Reconstruction: 0.0114
    Contrastive:    0.0151
    Triplet:        0.0000
    Total:          0.0265

  Face Loss Components (iter 100):
    Reconstruction: 0.0119
    Contrastive:    0.0247
    Triplet:        0.0000
    Total:          0.0365

  Face Loss Components (iter 200):
    Reconstruction: 0.0073
    Contrastive:    0.0263
    Triplet:        0.0000
    Total:          0.0336

  Face Loss Components (iter 300):
    Reconstruction: 0.0111
    Contrastive:    0.0198
    Triplet:        0.0000
    Total:          0.0309

  Face Loss Components (iter 400):
    Reconstruction: 0.0149
    Contrastive:    0.0141
    Triplet:        0.0000
    Total:          0.0290

  Face Loss Components (iter 500):
    Reconstruction: 0.0090
    Contrastive:    0.0146
    Triplet:        0.0000
    Total:          0.0236

  Face Loss Components (iter 600):
    Reconstruction: 0.0053
    Contrastive:    0.0129
    Triplet:        0.0000
    Total:          0.0182

  Face Loss Components (iter 700):
    Reconstruction: 0.0066
    Contrastive:    0.0197
    Triplet:        0.0000
    Total:          0.0264

  Face Loss Components (iter 800):
    Reconstruction: 0.0115
    Contrastive:    0.0103
    Triplet:        0.0000
    Total:          0.0217

  Face Loss Components (iter 900):
    Reconstruction: 0.0063
    Contrastive:    0.0115
    Triplet:        0.0000
    Total:          0.0178

  Face Loss Components (iter 1000):
    Reconstruction: 0.0093
    Contrastive:    0.0067
    Triplet:        0.0000
    Total:          0.0160

  Face Loss Components (iter 1100):
    Reconstruction: 0.0143
    Contrastive:    0.0319
    Triplet:        0.0000
    Total:          0.0462

  Face Loss Components (iter 1200):
    Reconstruction: 0.0079
    Contrastive:    0.0387
    Triplet:        0.0000
    Total:          0.0466

  Face Loss Components (iter 1300):
    Reconstruction: 0.0158
    Contrastive:    0.0190
    Triplet:        0.0000
    Total:          0.0349

  Face Loss Components (iter 1400):
    Reconstruction: 0.0094
    Contrastive:    0.0313
    Triplet:        0.0000
    Total:          0.0408

  Face Loss Components (iter 1500):
    Reconstruction: 0.0091
    Contrastive:    0.0356
    Triplet:        0.0000
    Total:          0.0447

  Face Loss Components (iter 1600):
    Reconstruction: 0.0103
    Contrastive:    0.0119
    Triplet:        0.0000
    Total:          0.0222

  Face Loss Components (iter 1700):
    Reconstruction: 0.0092
    Contrastive:    0.0073
    Triplet:        0.0000
    Total:          0.0165

  Face Loss Components (iter 1800):
    Reconstruction: 0.0138
    Contrastive:    0.0075
    Triplet:        0.0000
    Total:          0.0212

  Face Loss Components (iter 1900):
    Reconstruction: 0.0096
    Contrastive:    0.0369
    Triplet:        0.0000
    Total:          0.0464

  Face Loss Components (iter 2000):
    Reconstruction: 0.0140
    Contrastive:    0.0176
    Triplet:        0.0000
    Total:          0.0315

  Face Loss Components (iter 2100):
    Reconstruction: 0.0058
    Contrastive:    0.0239
    Triplet:        0.0000
    Total:          0.0297

  Face Loss Components (iter 2200):
    Reconstruction: 0.0117
    Contrastive:    0.0280
    Triplet:        0.0000
    Total:          0.0397

  Face Loss Components (iter 2300):
    Reconstruction: 0.0109
    Contrastive:    0.0108
    Triplet:        0.0000
    Total:          0.0218

  Face Loss Components (iter 2400):
    Reconstruction: 0.0070
    Contrastive:    0.0128
    Triplet:        0.0000
    Total:          0.0199

  Face Loss Components (iter 2500):
    Reconstruction: 0.0082
    Contrastive:    0.0234
    Triplet:        0.0000
    Total:          0.0317
===> Epoch[21]: Loss: 0.3380 || Learning rate: lr=9.344215123908166e-05.

  Face Loss Components (iter 0):
    Reconstruction: 0.0082
    Contrastive:    0.0192
    Triplet:        0.0000
    Total:          0.0273

  Face Loss Components (iter 100):
    Reconstruction: 0.0089
    Contrastive:    0.0049
    Triplet:        0.0000
    Total:          0.0137

  Face Loss Components (iter 200):
    Reconstruction: 0.0098
    Contrastive:    0.0634
    Triplet:        0.0000
    Total:          0.0732

  Face Loss Components (iter 300):
    Reconstruction: 0.0118
    Contrastive:    0.0266
    Triplet:        0.0000
    Total:          0.0384

  Face Loss Components (iter 400):
    Reconstruction: 0.0095
    Contrastive:    0.0483
    Triplet:        0.0000
    Total:          0.0578

  Face Loss Components (iter 500):
    Reconstruction: 0.0082
    Contrastive:    0.0073
    Triplet:        0.0000
    Total:          0.0155

  Face Loss Components (iter 600):
    Reconstruction: 0.0118
    Contrastive:    0.0085
    Triplet:        0.0000
    Total:          0.0204

  Face Loss Components (iter 700):
    Reconstruction: 0.0110
    Contrastive:    0.0111
    Triplet:        0.0000
    Total:          0.0220

  Face Loss Components (iter 800):
    Reconstruction: 0.0144
    Contrastive:    0.0266
    Triplet:        0.0000
    Total:          0.0410

  Face Loss Components (iter 900):
    Reconstruction: 0.0116
    Contrastive:    0.0077
    Triplet:        0.0000
    Total:          0.0193

  Face Loss Components (iter 1000):
    Reconstruction: 0.0100
    Contrastive:    0.0315
    Triplet:        0.0000
    Total:          0.0415

  Face Loss Components (iter 1100):
    Reconstruction: 0.0120
    Contrastive:    0.0063
    Triplet:        0.0000
    Total:          0.0183

  Face Loss Components (iter 1200):
    Reconstruction: 0.0117
    Contrastive:    0.0201
    Triplet:        0.0000
    Total:          0.0318

  Face Loss Components (iter 1300):
    Reconstruction: 0.0122
    Contrastive:    0.0137
    Triplet:        0.0000
    Total:          0.0259

  Face Loss Components (iter 1400):
    Reconstruction: 0.0051
    Contrastive:    0.0208
    Triplet:        0.0000
    Total:          0.0259

  Face Loss Components (iter 1500):
    Reconstruction: 0.0134
    Contrastive:    0.0102
    Triplet:        0.0000
    Total:          0.0236

  Face Loss Components (iter 1600):
    Reconstruction: 0.0067
    Contrastive:    0.0112
    Triplet:        0.0000
    Total:          0.0180

  Face Loss Components (iter 1700):
    Reconstruction: 0.0077
    Contrastive:    0.0044
    Triplet:        0.0000
    Total:          0.0121

  Face Loss Components (iter 1800):
    Reconstruction: 0.0075
    Contrastive:    0.0099
    Triplet:        0.0000
    Total:          0.0174

  Face Loss Components (iter 1900):
    Reconstruction: 0.0075
    Contrastive:    0.0127
    Triplet:        0.0000
    Total:          0.0202

  Face Loss Components (iter 2000):
    Reconstruction: 0.0089
    Contrastive:    0.0158
    Triplet:        0.0000
    Total:          0.0247

  Face Loss Components (iter 2100):
    Reconstruction: 0.0087
    Contrastive:    0.0391
    Triplet:        0.0000
    Total:          0.0479

  Face Loss Components (iter 2200):
    Reconstruction: 0.0108
    Contrastive:    0.0121
    Triplet:        0.0000
    Total:          0.0230

  Face Loss Components (iter 2300):
    Reconstruction: 0.0203
    Contrastive:    0.0043
    Triplet:        0.0000
    Total:          0.0246

  Face Loss Components (iter 2400):
    Reconstruction: 0.0102
    Contrastive:    0.0109
    Triplet:        0.0000
    Total:          0.0212

  Face Loss Components (iter 2500):
    Reconstruction: 0.0101
    Contrastive:    0.0491
    Triplet:        0.0000
    Total:          0.0592
===> Epoch[22]: Loss: 0.3361 || Learning rate: lr=9.261823034161567e-05.

  Face Loss Components (iter 0):
    Reconstruction: 0.0147
    Contrastive:    0.0189
    Triplet:        0.0000
    Total:          0.0336

  Face Loss Components (iter 100):
    Reconstruction: 0.0044
    Contrastive:    0.0215
    Triplet:        0.0000
    Total:          0.0259

  Face Loss Components (iter 200):
    Reconstruction: 0.0078
    Contrastive:    0.0098
    Triplet:        0.0000
    Total:          0.0176

  Face Loss Components (iter 300):
    Reconstruction: 0.0151
    Contrastive:    0.0176
    Triplet:        0.0000
    Total:          0.0328

  Face Loss Components (iter 400):
    Reconstruction: 0.0182
    Contrastive:    0.0149
    Triplet:        0.0000
    Total:          0.0331

  Face Loss Components (iter 500):
    Reconstruction: 0.0074
    Contrastive:    0.0336
    Triplet:        0.0000
    Total:          0.0410

  Face Loss Components (iter 600):
    Reconstruction: 0.0087
    Contrastive:    0.0051
    Triplet:        0.0000
    Total:          0.0138

  Face Loss Components (iter 700):
    Reconstruction: 0.0079
    Contrastive:    0.0368
    Triplet:        0.0000
    Total:          0.0447

  Face Loss Components (iter 800):
    Reconstruction: 0.0111
    Contrastive:    0.0175
    Triplet:        0.0000
    Total:          0.0285

  Face Loss Components (iter 900):
    Reconstruction: 0.0065
    Contrastive:    0.0130
    Triplet:        0.0000
    Total:          0.0195

  Face Loss Components (iter 1000):
    Reconstruction: 0.0128
    Contrastive:    0.0065
    Triplet:        0.0000
    Total:          0.0193

  Face Loss Components (iter 1100):
    Reconstruction: 0.0132
    Contrastive:    0.0129
    Triplet:        0.0000
    Total:          0.0261

  Face Loss Components (iter 1200):
    Reconstruction: 0.0084
    Contrastive:    0.0224
    Triplet:        0.0000
    Total:          0.0309

  Face Loss Components (iter 1300):
    Reconstruction: 0.0135
    Contrastive:    0.0092
    Triplet:        0.0000
    Total:          0.0227

  Face Loss Components (iter 1400):
    Reconstruction: 0.0092
    Contrastive:    0.0082
    Triplet:        0.0000
    Total:          0.0174

  Face Loss Components (iter 1500):
    Reconstruction: 0.0124
    Contrastive:    0.0102
    Triplet:        0.0000
    Total:          0.0226

  Face Loss Components (iter 1600):
    Reconstruction: 0.0106
    Contrastive:    0.0358
    Triplet:        0.0000
    Total:          0.0464

  Face Loss Components (iter 1700):
    Reconstruction: 0.0102
    Contrastive:    0.0136
    Triplet:        0.0000
    Total:          0.0238

  Face Loss Components (iter 1800):
    Reconstruction: 0.0085
    Contrastive:    0.0199
    Triplet:        0.0000
    Total:          0.0284

  Face Loss Components (iter 1900):
    Reconstruction: 0.0096
    Contrastive:    0.0148
    Triplet:        0.0000
    Total:          0.0244

  Face Loss Components (iter 2000):
    Reconstruction: 0.0067
    Contrastive:    0.0125
    Triplet:        0.0000
    Total:          0.0191

  Face Loss Components (iter 2100):
    Reconstruction: 0.0095
    Contrastive:    0.0114
    Triplet:        0.0000
    Total:          0.0209

  Face Loss Components (iter 2200):
    Reconstruction: 0.0085
    Contrastive:    0.0144
    Triplet:        0.0000
    Total:          0.0229

  Face Loss Components (iter 2300):
    Reconstruction: 0.0159
    Contrastive:    0.0139
    Triplet:        0.0000
    Total:          0.0298

  Face Loss Components (iter 2400):
    Reconstruction: 0.0095
    Contrastive:    0.0103
    Triplet:        0.0000
    Total:          0.0198

  Face Loss Components (iter 2500):
    Reconstruction: 0.0067
    Contrastive:    0.0078
    Triplet:        0.0000
    Total:          0.0145
===> Epoch[23]: Loss: 0.3345 || Learning rate: lr=9.17496612488121e-05.

  Face Loss Components (iter 0):
    Reconstruction: 0.0089
    Contrastive:    0.0114
    Triplet:        0.0000
    Total:          0.0203

  Face Loss Components (iter 100):
    Reconstruction: 0.0112
    Contrastive:    0.0170
    Triplet:        0.0000
    Total:          0.0282

  Face Loss Components (iter 200):
    Reconstruction: 0.0107
    Contrastive:    0.0026
    Triplet:        0.0000
    Total:          0.0133

  Face Loss Components (iter 300):
    Reconstruction: 0.0074
    Contrastive:    0.0254
    Triplet:        0.0000
    Total:          0.0328

  Face Loss Components (iter 400):
    Reconstruction: 0.0091
    Contrastive:    0.0188
    Triplet:        0.0000
    Total:          0.0279

  Face Loss Components (iter 500):
    Reconstruction: 0.0099
    Contrastive:    0.0139
    Triplet:        0.0000
    Total:          0.0238

  Face Loss Components (iter 600):
    Reconstruction: 0.0063
    Contrastive:    0.0203
    Triplet:        0.0000
    Total:          0.0266

  Face Loss Components (iter 700):
    Reconstruction: 0.0058
    Contrastive:    0.0289
    Triplet:        0.0000
    Total:          0.0347

  Face Loss Components (iter 800):
    Reconstruction: 0.0096
    Contrastive:    0.0131
    Triplet:        0.0000
    Total:          0.0227

  Face Loss Components (iter 900):
    Reconstruction: 0.0084
    Contrastive:    0.0388
    Triplet:        0.0000
    Total:          0.0472

  Face Loss Components (iter 1000):
    Reconstruction: 0.0091
    Contrastive:    0.0351
    Triplet:        0.0000
    Total:          0.0442

  Face Loss Components (iter 1100):
    Reconstruction: 0.0063
    Contrastive:    0.0094
    Triplet:        0.0000
    Total:          0.0156

  Face Loss Components (iter 1200):
    Reconstruction: 0.0048
    Contrastive:    0.0261
    Triplet:        0.0000
    Total:          0.0308

  Face Loss Components (iter 1300):
    Reconstruction: 0.0062
    Contrastive:    0.0205
    Triplet:        0.0000
    Total:          0.0267

  Face Loss Components (iter 1400):
    Reconstruction: 0.0160
    Contrastive:    0.0280
    Triplet:        0.0000
    Total:          0.0440

  Face Loss Components (iter 1500):
    Reconstruction: 0.0096
    Contrastive:    0.0178
    Triplet:        0.0000
    Total:          0.0274

  Face Loss Components (iter 1600):
    Reconstruction: 0.0141
    Contrastive:    0.0273
    Triplet:        0.0000
    Total:          0.0414

  Face Loss Components (iter 1700):
    Reconstruction: 0.0121
    Contrastive:    0.0025
    Triplet:        0.0000
    Total:          0.0146

  Face Loss Components (iter 1800):
    Reconstruction: 0.0122
    Contrastive:    0.0037
    Triplet:        0.0000
    Total:          0.0159

  Face Loss Components (iter 1900):
    Reconstruction: 0.0082
    Contrastive:    0.0106
    Triplet:        0.0000
    Total:          0.0188

  Face Loss Components (iter 2000):
    Reconstruction: 0.0073
    Contrastive:    0.0247
    Triplet:        0.0000
    Total:          0.0321

  Face Loss Components (iter 2100):
    Reconstruction: 0.0125
    Contrastive:    0.0098
    Triplet:        0.0000
    Total:          0.0223

  Face Loss Components (iter 2200):
    Reconstruction: 0.0148
    Contrastive:    0.0122
    Triplet:        0.0000
    Total:          0.0270

  Face Loss Components (iter 2300):
    Reconstruction: 0.0118
    Contrastive:    0.0147
    Triplet:        0.0000
    Total:          0.0265

  Face Loss Components (iter 2400):
    Reconstruction: 0.0071
    Contrastive:    0.0201
    Triplet:        0.0000
    Total:          0.0272

  Face Loss Components (iter 2500):
    Reconstruction: 0.0093
    Contrastive:    0.0121
    Triplet:        0.0000
    Total:          0.0214
===> Epoch[24]: Loss: 0.3322 || Learning rate: lr=9.083735496970769e-05.

  Face Loss Components (iter 0):
    Reconstruction: 0.0058
    Contrastive:    0.0047
    Triplet:        0.0000
    Total:          0.0105

  Face Loss Components (iter 100):
    Reconstruction: 0.0106
    Contrastive:    0.0252
    Triplet:        0.0000
    Total:          0.0358

  Face Loss Components (iter 200):
    Reconstruction: 0.0115
    Contrastive:    0.0365
    Triplet:        0.0000
    Total:          0.0480

  Face Loss Components (iter 300):
    Reconstruction: 0.0065
    Contrastive:    0.0173
    Triplet:        0.0000
    Total:          0.0238

  Face Loss Components (iter 400):
    Reconstruction: 0.0166
    Contrastive:    0.0059
    Triplet:        0.0000
    Total:          0.0225

  Face Loss Components (iter 500):
    Reconstruction: 0.0095
    Contrastive:    0.0180
    Triplet:        0.0000
    Total:          0.0274

  Face Loss Components (iter 600):
    Reconstruction: 0.0121
    Contrastive:    0.0149
    Triplet:        0.0000
    Total:          0.0270

  Face Loss Components (iter 700):
    Reconstruction: 0.0093
    Contrastive:    0.0151
    Triplet:        0.0000
    Total:          0.0244

  Face Loss Components (iter 800):
    Reconstruction: 0.0085
    Contrastive:    0.0327
    Triplet:        0.0000
    Total:          0.0412

  Face Loss Components (iter 900):
    Reconstruction: 0.0101
    Contrastive:    0.0142
    Triplet:        0.0000
    Total:          0.0243

  Face Loss Components (iter 1000):
    Reconstruction: 0.0102
    Contrastive:    0.0216
    Triplet:        0.0000
    Total:          0.0318

  Face Loss Components (iter 1100):
    Reconstruction: 0.0116
    Contrastive:    0.0272
    Triplet:        0.0000
    Total:          0.0389

  Face Loss Components (iter 1200):
    Reconstruction: 0.0123
    Contrastive:    0.0140
    Triplet:        0.0000
    Total:          0.0262

  Face Loss Components (iter 1300):
    Reconstruction: 0.0149
    Contrastive:    0.0188
    Triplet:        0.0000
    Total:          0.0337

  Face Loss Components (iter 1400):
    Reconstruction: 0.0087
    Contrastive:    0.0047
    Triplet:        0.0000
    Total:          0.0134

  Face Loss Components (iter 1500):
    Reconstruction: 0.0127
    Contrastive:    0.0379
    Triplet:        0.0000
    Total:          0.0506

  Face Loss Components (iter 1600):
    Reconstruction: 0.0051
    Contrastive:    0.0048
    Triplet:        0.0000
    Total:          0.0099

  Face Loss Components (iter 1700):
    Reconstruction: 0.0103
    Contrastive:    0.0114
    Triplet:        0.0000
    Total:          0.0217

  Face Loss Components (iter 1800):
    Reconstruction: 0.0145
    Contrastive:    0.0145
    Triplet:        0.0000
    Total:          0.0290

  Face Loss Components (iter 1900):
    Reconstruction: 0.0068
    Contrastive:    0.0096
    Triplet:        0.0000
    Total:          0.0163

  Face Loss Components (iter 2000):
    Reconstruction: 0.0086
    Contrastive:    0.0323
    Triplet:        0.0000
    Total:          0.0409

  Face Loss Components (iter 2100):
    Reconstruction: 0.0063
    Contrastive:    0.0336
    Triplet:        0.0000
    Total:          0.0399

  Face Loss Components (iter 2200):
    Reconstruction: 0.0106
    Contrastive:    0.0066
    Triplet:        0.0000
    Total:          0.0171

  Face Loss Components (iter 2300):
    Reconstruction: 0.0118
    Contrastive:    0.0548
    Triplet:        0.0000
    Total:          0.0667

  Face Loss Components (iter 2400):
    Reconstruction: 0.0140
    Contrastive:    0.0151
    Triplet:        0.0000
    Total:          0.0291

  Face Loss Components (iter 2500):
    Reconstruction: 0.0112
    Contrastive:    0.0099
    Triplet:        0.0000
    Total:          0.0211
===> Epoch[25]: Loss: 0.3305 || Learning rate: lr=8.98822683876079e-05.

  Face Loss Components (iter 0):
    Reconstruction: 0.0115
    Contrastive:    0.0879
    Triplet:        0.0000
    Total:          0.0994

  Face Loss Components (iter 100):
    Reconstruction: 0.0145
    Contrastive:    0.0124
    Triplet:        0.0000
    Total:          0.0269

  Face Loss Components (iter 200):
    Reconstruction: 0.0078
    Contrastive:    0.0078
    Triplet:        0.0000
    Total:          0.0156

  Face Loss Components (iter 300):
    Reconstruction: 0.0070
    Contrastive:    0.0164
    Triplet:        0.0000
    Total:          0.0234

  Face Loss Components (iter 400):
    Reconstruction: 0.0040
    Contrastive:    0.0331
    Triplet:        0.0000
    Total:          0.0371

  Face Loss Components (iter 500):
    Reconstruction: 0.0069
    Contrastive:    0.0149
    Triplet:        0.0000
    Total:          0.0218

  Face Loss Components (iter 600):
    Reconstruction: 0.0123
    Contrastive:    0.0167
    Triplet:        0.0000
    Total:          0.0290

  Face Loss Components (iter 700):
    Reconstruction: 0.0130
    Contrastive:    0.0234
    Triplet:        0.0000
    Total:          0.0364

  Face Loss Components (iter 800):
    Reconstruction: 0.0089
    Contrastive:    0.0126
    Triplet:        0.0000
    Total:          0.0215

  Face Loss Components (iter 900):
    Reconstruction: 0.0142
    Contrastive:    0.0101
    Triplet:        0.0000
    Total:          0.0242

  Face Loss Components (iter 1000):
    Reconstruction: 0.0107
    Contrastive:    0.0158
    Triplet:        0.0000
    Total:          0.0264

  Face Loss Components (iter 1100):
    Reconstruction: 0.0077
    Contrastive:    0.0214
    Triplet:        0.0000
    Total:          0.0291

  Face Loss Components (iter 1200):
    Reconstruction: 0.0106
    Contrastive:    0.0052
    Triplet:        0.0000
    Total:          0.0158

  Face Loss Components (iter 1300):
    Reconstruction: 0.0146
    Contrastive:    0.0259
    Triplet:        0.0000
    Total:          0.0405

  Face Loss Components (iter 1400):
    Reconstruction: 0.0063
    Contrastive:    0.0055
    Triplet:        0.0000
    Total:          0.0118

  Face Loss Components (iter 1500):
    Reconstruction: 0.0051
    Contrastive:    0.0043
    Triplet:        0.0000
    Total:          0.0095

  Face Loss Components (iter 1600):
    Reconstruction: 0.0070
    Contrastive:    0.0505
    Triplet:        0.0000
    Total:          0.0576

  Face Loss Components (iter 1700):
    Reconstruction: 0.0107
    Contrastive:    0.0056
    Triplet:        0.0000
    Total:          0.0163

  Face Loss Components (iter 1800):
    Reconstruction: 0.0091
    Contrastive:    0.0600
    Triplet:        0.0000
    Total:          0.0691

  Face Loss Components (iter 1900):
    Reconstruction: 0.0095
    Contrastive:    0.0137
    Triplet:        0.0000
    Total:          0.0232

  Face Loss Components (iter 2000):
    Reconstruction: 0.0055
    Contrastive:    0.0272
    Triplet:        0.0000
    Total:          0.0327

  Face Loss Components (iter 2100):
    Reconstruction: 0.0094
    Contrastive:    0.0371
    Triplet:        0.0000
    Total:          0.0465

  Face Loss Components (iter 2200):
    Reconstruction: 0.0083
    Contrastive:    0.0156
    Triplet:        0.0000
    Total:          0.0239

  Face Loss Components (iter 2300):
    Reconstruction: 0.0086
    Contrastive:    0.0051
    Triplet:        0.0000
    Total:          0.0137

  Face Loss Components (iter 2400):
    Reconstruction: 0.0080
    Contrastive:    0.0152
    Triplet:        0.0000
    Total:          0.0232

  Face Loss Components (iter 2500):
    Reconstruction: 0.0101
    Contrastive:    0.0038
    Triplet:        0.0000
    Total:          0.0138
===> Epoch[26]: Loss: 0.3289 || Learning rate: lr=8.88854032564485e-05.

  Face Loss Components (iter 0):
    Reconstruction: 0.0076
    Contrastive:    0.0212
    Triplet:        0.0000
    Total:          0.0288

  Face Loss Components (iter 100):
    Reconstruction: 0.0125
    Contrastive:    0.0098
    Triplet:        0.0000
    Total:          0.0222

  Face Loss Components (iter 200):
    Reconstruction: 0.0079
    Contrastive:    0.0031
    Triplet:        0.0000
    Total:          0.0110

  Face Loss Components (iter 300):
    Reconstruction: 0.0111
    Contrastive:    0.0067
    Triplet:        0.0000
    Total:          0.0178

  Face Loss Components (iter 400):
    Reconstruction: 0.0078
    Contrastive:    0.0084
    Triplet:        0.0000
    Total:          0.0162

  Face Loss Components (iter 500):
    Reconstruction: 0.0099
    Contrastive:    0.0059
    Triplet:        0.0000
    Total:          0.0157

  Face Loss Components (iter 600):
    Reconstruction: 0.0077
    Contrastive:    0.0056
    Triplet:        0.0000
    Total:          0.0133

  Face Loss Components (iter 700):
    Reconstruction: 0.0087
    Contrastive:    0.0292
    Triplet:        0.0000
    Total:          0.0379

  Face Loss Components (iter 800):
    Reconstruction: 0.0105
    Contrastive:    0.0093
    Triplet:        0.0000
    Total:          0.0198

  Face Loss Components (iter 900):
    Reconstruction: 0.0101
    Contrastive:    0.0068
    Triplet:        0.0000
    Total:          0.0169

  Face Loss Components (iter 1000):
    Reconstruction: 0.0110
    Contrastive:    0.0061
    Triplet:        0.0000
    Total:          0.0172

  Face Loss Components (iter 1100):
    Reconstruction: 0.0125
    Contrastive:    0.0090
    Triplet:        0.0000
    Total:          0.0215

  Face Loss Components (iter 1200):
    Reconstruction: 0.0084
    Contrastive:    0.0212
    Triplet:        0.0000
    Total:          0.0296

  Face Loss Components (iter 1300):
    Reconstruction: 0.0021
    Contrastive:    0.0195
    Triplet:        0.0000
    Total:          0.0216

  Face Loss Components (iter 1400):
    Reconstruction: 0.0064
    Contrastive:    0.0193
    Triplet:        0.0000
    Total:          0.0256

  Face Loss Components (iter 1500):
    Reconstruction: 0.0097
    Contrastive:    0.0189
    Triplet:        0.0000
    Total:          0.0286

  Face Loss Components (iter 1600):
    Reconstruction: 0.0092
    Contrastive:    0.0060
    Triplet:        0.0000
    Total:          0.0152

  Face Loss Components (iter 1700):
    Reconstruction: 0.0091
    Contrastive:    0.0128
    Triplet:        0.0000
    Total:          0.0218

  Face Loss Components (iter 1800):
    Reconstruction: 0.0146
    Contrastive:    0.0353
    Triplet:        0.0000
    Total:          0.0498

  Face Loss Components (iter 1900):
    Reconstruction: 0.0084
    Contrastive:    0.0108
    Triplet:        0.0000
    Total:          0.0193

  Face Loss Components (iter 2000):
    Reconstruction: 0.0076
    Contrastive:    0.0207
    Triplet:        0.0000
    Total:          0.0282

  Face Loss Components (iter 2100):
    Reconstruction: 0.0104
    Contrastive:    0.0129
    Triplet:        0.0000
    Total:          0.0233

  Face Loss Components (iter 2200):
    Reconstruction: 0.0064
    Contrastive:    0.0419
    Triplet:        0.0000
    Total:          0.0483

  Face Loss Components (iter 2300):
    Reconstruction: 0.0095
    Contrastive:    0.0137
    Triplet:        0.0000
    Total:          0.0232

  Face Loss Components (iter 2400):
    Reconstruction: 0.0130
    Contrastive:    0.0117
    Triplet:        0.0000
    Total:          0.0247

  Face Loss Components (iter 2500):
    Reconstruction: 0.0079
    Contrastive:    0.0045
    Triplet:        0.0000
    Total:          0.0124
===> Epoch[27]: Loss: 0.3274 || Learning rate: lr=8.784780515009388e-05.

  Face Loss Components (iter 0):
    Reconstruction: 0.0123
    Contrastive:    0.0268
    Triplet:        0.0000
    Total:          0.0391

  Face Loss Components (iter 100):
    Reconstruction: 0.0090
    Contrastive:    0.0056
    Triplet:        0.0000
    Total:          0.0146

  Face Loss Components (iter 200):
    Reconstruction: 0.0074
    Contrastive:    0.0060
    Triplet:        0.0000
    Total:          0.0134

  Face Loss Components (iter 300):
    Reconstruction: 0.0099
    Contrastive:    0.0049
    Triplet:        0.0000
    Total:          0.0148

  Face Loss Components (iter 400):
    Reconstruction: 0.0050
    Contrastive:    0.0212
    Triplet:        0.0000
    Total:          0.0261

  Face Loss Components (iter 500):
    Reconstruction: 0.0059
    Contrastive:    0.0094
    Triplet:        0.0000
    Total:          0.0153

  Face Loss Components (iter 600):
    Reconstruction: 0.0134
    Contrastive:    0.0165
    Triplet:        0.0000
    Total:          0.0299

  Face Loss Components (iter 700):
    Reconstruction: 0.0050
    Contrastive:    0.0342
    Triplet:        0.0000
    Total:          0.0392

  Face Loss Components (iter 800):
    Reconstruction: 0.0098
    Contrastive:    0.0219
    Triplet:        0.0000
    Total:          0.0317

  Face Loss Components (iter 900):
    Reconstruction: 0.0122
    Contrastive:    0.0135
    Triplet:        0.0000
    Total:          0.0257

  Face Loss Components (iter 1000):
    Reconstruction: 0.0227
    Contrastive:    0.0064
    Triplet:        0.0000
    Total:          0.0290

  Face Loss Components (iter 1100):
    Reconstruction: 0.0075
    Contrastive:    0.0076
    Triplet:        0.0000
    Total:          0.0151

  Face Loss Components (iter 1200):
    Reconstruction: 0.0104
    Contrastive:    0.0100
    Triplet:        0.0000
    Total:          0.0204

  Face Loss Components (iter 1300):
    Reconstruction: 0.0077
    Contrastive:    0.0124
    Triplet:        0.0000
    Total:          0.0201

  Face Loss Components (iter 1400):
    Reconstruction: 0.0061
    Contrastive:    0.0168
    Triplet:        0.0000
    Total:          0.0230

  Face Loss Components (iter 1500):
    Reconstruction: 0.0056
    Contrastive:    0.0247
    Triplet:        0.0000
    Total:          0.0303

  Face Loss Components (iter 1600):
    Reconstruction: 0.0099
    Contrastive:    0.0153
    Triplet:        0.0000
    Total:          0.0252

  Face Loss Components (iter 1700):
    Reconstruction: 0.0075
    Contrastive:    0.0163
    Triplet:        0.0000
    Total:          0.0238

  Face Loss Components (iter 1800):
    Reconstruction: 0.0077
    Contrastive:    0.0161
    Triplet:        0.0000
    Total:          0.0238

  Face Loss Components (iter 1900):
    Reconstruction: 0.0109
    Contrastive:    0.0161
    Triplet:        0.0000
    Total:          0.0270

  Face Loss Components (iter 2000):
    Reconstruction: 0.0053
    Contrastive:    0.0333
    Triplet:        0.0000
    Total:          0.0385

  Face Loss Components (iter 2100):
    Reconstruction: 0.0129
    Contrastive:    0.0115
    Triplet:        0.0000
    Total:          0.0244

  Face Loss Components (iter 2200):
    Reconstruction: 0.0142
    Contrastive:    0.0539
    Triplet:        0.0000
    Total:          0.0681

  Face Loss Components (iter 2300):
    Reconstruction: 0.0093
    Contrastive:    0.0184
    Triplet:        0.0000
    Total:          0.0276

  Face Loss Components (iter 2400):
    Reconstruction: 0.0139
    Contrastive:    0.0185
    Triplet:        0.0000
    Total:          0.0324

  Face Loss Components (iter 2500):
    Reconstruction: 0.0131
    Contrastive:    0.0116
    Triplet:        0.0000
    Total:          0.0246
===> Epoch[28]: Loss: 0.3260 || Learning rate: lr=8.677056236567467e-05.

  Face Loss Components (iter 0):
    Reconstruction: 0.0136
    Contrastive:    0.0307
    Triplet:        0.0000
    Total:          0.0443

  Face Loss Components (iter 100):
    Reconstruction: 0.0127
    Contrastive:    0.0076
    Triplet:        0.0000
    Total:          0.0204

  Face Loss Components (iter 200):
    Reconstruction: 0.0060
    Contrastive:    0.0097
    Triplet:        0.0000
    Total:          0.0157

  Face Loss Components (iter 300):
    Reconstruction: 0.0074
    Contrastive:    0.0058
    Triplet:        0.0000
    Total:          0.0132

  Face Loss Components (iter 400):
    Reconstruction: 0.0059
    Contrastive:    0.0113
    Triplet:        0.0000
    Total:          0.0172

  Face Loss Components (iter 500):
    Reconstruction: 0.0047
    Contrastive:    0.0114
    Triplet:        0.0000
    Total:          0.0161

  Face Loss Components (iter 600):
    Reconstruction: 0.0063
    Contrastive:    0.0076
    Triplet:        0.0000
    Total:          0.0139

  Face Loss Components (iter 700):
    Reconstruction: 0.0075
    Contrastive:    0.0133
    Triplet:        0.0000
    Total:          0.0208

  Face Loss Components (iter 800):
    Reconstruction: 0.0158
    Contrastive:    0.0102
    Triplet:        0.0000
    Total:          0.0261

  Face Loss Components (iter 900):
    Reconstruction: 0.0125
    Contrastive:    0.0102
    Triplet:        0.0000
    Total:          0.0227

  Face Loss Components (iter 1000):
    Reconstruction: 0.0137
    Contrastive:    0.0314
    Triplet:        0.0000
    Total:          0.0451

  Face Loss Components (iter 1100):
    Reconstruction: 0.0084
    Contrastive:    0.0230
    Triplet:        0.0000
    Total:          0.0314

  Face Loss Components (iter 1200):
    Reconstruction: 0.0095
    Contrastive:    0.0135
    Triplet:        0.0000
    Total:          0.0230

  Face Loss Components (iter 1300):
    Reconstruction: 0.0100
    Contrastive:    0.0207
    Triplet:        0.0000
    Total:          0.0307

  Face Loss Components (iter 1400):
    Reconstruction: 0.0047
    Contrastive:    0.0286
    Triplet:        0.0000
    Total:          0.0333

  Face Loss Components (iter 1500):
    Reconstruction: 0.0054
    Contrastive:    0.0133
    Triplet:        0.0000
    Total:          0.0187

  Face Loss Components (iter 1600):
    Reconstruction: 0.0052
    Contrastive:    0.0141
    Triplet:        0.0000
    Total:          0.0193

  Face Loss Components (iter 1700):
    Reconstruction: 0.0123
    Contrastive:    0.0650
    Triplet:        0.0000
    Total:          0.0773

  Face Loss Components (iter 1800):
    Reconstruction: 0.0106
    Contrastive:    0.0068
    Triplet:        0.0000
    Total:          0.0174

  Face Loss Components (iter 1900):
    Reconstruction: 0.0072
    Contrastive:    0.0119
    Triplet:        0.0000
    Total:          0.0191

  Face Loss Components (iter 2000):
    Reconstruction: 0.0066
    Contrastive:    0.0248
    Triplet:        0.0000
    Total:          0.0314

  Face Loss Components (iter 2100):
    Reconstruction: 0.0149
    Contrastive:    0.0156
    Triplet:        0.0000
    Total:          0.0306

  Face Loss Components (iter 2200):
    Reconstruction: 0.0193
    Contrastive:    0.0097
    Triplet:        0.0000
    Total:          0.0290

  Face Loss Components (iter 2300):
    Reconstruction: 0.0050
    Contrastive:    0.0089
    Triplet:        0.0000
    Total:          0.0139

  Face Loss Components (iter 2400):
    Reconstruction: 0.0092
    Contrastive:    0.0225
    Triplet:        0.0000
    Total:          0.0316

  Face Loss Components (iter 2500):
    Reconstruction: 0.0036
    Contrastive:    0.0069
    Triplet:        0.0000
    Total:          0.0105
===> Epoch[29]: Loss: 0.3246 || Learning rate: lr=8.565480478211414e-05.

  Face Loss Components (iter 0):
    Reconstruction: 0.0089
    Contrastive:    0.0079
    Triplet:        0.0000
    Total:          0.0168

  Face Loss Components (iter 100):
    Reconstruction: 0.0075
    Contrastive:    0.0094
    Triplet:        0.0000
    Total:          0.0170

  Face Loss Components (iter 200):
    Reconstruction: 0.0104
    Contrastive:    0.0144
    Triplet:        0.0000
    Total:          0.0248

  Face Loss Components (iter 300):
    Reconstruction: 0.0133
    Contrastive:    0.0157
    Triplet:        0.0000
    Total:          0.0290

  Face Loss Components (iter 400):
    Reconstruction: 0.0085
    Contrastive:    0.0137
    Triplet:        0.0000
    Total:          0.0222

  Face Loss Components (iter 500):
    Reconstruction: 0.0123
    Contrastive:    0.0081
    Triplet:        0.0000
    Total:          0.0204

  Face Loss Components (iter 600):
    Reconstruction: 0.0100
    Contrastive:    0.0290
    Triplet:        0.0000
    Total:          0.0391

  Face Loss Components (iter 700):
    Reconstruction: 0.0066
    Contrastive:    0.0239
    Triplet:        0.0000
    Total:          0.0306

  Face Loss Components (iter 800):
    Reconstruction: 0.0068
    Contrastive:    0.0040
    Triplet:        0.0000
    Total:          0.0108

  Face Loss Components (iter 900):
    Reconstruction: 0.0092
    Contrastive:    0.0153
    Triplet:        0.0000
    Total:          0.0245

  Face Loss Components (iter 1000):
    Reconstruction: 0.0063
    Contrastive:    0.0354
    Triplet:        0.0000
    Total:          0.0417

  Face Loss Components (iter 1100):
    Reconstruction: 0.0131
    Contrastive:    0.0089
    Triplet:        0.0000
    Total:          0.0220

  Face Loss Components (iter 1200):
    Reconstruction: 0.0121
    Contrastive:    0.0175
    Triplet:        0.0000
    Total:          0.0296

  Face Loss Components (iter 1300):
    Reconstruction: 0.0108
    Contrastive:    0.0155
    Triplet:        0.0000
    Total:          0.0263

  Face Loss Components (iter 1400):
    Reconstruction: 0.0101
    Contrastive:    0.0207
    Triplet:        0.0000
    Total:          0.0309

  Face Loss Components (iter 1500):
    Reconstruction: 0.0118
    Contrastive:    0.0090
    Triplet:        0.0000
    Total:          0.0208

  Face Loss Components (iter 1600):
    Reconstruction: 0.0102
    Contrastive:    0.0107
    Triplet:        0.0000
    Total:          0.0209

  Face Loss Components (iter 1700):
    Reconstruction: 0.0163
    Contrastive:    0.0577
    Triplet:        0.0000
    Total:          0.0740

  Face Loss Components (iter 1800):
    Reconstruction: 0.0120
    Contrastive:    0.0288
    Triplet:        0.0000
    Total:          0.0408

  Face Loss Components (iter 1900):
    Reconstruction: 0.0017
    Contrastive:    0.0477
    Triplet:        0.0000
    Total:          0.0493

  Face Loss Components (iter 2000):
    Reconstruction: 0.0096
    Contrastive:    0.0338
    Triplet:        0.0000
    Total:          0.0434

  Face Loss Components (iter 2100):
    Reconstruction: 0.0117
    Contrastive:    0.0158
    Triplet:        0.0000
    Total:          0.0275

  Face Loss Components (iter 2200):
    Reconstruction: 0.0132
    Contrastive:    0.0097
    Triplet:        0.0000
    Total:          0.0229

  Face Loss Components (iter 2300):
    Reconstruction: 0.0095
    Contrastive:    0.0229
    Triplet:        0.0000
    Total:          0.0324

  Face Loss Components (iter 2400):
    Reconstruction: 0.0034
    Contrastive:    0.0141
    Triplet:        0.0000
    Total:          0.0175

  Face Loss Components (iter 2500):
    Reconstruction: 0.0069
    Contrastive:    0.0477
    Triplet:        0.0000
    Total:          0.0546
===> Epoch[30]: Loss: 0.3232 || Learning rate: lr=8.450170267504132e-05.
Checkpoint saved to ./weights/train/epoch_30.pth
Pre-trained model is loaded.
Evaluation:
===> End evaluation
Setting up [LPIPS] perceptual loss: trunk [alex], v[0.1], spatial [off]
Loading model from: /home/hpc4090/miniconda3/envs/jamal/lib/python3.12/site-packages/lpips/weights/v0.1/alex.pth
===> Avg.PSNR: 32.0404 dB 
===> Avg.SSIM: 0.9009 
===> Avg.LPIPS: 0.0935 
[31.113139814494996, 31.68606542701128, 32.04041394960111]
[0.8944346425384574, 0.8940010765991682, 0.9009266616457621]
[0.10720190010708973, 0.10554263371205519, 0.09347565761807089]

  Face Loss Components (iter 0):
    Reconstruction: 0.0132
    Contrastive:    0.0249
    Triplet:        0.0000
    Total:          0.0381

  Face Loss Components (iter 100):
    Reconstruction: 0.0108
    Contrastive:    0.0076
    Triplet:        0.0000
    Total:          0.0184

  Face Loss Components (iter 200):
    Reconstruction: 0.0106
    Contrastive:    0.0144
    Triplet:        0.0000
    Total:          0.0249

  Face Loss Components (iter 300):
    Reconstruction: 0.0100
    Contrastive:    0.0087
    Triplet:        0.0000
    Total:          0.0187

  Face Loss Components (iter 400):
    Reconstruction: 0.0110
    Contrastive:    0.0217
    Triplet:        0.0000
    Total:          0.0327

  Face Loss Components (iter 500):
    Reconstruction: 0.0070
    Contrastive:    0.0200
    Triplet:        0.0000
    Total:          0.0270

  Face Loss Components (iter 600):
    Reconstruction: 0.0041
    Contrastive:    0.0397
    Triplet:        0.0000
    Total:          0.0438

  Face Loss Components (iter 700):
    Reconstruction: 0.0090
    Contrastive:    0.0192
    Triplet:        0.0000
    Total:          0.0282

  Face Loss Components (iter 800):
    Reconstruction: 0.0065
    Contrastive:    0.0076
    Triplet:        0.0000
    Total:          0.0141

  Face Loss Components (iter 900):
    Reconstruction: 0.0111
    Contrastive:    0.0064
    Triplet:        0.0000
    Total:          0.0175

  Face Loss Components (iter 1000):
    Reconstruction: 0.0125
    Contrastive:    0.0098
    Triplet:        0.0000
    Total:          0.0223

  Face Loss Components (iter 1100):
    Reconstruction: 0.0063
    Contrastive:    0.0103
    Triplet:        0.0000
    Total:          0.0166

  Face Loss Components (iter 1200):
    Reconstruction: 0.0124
    Contrastive:    0.0061
    Triplet:        0.0000
    Total:          0.0185

  Face Loss Components (iter 1300):
    Reconstruction: 0.0114
    Contrastive:    0.0116
    Triplet:        0.0000
    Total:          0.0230

  Face Loss Components (iter 1400):
    Reconstruction: 0.0027
    Contrastive:    0.0053
    Triplet:        0.0000
    Total:          0.0080

  Face Loss Components (iter 1500):
    Reconstruction: 0.0085
    Contrastive:    0.0288
    Triplet:        0.0000
    Total:          0.0373

  Face Loss Components (iter 1600):
    Reconstruction: 0.0088
    Contrastive:    0.0169
    Triplet:        0.0000
    Total:          0.0257

  Face Loss Components (iter 1700):
    Reconstruction: 0.0091
    Contrastive:    0.0245
    Triplet:        0.0000
    Total:          0.0336

  Face Loss Components (iter 1800):
    Reconstruction: 0.0076
    Contrastive:    0.0086
    Triplet:        0.0000
    Total:          0.0162

  Face Loss Components (iter 1900):
    Reconstruction: 0.0114
    Contrastive:    0.0070
    Triplet:        0.0000
    Total:          0.0184

  Face Loss Components (iter 2000):
    Reconstruction: 0.0072
    Contrastive:    0.0109
    Triplet:        0.0000
    Total:          0.0180

  Face Loss Components (iter 2100):
    Reconstruction: 0.0091
    Contrastive:    0.0126
    Triplet:        0.0000
    Total:          0.0218

  Face Loss Components (iter 2200):
    Reconstruction: 0.0140
    Contrastive:    0.0361
    Triplet:        0.0000
    Total:          0.0500

  Face Loss Components (iter 2300):
    Reconstruction: 0.0094
    Contrastive:    0.0077
    Triplet:        0.0000
    Total:          0.0171

  Face Loss Components (iter 2400):
    Reconstruction: 0.0059
    Contrastive:    0.0318
    Triplet:        0.0000
    Total:          0.0377

  Face Loss Components (iter 2500):
    Reconstruction: 0.0111
    Contrastive:    0.0213
    Triplet:        0.0000
    Total:          0.0324
===> Epoch[31]: Loss: 0.3222 || Learning rate: lr=8.331246548933347e-05.

  Face Loss Components (iter 0):
    Reconstruction: 0.0087
    Contrastive:    0.0105
    Triplet:        0.0000
    Total:          0.0192

  Face Loss Components (iter 100):
    Reconstruction: 0.0112
    Contrastive:    0.0106
    Triplet:        0.0000
    Total:          0.0218

  Face Loss Components (iter 200):
    Reconstruction: 0.0069
    Contrastive:    0.0406
    Triplet:        0.0000
    Total:          0.0475

  Face Loss Components (iter 300):
    Reconstruction: 0.0124
    Contrastive:    0.0162
    Triplet:        0.0000
    Total:          0.0286

  Face Loss Components (iter 400):
    Reconstruction: 0.0113
    Contrastive:    0.0164
    Triplet:        0.0000
    Total:          0.0277

  Face Loss Components (iter 500):
    Reconstruction: 0.0128
    Contrastive:    0.0241
    Triplet:        0.0000
    Total:          0.0369

  Face Loss Components (iter 600):
    Reconstruction: 0.0129
    Contrastive:    0.0113
    Triplet:        0.0000
    Total:          0.0241

  Face Loss Components (iter 700):
    Reconstruction: 0.0093
    Contrastive:    0.0185
    Triplet:        0.0000
    Total:          0.0279

  Face Loss Components (iter 800):
    Reconstruction: 0.0092
    Contrastive:    0.0262
    Triplet:        0.0000
    Total:          0.0354

  Face Loss Components (iter 900):
    Reconstruction: 0.0088
    Contrastive:    0.0088
    Triplet:        0.0000
    Total:          0.0177

  Face Loss Components (iter 1000):
    Reconstruction: 0.0079
    Contrastive:    0.0334
    Triplet:        0.0000
    Total:          0.0413

  Face Loss Components (iter 1100):
    Reconstruction: 0.0149
    Contrastive:    0.0256
    Triplet:        0.0000
    Total:          0.0405

  Face Loss Components (iter 1200):
    Reconstruction: 0.0091
    Contrastive:    0.0080
    Triplet:        0.0000
    Total:          0.0170

  Face Loss Components (iter 1300):
    Reconstruction: 0.0058
    Contrastive:    0.0555
    Triplet:        0.0000
    Total:          0.0613

  Face Loss Components (iter 1400):
    Reconstruction: 0.0115
    Contrastive:    0.0193
    Triplet:        0.0000
    Total:          0.0308

  Face Loss Components (iter 1500):
    Reconstruction: 0.0098
    Contrastive:    0.0095
    Triplet:        0.0000
    Total:          0.0193

  Face Loss Components (iter 1600):
    Reconstruction: 0.0094
    Contrastive:    0.0115
    Triplet:        0.0000
    Total:          0.0209

  Face Loss Components (iter 1700):
    Reconstruction: 0.0088
    Contrastive:    0.0271
    Triplet:        0.0000
    Total:          0.0358

  Face Loss Components (iter 1800):
    Reconstruction: 0.0115
    Contrastive:    0.0119
    Triplet:        0.0000
    Total:          0.0234

  Face Loss Components (iter 1900):
    Reconstruction: 0.0105
    Contrastive:    0.0311
    Triplet:        0.0000
    Total:          0.0416

  Face Loss Components (iter 2000):
    Reconstruction: 0.0104
    Contrastive:    0.0138
    Triplet:        0.0000
    Total:          0.0242

  Face Loss Components (iter 2100):
    Reconstruction: 0.0107
    Contrastive:    0.0223
    Triplet:        0.0000
    Total:          0.0331

  Face Loss Components (iter 2200):
    Reconstruction: 0.0115
    Contrastive:    0.0221
    Triplet:        0.0000
    Total:          0.0336

  Face Loss Components (iter 2300):
    Reconstruction: 0.0117
    Contrastive:    0.0117
    Triplet:        0.0000
    Total:          0.0234

  Face Loss Components (iter 2400):
    Reconstruction: 0.0080
    Contrastive:    0.0403
    Triplet:        0.0000
    Total:          0.0483

  Face Loss Components (iter 2500):
    Reconstruction: 0.0090
    Contrastive:    0.0120
    Triplet:        0.0000
    Total:          0.0209
===> Epoch[32]: Loss: 0.3210 || Learning rate: lr=8.208834057057545e-05.

  Face Loss Components (iter 0):
    Reconstruction: 0.0088
    Contrastive:    0.0030
    Triplet:        0.0000
    Total:          0.0118

  Face Loss Components (iter 100):
    Reconstruction: 0.0096
    Contrastive:    0.0186
    Triplet:        0.0000
    Total:          0.0281

  Face Loss Components (iter 200):
    Reconstruction: 0.0147
    Contrastive:    0.0268
    Triplet:        0.0000
    Total:          0.0415

  Face Loss Components (iter 300):
    Reconstruction: 0.0057
    Contrastive:    0.0320
    Triplet:        0.0000
    Total:          0.0377

  Face Loss Components (iter 400):
    Reconstruction: 0.0069
    Contrastive:    0.0295
    Triplet:        0.0000
    Total:          0.0365

  Face Loss Components (iter 500):
    Reconstruction: 0.0116
    Contrastive:    0.0204
    Triplet:        0.0000
    Total:          0.0320

  Face Loss Components (iter 600):
    Reconstruction: 0.0100
    Contrastive:    0.0111
    Triplet:        0.0000
    Total:          0.0212

  Face Loss Components (iter 700):
    Reconstruction: 0.0082
    Contrastive:    0.0275
    Triplet:        0.0000
    Total:          0.0357

  Face Loss Components (iter 800):
    Reconstruction: 0.0081
    Contrastive:    0.0124
    Triplet:        0.0000
    Total:          0.0205

  Face Loss Components (iter 900):
    Reconstruction: 0.0103
    Contrastive:    0.0048
    Triplet:        0.0000
    Total:          0.0151

  Face Loss Components (iter 1000):
    Reconstruction: 0.0068
    Contrastive:    0.0134
    Triplet:        0.0000
    Total:          0.0202

  Face Loss Components (iter 1100):
    Reconstruction: 0.0116
    Contrastive:    0.0130
    Triplet:        0.0000
    Total:          0.0246

  Face Loss Components (iter 1200):
    Reconstruction: 0.0097
    Contrastive:    0.0358
    Triplet:        0.0000
    Total:          0.0455

  Face Loss Components (iter 1300):
    Reconstruction: 0.0073
    Contrastive:    0.0434
    Triplet:        0.0000
    Total:          0.0506

  Face Loss Components (iter 1400):
    Reconstruction: 0.0076
    Contrastive:    0.0036
    Triplet:        0.0000
    Total:          0.0112

  Face Loss Components (iter 1500):
    Reconstruction: 0.0131
    Contrastive:    0.0103
    Triplet:        0.0000
    Total:          0.0234

  Face Loss Components (iter 1600):
    Reconstruction: 0.0137
    Contrastive:    0.0179
    Triplet:        0.0000
    Total:          0.0316

  Face Loss Components (iter 1700):
    Reconstruction: 0.0051
    Contrastive:    0.0107
    Triplet:        0.0000
    Total:          0.0158

  Face Loss Components (iter 1800):
    Reconstruction: 0.0102
    Contrastive:    0.0300
    Triplet:        0.0000
    Total:          0.0402

  Face Loss Components (iter 1900):
    Reconstruction: 0.0113
    Contrastive:    0.0572
    Triplet:        0.0000
    Total:          0.0684

  Face Loss Components (iter 2000):
    Reconstruction: 0.0061
    Contrastive:    0.0097
    Triplet:        0.0000
    Total:          0.0157

  Face Loss Components (iter 2100):
    Reconstruction: 0.0124
    Contrastive:    0.0073
    Triplet:        0.0000
    Total:          0.0197

  Face Loss Components (iter 2200):
    Reconstruction: 0.0088
    Contrastive:    0.0214
    Triplet:        0.0000
    Total:          0.0302

  Face Loss Components (iter 2300):
    Reconstruction: 0.0082
    Contrastive:    0.0209
    Triplet:        0.0000
    Total:          0.0291

  Face Loss Components (iter 2400):
    Reconstruction: 0.0148
    Contrastive:    0.0131
    Triplet:        0.0000
    Total:          0.0279

  Face Loss Components (iter 2500):
    Reconstruction: 0.0046
    Contrastive:    0.0409
    Triplet:        0.0000
    Total:          0.0454
===> Epoch[33]: Loss: 0.3194 || Learning rate: lr=8.083061185676633e-05.

  Face Loss Components (iter 0):
    Reconstruction: 0.0084
    Contrastive:    0.0035
    Triplet:        0.0000
    Total:          0.0119

  Face Loss Components (iter 100):
    Reconstruction: 0.0062
    Contrastive:    0.0116
    Triplet:        0.0000
    Total:          0.0178

  Face Loss Components (iter 200):
    Reconstruction: 0.0104
    Contrastive:    0.0318
    Triplet:        0.0000
    Total:          0.0422

  Face Loss Components (iter 300):
    Reconstruction: 0.0086
    Contrastive:    0.0227
    Triplet:        0.0000
    Total:          0.0312

  Face Loss Components (iter 400):
    Reconstruction: 0.0104
    Contrastive:    0.0070
    Triplet:        0.0000
    Total:          0.0175

  Face Loss Components (iter 500):
    Reconstruction: 0.0056
    Contrastive:    0.0073
    Triplet:        0.0000
    Total:          0.0129

  Face Loss Components (iter 600):
    Reconstruction: 0.0058
    Contrastive:    0.0149
    Triplet:        0.0000
    Total:          0.0206

  Face Loss Components (iter 700):
    Reconstruction: 0.0099
    Contrastive:    0.0208
    Triplet:        0.0000
    Total:          0.0307

  Face Loss Components (iter 800):
    Reconstruction: 0.0102
    Contrastive:    0.0142
    Triplet:        0.0000
    Total:          0.0243

  Face Loss Components (iter 900):
    Reconstruction: 0.0064
    Contrastive:    0.0293
    Triplet:        0.0000
    Total:          0.0357

  Face Loss Components (iter 1000):
    Reconstruction: 0.0060
    Contrastive:    0.0129
    Triplet:        0.0000
    Total:          0.0189

  Face Loss Components (iter 1100):
    Reconstruction: 0.0073
    Contrastive:    0.0075
    Triplet:        0.0000
    Total:          0.0148

  Face Loss Components (iter 1200):
    Reconstruction: 0.0118
    Contrastive:    0.0210
    Triplet:        0.0000
    Total:          0.0329

  Face Loss Components (iter 1300):
    Reconstruction: 0.0079
    Contrastive:    0.0126
    Triplet:        0.0000
    Total:          0.0205

  Face Loss Components (iter 1400):
    Reconstruction: 0.0137
    Contrastive:    0.0152
    Triplet:        0.0000
    Total:          0.0289

  Face Loss Components (iter 1500):
    Reconstruction: 0.0130
    Contrastive:    0.0071
    Triplet:        0.0000
    Total:          0.0201

  Face Loss Components (iter 1600):
    Reconstruction: 0.0086
    Contrastive:    0.0342
    Triplet:        0.0000
    Total:          0.0428

  Face Loss Components (iter 1700):
    Reconstruction: 0.0098
    Contrastive:    0.0211
    Triplet:        0.0000
    Total:          0.0309

  Face Loss Components (iter 1800):
    Reconstruction: 0.0101
    Contrastive:    0.0098
    Triplet:        0.0000
    Total:          0.0199

  Face Loss Components (iter 1900):
    Reconstruction: 0.0064
    Contrastive:    0.0272
    Triplet:        0.0000
    Total:          0.0336

  Face Loss Components (iter 2000):
    Reconstruction: 0.0054
    Contrastive:    0.0153
    Triplet:        0.0000
    Total:          0.0208

  Face Loss Components (iter 2100):
    Reconstruction: 0.0052
    Contrastive:    0.0026
    Triplet:        0.0000
    Total:          0.0078

  Face Loss Components (iter 2200):
    Reconstruction: 0.0102
    Contrastive:    0.0192
    Triplet:        0.0000
    Total:          0.0294

  Face Loss Components (iter 2300):
    Reconstruction: 0.0095
    Contrastive:    0.0284
    Triplet:        0.0000
    Total:          0.0378

  Face Loss Components (iter 2400):
    Reconstruction: 0.0088
    Contrastive:    0.0160
    Triplet:        0.0000
    Total:          0.0248

  Face Loss Components (iter 2500):
    Reconstruction: 0.0134
    Contrastive:    0.0105
    Triplet:        0.0000
    Total:          0.0239
===> Epoch[34]: Loss: 0.3184 || Learning rate: lr=7.954059853164584e-05.

  Face Loss Components (iter 0):
    Reconstruction: 0.0069
    Contrastive:    0.0040
    Triplet:        0.0000
    Total:          0.0109

  Face Loss Components (iter 100):
    Reconstruction: 0.0086
    Contrastive:    0.0378
    Triplet:        0.0000
    Total:          0.0464

  Face Loss Components (iter 200):
    Reconstruction: 0.0128
    Contrastive:    0.0395
    Triplet:        0.0000
    Total:          0.0522

  Face Loss Components (iter 300):
    Reconstruction: 0.0104
    Contrastive:    0.0086
    Triplet:        0.0000
    Total:          0.0190

  Face Loss Components (iter 400):
    Reconstruction: 0.0108
    Contrastive:    0.0221
    Triplet:        0.0000
    Total:          0.0329

  Face Loss Components (iter 500):
    Reconstruction: 0.0136
    Contrastive:    0.0072
    Triplet:        0.0000
    Total:          0.0208

  Face Loss Components (iter 600):
    Reconstruction: 0.0085
    Contrastive:    0.0177
    Triplet:        0.0000
    Total:          0.0262

  Face Loss Components (iter 700):
    Reconstruction: 0.0061
    Contrastive:    0.0078
    Triplet:        0.0000
    Total:          0.0139

  Face Loss Components (iter 800):
    Reconstruction: 0.0106
    Contrastive:    0.0067
    Triplet:        0.0000
    Total:          0.0173

  Face Loss Components (iter 900):
    Reconstruction: 0.0109
    Contrastive:    0.0087
    Triplet:        0.0000
    Total:          0.0196

  Face Loss Components (iter 1000):
    Reconstruction: 0.0071
    Contrastive:    0.0120
    Triplet:        0.0000
    Total:          0.0192

  Face Loss Components (iter 1100):
    Reconstruction: 0.0062
    Contrastive:    0.0125
    Triplet:        0.0000
    Total:          0.0187

  Face Loss Components (iter 1200):
    Reconstruction: 0.0082
    Contrastive:    0.0111
    Triplet:        0.0000
    Total:          0.0193

  Face Loss Components (iter 1300):
    Reconstruction: 0.0135
    Contrastive:    0.0122
    Triplet:        0.0000
    Total:          0.0257

  Face Loss Components (iter 1400):
    Reconstruction: 0.0101
    Contrastive:    0.0158
    Triplet:        0.0000
    Total:          0.0260

  Face Loss Components (iter 1500):
    Reconstruction: 0.0109
    Contrastive:    0.0226
    Triplet:        0.0000
    Total:          0.0335

  Face Loss Components (iter 1600):
    Reconstruction: 0.0105
    Contrastive:    0.0152
    Triplet:        0.0000
    Total:          0.0257

  Face Loss Components (iter 1700):
    Reconstruction: 0.0152
    Contrastive:    0.0089
    Triplet:        0.0000
    Total:          0.0241

  Face Loss Components (iter 1800):
    Reconstruction: 0.0096
    Contrastive:    0.0110
    Triplet:        0.0000
    Total:          0.0205

  Face Loss Components (iter 1900):
    Reconstruction: 0.0099
    Contrastive:    0.0212
    Triplet:        0.0000
    Total:          0.0312

  Face Loss Components (iter 2000):
    Reconstruction: 0.0081
    Contrastive:    0.0095
    Triplet:        0.0000
    Total:          0.0176

  Face Loss Components (iter 2100):
    Reconstruction: 0.0097
    Contrastive:    0.0135
    Triplet:        0.0000
    Total:          0.0232

  Face Loss Components (iter 2200):
    Reconstruction: 0.0112
    Contrastive:    0.0128
    Triplet:        0.0000
    Total:          0.0241

  Face Loss Components (iter 2300):
    Reconstruction: 0.0056
    Contrastive:    0.0057
    Triplet:        0.0000
    Total:          0.0114

  Face Loss Components (iter 2400):
    Reconstruction: 0.0134
    Contrastive:    0.0200
    Triplet:        0.0000
    Total:          0.0334

  Face Loss Components (iter 2500):
    Reconstruction: 0.0096
    Contrastive:    0.0101
    Triplet:        0.0000
    Total:          0.0198
===> Epoch[35]: Loss: 0.3171 || Learning rate: lr=7.821965364105279e-05.

  Face Loss Components (iter 0):
    Reconstruction: 0.0090
    Contrastive:    0.0289
    Triplet:        0.0000
    Total:          0.0379

  Face Loss Components (iter 100):
    Reconstruction: 0.0100
    Contrastive:    0.0140
    Triplet:        0.0000
    Total:          0.0240

  Face Loss Components (iter 200):
    Reconstruction: 0.0085
    Contrastive:    0.0118
    Triplet:        0.0000
    Total:          0.0203

  Face Loss Components (iter 300):
    Reconstruction: 0.0109
    Contrastive:    0.0080
    Triplet:        0.0000
    Total:          0.0188

  Face Loss Components (iter 400):
    Reconstruction: 0.0097
    Contrastive:    0.0084
    Triplet:        0.0000
    Total:          0.0181

  Face Loss Components (iter 500):
    Reconstruction: 0.0095
    Contrastive:    0.0134
    Triplet:        0.0000
    Total:          0.0229

  Face Loss Components (iter 600):
    Reconstruction: 0.0089
    Contrastive:    0.0219
    Triplet:        0.0000
    Total:          0.0308

  Face Loss Components (iter 700):
    Reconstruction: 0.0072
    Contrastive:    0.0109
    Triplet:        0.0000
    Total:          0.0181

  Face Loss Components (iter 800):
    Reconstruction: 0.0108
    Contrastive:    0.0104
    Triplet:        0.0000
    Total:          0.0213

  Face Loss Components (iter 900):
    Reconstruction: 0.0087
    Contrastive:    0.0053
    Triplet:        0.0000
    Total:          0.0139

  Face Loss Components (iter 1000):
    Reconstruction: 0.0065
    Contrastive:    0.0101
    Triplet:        0.0000
    Total:          0.0166

  Face Loss Components (iter 1100):
    Reconstruction: 0.0090
    Contrastive:    0.0444
    Triplet:        0.0000
    Total:          0.0534

  Face Loss Components (iter 1200):
    Reconstruction: 0.0103
    Contrastive:    0.0128
    Triplet:        0.0000
    Total:          0.0230

  Face Loss Components (iter 1300):
    Reconstruction: 0.0084
    Contrastive:    0.0149
    Triplet:        0.0000
    Total:          0.0233

  Face Loss Components (iter 1400):
    Reconstruction: 0.0037
    Contrastive:    0.0103
    Triplet:        0.0000
    Total:          0.0140

  Face Loss Components (iter 1500):
    Reconstruction: 0.0085
    Contrastive:    0.0101
    Triplet:        0.0000
    Total:          0.0186

  Face Loss Components (iter 1600):
    Reconstruction: 0.0123
    Contrastive:    0.0199
    Triplet:        0.0000
    Total:          0.0322

  Face Loss Components (iter 1700):
    Reconstruction: 0.0111
    Contrastive:    0.0211
    Triplet:        0.0000
    Total:          0.0322

  Face Loss Components (iter 1800):
    Reconstruction: 0.0122
    Contrastive:    0.0084
    Triplet:        0.0000
    Total:          0.0207

  Face Loss Components (iter 1900):
    Reconstruction: 0.0074
    Contrastive:    0.0073
    Triplet:        0.0000
    Total:          0.0147

  Face Loss Components (iter 2000):
    Reconstruction: 0.0072
    Contrastive:    0.0047
    Triplet:        0.0000
    Total:          0.0119

  Face Loss Components (iter 2100):
    Reconstruction: 0.0055
    Contrastive:    0.0260
    Triplet:        0.0000
    Total:          0.0315

  Face Loss Components (iter 2200):
    Reconstruction: 0.0091
    Contrastive:    0.0276
    Triplet:        0.0000
    Total:          0.0368

  Face Loss Components (iter 2300):
    Reconstruction: 0.0071
    Contrastive:    0.0107
    Triplet:        0.0000
    Total:          0.0178

  Face Loss Components (iter 2400):
    Reconstruction: 0.0099
    Contrastive:    0.0158
    Triplet:        0.0000
    Total:          0.0257

  Face Loss Components (iter 2500):
    Reconstruction: 0.0098
    Contrastive:    0.0130
    Triplet:        0.0000
    Total:          0.0228
===> Epoch[36]: Loss: 0.3165 || Learning rate: lr=7.686916267376675e-05.

  Face Loss Components (iter 0):
    Reconstruction: 0.0147
    Contrastive:    0.0068
    Triplet:        0.0000
    Total:          0.0215

  Face Loss Components (iter 100):
    Reconstruction: 0.0090
    Contrastive:    0.0126
    Triplet:        0.0000
    Total:          0.0216

  Face Loss Components (iter 200):
    Reconstruction: 0.0051
    Contrastive:    0.0307
    Triplet:        0.0000
    Total:          0.0359

  Face Loss Components (iter 300):
    Reconstruction: 0.0079
    Contrastive:    0.0290
    Triplet:        0.0000
    Total:          0.0369

  Face Loss Components (iter 400):
    Reconstruction: 0.0080
    Contrastive:    0.0083
    Triplet:        0.0000
    Total:          0.0163

  Face Loss Components (iter 500):
    Reconstruction: 0.0115
    Contrastive:    0.0086
    Triplet:        0.0000
    Total:          0.0201

  Face Loss Components (iter 600):
    Reconstruction: 0.0110
    Contrastive:    0.0183
    Triplet:        0.0000
    Total:          0.0293

  Face Loss Components (iter 700):
    Reconstruction: 0.0125
    Contrastive:    0.0353
    Triplet:        0.0000
    Total:          0.0478

  Face Loss Components (iter 800):
    Reconstruction: 0.0092
    Contrastive:    0.0078
    Triplet:        0.0000
    Total:          0.0170

  Face Loss Components (iter 900):
    Reconstruction: 0.0125
    Contrastive:    0.0145
    Triplet:        0.0000
    Total:          0.0270

  Face Loss Components (iter 1000):
    Reconstruction: 0.0113
    Contrastive:    0.0221
    Triplet:        0.0000
    Total:          0.0334

  Face Loss Components (iter 1100):
    Reconstruction: 0.0088
    Contrastive:    0.0124
    Triplet:        0.0000
    Total:          0.0212

  Face Loss Components (iter 1200):
    Reconstruction: 0.0073
    Contrastive:    0.0078
    Triplet:        0.0000
    Total:          0.0151

  Face Loss Components (iter 1300):
    Reconstruction: 0.0139
    Contrastive:    0.0458
    Triplet:        0.0000
    Total:          0.0596

  Face Loss Components (iter 1400):
    Reconstruction: 0.0076
    Contrastive:    0.0094
    Triplet:        0.0000
    Total:          0.0170

  Face Loss Components (iter 1500):
    Reconstruction: 0.0114
    Contrastive:    0.0129
    Triplet:        0.0000
    Total:          0.0242

  Face Loss Components (iter 1600):
    Reconstruction: 0.0092
    Contrastive:    0.0147
    Triplet:        0.0000
    Total:          0.0239

  Face Loss Components (iter 1700):
    Reconstruction: 0.0065
    Contrastive:    0.0129
    Triplet:        0.0000
    Total:          0.0194

  Face Loss Components (iter 1800):
    Reconstruction: 0.0105
    Contrastive:    0.0220
    Triplet:        0.0000
    Total:          0.0325

  Face Loss Components (iter 1900):
    Reconstruction: 0.0121
    Contrastive:    0.0417
    Triplet:        0.0000
    Total:          0.0538

  Face Loss Components (iter 2000):
    Reconstruction: 0.0093
    Contrastive:    0.0193
    Triplet:        0.0000
    Total:          0.0286

  Face Loss Components (iter 2100):
    Reconstruction: 0.0094
    Contrastive:    0.0065
    Triplet:        0.0000
    Total:          0.0159

  Face Loss Components (iter 2200):
    Reconstruction: 0.0065
    Contrastive:    0.0093
    Triplet:        0.0000
    Total:          0.0159

  Face Loss Components (iter 2300):
    Reconstruction: 0.0060
    Contrastive:    0.0181
    Triplet:        0.0000
    Total:          0.0241

  Face Loss Components (iter 2400):
    Reconstruction: 0.0087
    Contrastive:    0.0246
    Triplet:        0.0000
    Total:          0.0333

  Face Loss Components (iter 2500):
    Reconstruction: 0.0099
    Contrastive:    0.0138
    Triplet:        0.0000
    Total:          0.0237
===> Epoch[37]: Loss: 0.3155 || Learning rate: lr=7.549054210832172e-05.

  Face Loss Components (iter 0):
    Reconstruction: 0.0181
    Contrastive:    0.0102
    Triplet:        0.0000
    Total:          0.0283

  Face Loss Components (iter 100):
    Reconstruction: 0.0121
    Contrastive:    0.0411
    Triplet:        0.0000
    Total:          0.0531

  Face Loss Components (iter 200):
    Reconstruction: 0.0089
    Contrastive:    0.0210
    Triplet:        0.0000
    Total:          0.0299

  Face Loss Components (iter 300):
    Reconstruction: 0.0116
    Contrastive:    0.0075
    Triplet:        0.0000
    Total:          0.0191

  Face Loss Components (iter 400):
    Reconstruction: 0.0105
    Contrastive:    0.0057
    Triplet:        0.0000
    Total:          0.0162

  Face Loss Components (iter 500):
    Reconstruction: 0.0129
    Contrastive:    0.0082
    Triplet:        0.0000
    Total:          0.0211

  Face Loss Components (iter 600):
    Reconstruction: 0.0086
    Contrastive:    0.0263
    Triplet:        0.0000
    Total:          0.0350

  Face Loss Components (iter 700):
    Reconstruction: 0.0051
    Contrastive:    0.0139
    Triplet:        0.0000
    Total:          0.0190

  Face Loss Components (iter 800):
    Reconstruction: 0.0133
    Contrastive:    0.0186
    Triplet:        0.0000
    Total:          0.0319

  Face Loss Components (iter 900):
    Reconstruction: 0.0099
    Contrastive:    0.0075
    Triplet:        0.0000
    Total:          0.0174

  Face Loss Components (iter 1000):
    Reconstruction: 0.0098
    Contrastive:    0.0121
    Triplet:        0.0000
    Total:          0.0219

  Face Loss Components (iter 1100):
    Reconstruction: 0.0072
    Contrastive:    0.0165
    Triplet:        0.0000
    Total:          0.0237

  Face Loss Components (iter 1200):
    Reconstruction: 0.0114
    Contrastive:    0.0322
    Triplet:        0.0000
    Total:          0.0435

  Face Loss Components (iter 1300):
    Reconstruction: 0.0142
    Contrastive:    0.0079
    Triplet:        0.0000
    Total:          0.0221

  Face Loss Components (iter 1400):
    Reconstruction: 0.0142
    Contrastive:    0.0252
    Triplet:        0.0000
    Total:          0.0394

  Face Loss Components (iter 1500):
    Reconstruction: 0.0073
    Contrastive:    0.0334
    Triplet:        0.0000
    Total:          0.0406

  Face Loss Components (iter 1600):
    Reconstruction: 0.0091
    Contrastive:    0.0154
    Triplet:        0.0000
    Total:          0.0245

  Face Loss Components (iter 1700):
    Reconstruction: 0.0096
    Contrastive:    0.0140
    Triplet:        0.0000
    Total:          0.0236

  Face Loss Components (iter 1800):
    Reconstruction: 0.0126
    Contrastive:    0.0093
    Triplet:        0.0000
    Total:          0.0219

  Face Loss Components (iter 1900):
    Reconstruction: 0.0092
    Contrastive:    0.0149
    Triplet:        0.0000
    Total:          0.0241

  Face Loss Components (iter 2000):
    Reconstruction: 0.0058
    Contrastive:    0.0262
    Triplet:        0.0000
    Total:          0.0319

  Face Loss Components (iter 2100):
    Reconstruction: 0.0036
    Contrastive:    0.0187
    Triplet:        0.0000
    Total:          0.0223

  Face Loss Components (iter 2200):
    Reconstruction: 0.0112
    Contrastive:    0.0274
    Triplet:        0.0000
    Total:          0.0386

  Face Loss Components (iter 2300):
    Reconstruction: 0.0124
    Contrastive:    0.0129
    Triplet:        0.0000
    Total:          0.0253

  Face Loss Components (iter 2400):
    Reconstruction: 0.0066
    Contrastive:    0.0476
    Triplet:        0.0000
    Total:          0.0541

  Face Loss Components (iter 2500):
    Reconstruction: 0.0118
    Contrastive:    0.0178
    Triplet:        0.0000
    Total:          0.0297
===> Epoch[38]: Loss: 0.3145 || Learning rate: lr=7.408523792731571e-05.

  Face Loss Components (iter 0):
    Reconstruction: 0.0068
    Contrastive:    0.0199
    Triplet:        0.0000
    Total:          0.0267

  Face Loss Components (iter 100):
    Reconstruction: 0.0056
    Contrastive:    0.0307
    Triplet:        0.0000
    Total:          0.0363

  Face Loss Components (iter 200):
    Reconstruction: 0.0069
    Contrastive:    0.0084
    Triplet:        0.0000
    Total:          0.0154

  Face Loss Components (iter 300):
    Reconstruction: 0.0120
    Contrastive:    0.0124
    Triplet:        0.0000
    Total:          0.0244

  Face Loss Components (iter 400):
    Reconstruction: 0.0119
    Contrastive:    0.0074
    Triplet:        0.0000
    Total:          0.0194

  Face Loss Components (iter 500):
    Reconstruction: 0.0085
    Contrastive:    0.0174
    Triplet:        0.0000
    Total:          0.0259

  Face Loss Components (iter 600):
    Reconstruction: 0.0078
    Contrastive:    0.0194
    Triplet:        0.0000
    Total:          0.0272

  Face Loss Components (iter 700):
    Reconstruction: 0.0101
    Contrastive:    0.0390
    Triplet:        0.0000
    Total:          0.0491

  Face Loss Components (iter 800):
    Reconstruction: 0.0106
    Contrastive:    0.0135
    Triplet:        0.0000
    Total:          0.0241

  Face Loss Components (iter 900):
    Reconstruction: 0.0110
    Contrastive:    0.0327
    Triplet:        0.0000
    Total:          0.0437

  Face Loss Components (iter 1000):
    Reconstruction: 0.0094
    Contrastive:    0.0043
    Triplet:        0.0000
    Total:          0.0137

  Face Loss Components (iter 1100):
    Reconstruction: 0.0093
    Contrastive:    0.0115
    Triplet:        0.0000
    Total:          0.0207

  Face Loss Components (iter 1200):
    Reconstruction: 0.0063
    Contrastive:    0.0208
    Triplet:        0.0000
    Total:          0.0271

  Face Loss Components (iter 1300):
    Reconstruction: 0.0084
    Contrastive:    0.0149
    Triplet:        0.0000
    Total:          0.0232

  Face Loss Components (iter 1400):
    Reconstruction: 0.0055
    Contrastive:    0.0114
    Triplet:        0.0000
    Total:          0.0169

  Face Loss Components (iter 1500):
    Reconstruction: 0.0045
    Contrastive:    0.0191
    Triplet:        0.0000
    Total:          0.0236

  Face Loss Components (iter 1600):
    Reconstruction: 0.0153
    Contrastive:    0.0268
    Triplet:        0.0000
    Total:          0.0421

  Face Loss Components (iter 1700):
    Reconstruction: 0.0076
    Contrastive:    0.0181
    Triplet:        0.0000
    Total:          0.0257

  Face Loss Components (iter 1800):
    Reconstruction: 0.0099
    Contrastive:    0.0090
    Triplet:        0.0000
    Total:          0.0189

  Face Loss Components (iter 1900):
    Reconstruction: 0.0141
    Contrastive:    0.0148
    Triplet:        0.0000
    Total:          0.0289

  Face Loss Components (iter 2000):
    Reconstruction: 0.0083
    Contrastive:    0.0227
    Triplet:        0.0000
    Total:          0.0310

  Face Loss Components (iter 2100):
    Reconstruction: 0.0119
    Contrastive:    0.0050
    Triplet:        0.0000
    Total:          0.0168

  Face Loss Components (iter 2200):
    Reconstruction: 0.0091
    Contrastive:    0.0204
    Triplet:        0.0000
    Total:          0.0295

  Face Loss Components (iter 2300):
    Reconstruction: 0.0099
    Contrastive:    0.0160
    Triplet:        0.0000
    Total:          0.0260

  Face Loss Components (iter 2400):
    Reconstruction: 0.0111
    Contrastive:    0.0298
    Triplet:        0.0000
    Total:          0.0409

  Face Loss Components (iter 2500):
    Reconstruction: 0.0091
    Contrastive:    0.0335
    Triplet:        0.0000
    Total:          0.0425
===> Epoch[39]: Loss: 0.3130 || Learning rate: lr=7.265472410077473e-05.

  Face Loss Components (iter 0):
    Reconstruction: 0.0067
    Contrastive:    0.0309
    Triplet:        0.0000
    Total:          0.0376

  Face Loss Components (iter 100):
    Reconstruction: 0.0072
    Contrastive:    0.0210
    Triplet:        0.0000
    Total:          0.0283

  Face Loss Components (iter 200):
    Reconstruction: 0.0109
    Contrastive:    0.0252
    Triplet:        0.0000
    Total:          0.0361

  Face Loss Components (iter 300):
    Reconstruction: 0.0114
    Contrastive:    0.0223
    Triplet:        0.0000
    Total:          0.0337

  Face Loss Components (iter 400):
    Reconstruction: 0.0077
    Contrastive:    0.0169
    Triplet:        0.0000
    Total:          0.0246

  Face Loss Components (iter 500):
    Reconstruction: 0.0090
    Contrastive:    0.0250
    Triplet:        0.0000
    Total:          0.0341

  Face Loss Components (iter 600):
    Reconstruction: 0.0092
    Contrastive:    0.0202
    Triplet:        0.0000
    Total:          0.0293

  Face Loss Components (iter 700):
    Reconstruction: 0.0102
    Contrastive:    0.0223
    Triplet:        0.0000
    Total:          0.0325

  Face Loss Components (iter 800):
    Reconstruction: 0.0098
    Contrastive:    0.0203
    Triplet:        0.0000
    Total:          0.0301

  Face Loss Components (iter 900):
    Reconstruction: 0.0052
    Contrastive:    0.0203
    Triplet:        0.0000
    Total:          0.0255

  Face Loss Components (iter 1000):
    Reconstruction: 0.0108
    Contrastive:    0.0225
    Triplet:        0.0000
    Total:          0.0333

  Face Loss Components (iter 1100):
    Reconstruction: 0.0132
    Contrastive:    0.0191
    Triplet:        0.0000
    Total:          0.0322

  Face Loss Components (iter 1200):
    Reconstruction: 0.0080
    Contrastive:    0.0117
    Triplet:        0.0000
    Total:          0.0197

  Face Loss Components (iter 1300):
    Reconstruction: 0.0110
    Contrastive:    0.0313
    Triplet:        0.0000
    Total:          0.0422

  Face Loss Components (iter 1400):
    Reconstruction: 0.0099
    Contrastive:    0.0100
    Triplet:        0.0000
    Total:          0.0199

  Face Loss Components (iter 1500):
    Reconstruction: 0.0103
    Contrastive:    0.0062
    Triplet:        0.0000
    Total:          0.0165

  Face Loss Components (iter 1600):
    Reconstruction: 0.0034
    Contrastive:    0.0459
    Triplet:        0.0000
    Total:          0.0493

  Face Loss Components (iter 1700):
    Reconstruction: 0.0080
    Contrastive:    0.0462
    Triplet:        0.0000
    Total:          0.0542

  Face Loss Components (iter 1800):
    Reconstruction: 0.0131
    Contrastive:    0.0226
    Triplet:        0.0000
    Total:          0.0357

  Face Loss Components (iter 1900):
    Reconstruction: 0.0103
    Contrastive:    0.0059
    Triplet:        0.0000
    Total:          0.0162

  Face Loss Components (iter 2000):
    Reconstruction: 0.0102
    Contrastive:    0.0067
    Triplet:        0.0000
    Total:          0.0169

  Face Loss Components (iter 2100):
    Reconstruction: 0.0116
    Contrastive:    0.0081
    Triplet:        0.0000
    Total:          0.0197

  Face Loss Components (iter 2200):
    Reconstruction: 0.0088
    Contrastive:    0.0159
    Triplet:        0.0000
    Total:          0.0247

  Face Loss Components (iter 2300):
    Reconstruction: 0.0101
    Contrastive:    0.0151
    Triplet:        0.0000
    Total:          0.0252

  Face Loss Components (iter 2400):
    Reconstruction: 0.0113
    Contrastive:    0.0246
    Triplet:        0.0000
    Total:          0.0359

  Face Loss Components (iter 2500):
    Reconstruction: 0.0075
    Contrastive:    0.0204
    Triplet:        0.0000
    Total:          0.0279
===> Epoch[40]: Loss: 0.3128 || Learning rate: lr=7.120050104016165e-05.
Checkpoint saved to ./weights/train/epoch_40.pth
Pre-trained model is loaded.
Evaluation:
===> End evaluation
Setting up [LPIPS] perceptual loss: trunk [alex], v[0.1], spatial [off]
Loading model from: /home/hpc4090/miniconda3/envs/jamal/lib/python3.12/site-packages/lpips/weights/v0.1/alex.pth
===> Avg.PSNR: 31.2168 dB 
===> Avg.SSIM: 0.9010 
===> Avg.LPIPS: 0.0895 
[31.113139814494996, 31.68606542701128, 32.04041394960111, 31.216789086031728]
[0.8944346425384574, 0.8940010765991682, 0.9009266616457621, 0.900978022849979]
[0.10720190010708973, 0.10554263371205519, 0.09347565761807089, 0.08947221164020175]

  Face Loss Components (iter 0):
    Reconstruction: 0.0183
    Contrastive:    0.0159
    Triplet:        0.0000
    Total:          0.0342

  Face Loss Components (iter 100):
    Reconstruction: 0.0110
    Contrastive:    0.0238
    Triplet:        0.0000
    Total:          0.0348

  Face Loss Components (iter 200):
    Reconstruction: 0.0113
    Contrastive:    0.0073
    Triplet:        0.0000
    Total:          0.0186

  Face Loss Components (iter 300):
    Reconstruction: 0.0070
    Contrastive:    0.0310
    Triplet:        0.0000
    Total:          0.0380

  Face Loss Components (iter 400):
    Reconstruction: 0.0103
    Contrastive:    0.0166
    Triplet:        0.0000
    Total:          0.0269

  Face Loss Components (iter 500):
    Reconstruction: 0.0088
    Contrastive:    0.0335
    Triplet:        0.0000
    Total:          0.0423

  Face Loss Components (iter 600):
    Reconstruction: 0.0081
    Contrastive:    0.0139
    Triplet:        0.0000
    Total:          0.0220

  Face Loss Components (iter 700):
    Reconstruction: 0.0070
    Contrastive:    0.0083
    Triplet:        0.0000
    Total:          0.0153

  Face Loss Components (iter 800):
    Reconstruction: 0.0088
    Contrastive:    0.0115
    Triplet:        0.0000
    Total:          0.0203

  Face Loss Components (iter 900):
    Reconstruction: 0.0097
    Contrastive:    0.0101
    Triplet:        0.0000
    Total:          0.0198

  Face Loss Components (iter 1000):
    Reconstruction: 0.0086
    Contrastive:    0.0150
    Triplet:        0.0000
    Total:          0.0236

  Face Loss Components (iter 1100):
    Reconstruction: 0.0054
    Contrastive:    0.0238
    Triplet:        0.0000
    Total:          0.0292

  Face Loss Components (iter 1200):
    Reconstruction: 0.0106
    Contrastive:    0.0062
    Triplet:        0.0000
    Total:          0.0167

  Face Loss Components (iter 1300):
    Reconstruction: 0.0061
    Contrastive:    0.0150
    Triplet:        0.0000
    Total:          0.0212

  Face Loss Components (iter 1400):
    Reconstruction: 0.0083
    Contrastive:    0.0121
    Triplet:        0.0000
    Total:          0.0204

  Face Loss Components (iter 1500):
    Reconstruction: 0.0071
    Contrastive:    0.0100
    Triplet:        0.0000
    Total:          0.0171

  Face Loss Components (iter 1600):
    Reconstruction: 0.0044
    Contrastive:    0.0276
    Triplet:        0.0000
    Total:          0.0320

  Face Loss Components (iter 1700):
    Reconstruction: 0.0113
    Contrastive:    0.0100
    Triplet:        0.0000
    Total:          0.0214

  Face Loss Components (iter 1800):
    Reconstruction: 0.0076
    Contrastive:    0.0046
    Triplet:        0.0000
    Total:          0.0122

  Face Loss Components (iter 1900):
    Reconstruction: 0.0155
    Contrastive:    0.0052
    Triplet:        0.0000
    Total:          0.0206

  Face Loss Components (iter 2000):
    Reconstruction: 0.0063
    Contrastive:    0.0167
    Triplet:        0.0000
    Total:          0.0230

  Face Loss Components (iter 2100):
    Reconstruction: 0.0131
    Contrastive:    0.0121
    Triplet:        0.0000
    Total:          0.0251

  Face Loss Components (iter 2200):
    Reconstruction: 0.0081
    Contrastive:    0.0025
    Triplet:        0.0000
    Total:          0.0106

  Face Loss Components (iter 2300):
    Reconstruction: 0.0128
    Contrastive:    0.0078
    Triplet:        0.0000
    Total:          0.0206

  Face Loss Components (iter 2400):
    Reconstruction: 0.0112
    Contrastive:    0.0115
    Triplet:        0.0000
    Total:          0.0227

  Face Loss Components (iter 2500):
    Reconstruction: 0.0094
    Contrastive:    0.0083
    Triplet:        0.0000
    Total:          0.0177
===> Epoch[41]: Loss: 0.3116 || Learning rate: lr=6.97240940246519e-05.

  Face Loss Components (iter 0):
    Reconstruction: 0.0143
    Contrastive:    0.0136
    Triplet:        0.0000
    Total:          0.0279

  Face Loss Components (iter 100):
    Reconstruction: 0.0057
    Contrastive:    0.0108
    Triplet:        0.0000
    Total:          0.0165

  Face Loss Components (iter 200):
    Reconstruction: 0.0080
    Contrastive:    0.0113
    Triplet:        0.0000
    Total:          0.0193

  Face Loss Components (iter 300):
    Reconstruction: 0.0061
    Contrastive:    0.0067
    Triplet:        0.0000
    Total:          0.0128

  Face Loss Components (iter 400):
    Reconstruction: 0.0059
    Contrastive:    0.0136
    Triplet:        0.0000
    Total:          0.0195

  Face Loss Components (iter 500):
    Reconstruction: 0.0068
    Contrastive:    0.0076
    Triplet:        0.0000
    Total:          0.0144

  Face Loss Components (iter 600):
    Reconstruction: 0.0092
    Contrastive:    0.0072
    Triplet:        0.0000
    Total:          0.0164

  Face Loss Components (iter 700):
    Reconstruction: 0.0067
    Contrastive:    0.0043
    Triplet:        0.0000
    Total:          0.0110

  Face Loss Components (iter 800):
    Reconstruction: 0.0058
    Contrastive:    0.0295
    Triplet:        0.0000
    Total:          0.0353

  Face Loss Components (iter 900):
    Reconstruction: 0.0119
    Contrastive:    0.0157
    Triplet:        0.0000
    Total:          0.0276

  Face Loss Components (iter 1000):
    Reconstruction: 0.0145
    Contrastive:    0.0077
    Triplet:        0.0000
    Total:          0.0222

  Face Loss Components (iter 1100):
    Reconstruction: 0.0059
    Contrastive:    0.0394
    Triplet:        0.0000
    Total:          0.0453

  Face Loss Components (iter 1200):
    Reconstruction: 0.0109
    Contrastive:    0.0115
    Triplet:        0.0000
    Total:          0.0224

  Face Loss Components (iter 1300):
    Reconstruction: 0.0130
    Contrastive:    0.0254
    Triplet:        0.0000
    Total:          0.0384

  Face Loss Components (iter 1400):
    Reconstruction: 0.0072
    Contrastive:    0.0267
    Triplet:        0.0000
    Total:          0.0338

  Face Loss Components (iter 1500):
    Reconstruction: 0.0115
    Contrastive:    0.0118
    Triplet:        0.0000
    Total:          0.0233

  Face Loss Components (iter 1600):
    Reconstruction: 0.0095
    Contrastive:    0.0176
    Triplet:        0.0000
    Total:          0.0271

  Face Loss Components (iter 1700):
    Reconstruction: 0.0099
    Contrastive:    0.0137
    Triplet:        0.0000
    Total:          0.0236

  Face Loss Components (iter 1800):
    Reconstruction: 0.0127
    Contrastive:    0.0300
    Triplet:        0.0000
    Total:          0.0426

  Face Loss Components (iter 1900):
    Reconstruction: 0.0052
    Contrastive:    0.0189
    Triplet:        0.0000
    Total:          0.0241

  Face Loss Components (iter 2000):
    Reconstruction: 0.0105
    Contrastive:    0.0093
    Triplet:        0.0000
    Total:          0.0198

  Face Loss Components (iter 2100):
    Reconstruction: 0.0102
    Contrastive:    0.0235
    Triplet:        0.0000
    Total:          0.0337

  Face Loss Components (iter 2200):
    Reconstruction: 0.0111
    Contrastive:    0.0517
    Triplet:        0.0000
    Total:          0.0628

  Face Loss Components (iter 2300):
    Reconstruction: 0.0133
    Contrastive:    0.0123
    Triplet:        0.0000
    Total:          0.0255

  Face Loss Components (iter 2400):
    Reconstruction: 0.0132
    Contrastive:    0.0185
    Triplet:        0.0000
    Total:          0.0318

  Face Loss Components (iter 2500):
    Reconstruction: 0.0085
    Contrastive:    0.0132
    Triplet:        0.0000
    Total:          0.0218
===> Epoch[42]: Loss: 0.3107 || Learning rate: lr=6.822705160132621e-05.

  Face Loss Components (iter 0):
    Reconstruction: 0.0096
    Contrastive:    0.0233
    Triplet:        0.0000
    Total:          0.0330

  Face Loss Components (iter 100):
    Reconstruction: 0.0094
    Contrastive:    0.0243
    Triplet:        0.0000
    Total:          0.0337

  Face Loss Components (iter 200):
    Reconstruction: 0.0104
    Contrastive:    0.0238
    Triplet:        0.0000
    Total:          0.0342

  Face Loss Components (iter 300):
    Reconstruction: 0.0038
    Contrastive:    0.0068
    Triplet:        0.0000
    Total:          0.0106

  Face Loss Components (iter 400):
    Reconstruction: 0.0037
    Contrastive:    0.0066
    Triplet:        0.0000
    Total:          0.0102

  Face Loss Components (iter 500):
    Reconstruction: 0.0065
    Contrastive:    0.0267
    Triplet:        0.0000
    Total:          0.0331

  Face Loss Components (iter 600):
    Reconstruction: 0.0063
    Contrastive:    0.0100
    Triplet:        0.0000
    Total:          0.0163

  Face Loss Components (iter 700):
    Reconstruction: 0.0045
    Contrastive:    0.0064
    Triplet:        0.0000
    Total:          0.0109

  Face Loss Components (iter 800):
    Reconstruction: 0.0098
    Contrastive:    0.0135
    Triplet:        0.0000
    Total:          0.0233

  Face Loss Components (iter 900):
    Reconstruction: 0.0136
    Contrastive:    0.0096
    Triplet:        0.0000
    Total:          0.0232

  Face Loss Components (iter 1000):
    Reconstruction: 0.0045
    Contrastive:    0.0069
    Triplet:        0.0000
    Total:          0.0115

  Face Loss Components (iter 1100):
    Reconstruction: 0.0104
    Contrastive:    0.0089
    Triplet:        0.0000
    Total:          0.0193

  Face Loss Components (iter 1200):
    Reconstruction: 0.0083
    Contrastive:    0.0115
    Triplet:        0.0000
    Total:          0.0198

  Face Loss Components (iter 1300):
    Reconstruction: 0.0053
    Contrastive:    0.0064
    Triplet:        0.0000
    Total:          0.0117

  Face Loss Components (iter 1400):
    Reconstruction: 0.0070
    Contrastive:    0.0050
    Triplet:        0.0000
    Total:          0.0121

  Face Loss Components (iter 1500):
    Reconstruction: 0.0065
    Contrastive:    0.0167
    Triplet:        0.0000
    Total:          0.0232

  Face Loss Components (iter 1600):
    Reconstruction: 0.0104
    Contrastive:    0.0166
    Triplet:        0.0000
    Total:          0.0270

  Face Loss Components (iter 1700):
    Reconstruction: 0.0100
    Contrastive:    0.0179
    Triplet:        0.0000
    Total:          0.0280

  Face Loss Components (iter 1800):
    Reconstruction: 0.0101
    Contrastive:    0.0242
    Triplet:        0.0000
    Total:          0.0342

  Face Loss Components (iter 1900):
    Reconstruction: 0.0151
    Contrastive:    0.0215
    Triplet:        0.0000
    Total:          0.0366

  Face Loss Components (iter 2000):
    Reconstruction: 0.0084
    Contrastive:    0.0242
    Triplet:        0.0000
    Total:          0.0326

  Face Loss Components (iter 2100):
    Reconstruction: 0.0156
    Contrastive:    0.0093
    Triplet:        0.0000
    Total:          0.0249

  Face Loss Components (iter 2200):
    Reconstruction: 0.0080
    Contrastive:    0.0214
    Triplet:        0.0000
    Total:          0.0294

  Face Loss Components (iter 2300):
    Reconstruction: 0.0085
    Contrastive:    0.0103
    Triplet:        0.0000
    Total:          0.0189

  Face Loss Components (iter 2400):
    Reconstruction: 0.0098
    Contrastive:    0.0447
    Triplet:        0.0000
    Total:          0.0545

  Face Loss Components (iter 2500):
    Reconstruction: 0.0092
    Contrastive:    0.0193
    Triplet:        0.0000
    Total:          0.0285
===> Epoch[43]: Loss: 0.3102 || Learning rate: lr=6.67109439609585e-05.

  Face Loss Components (iter 0):
    Reconstruction: 0.0080
    Contrastive:    0.0150
    Triplet:        0.0000
    Total:          0.0230

  Face Loss Components (iter 100):
    Reconstruction: 0.0074
    Contrastive:    0.0175
    Triplet:        0.0000
    Total:          0.0249

  Face Loss Components (iter 200):
    Reconstruction: 0.0060
    Contrastive:    0.0273
    Triplet:        0.0000
    Total:          0.0333

  Face Loss Components (iter 300):
    Reconstruction: 0.0096
    Contrastive:    0.0093
    Triplet:        0.0000
    Total:          0.0189

  Face Loss Components (iter 400):
    Reconstruction: 0.0086
    Contrastive:    0.0129
    Triplet:        0.0000
    Total:          0.0215

  Face Loss Components (iter 500):
    Reconstruction: 0.0029
    Contrastive:    0.0370
    Triplet:        0.0000
    Total:          0.0399

  Face Loss Components (iter 600):
    Reconstruction: 0.0135
    Contrastive:    0.0125
    Triplet:        0.0000
    Total:          0.0260

  Face Loss Components (iter 700):
    Reconstruction: 0.0094
    Contrastive:    0.0149
    Triplet:        0.0000
    Total:          0.0243

  Face Loss Components (iter 800):
    Reconstruction: 0.0080
    Contrastive:    0.0030
    Triplet:        0.0000
    Total:          0.0110

  Face Loss Components (iter 900):
    Reconstruction: 0.0074
    Contrastive:    0.0132
    Triplet:        0.0000
    Total:          0.0206

  Face Loss Components (iter 1000):
    Reconstruction: 0.0114
    Contrastive:    0.0090
    Triplet:        0.0000
    Total:          0.0205

  Face Loss Components (iter 1100):
    Reconstruction: 0.0062
    Contrastive:    0.0061
    Triplet:        0.0000
    Total:          0.0123

  Face Loss Components (iter 1200):
    Reconstruction: 0.0093
    Contrastive:    0.0071
    Triplet:        0.0000
    Total:          0.0165

  Face Loss Components (iter 1300):
    Reconstruction: 0.0074
    Contrastive:    0.0206
    Triplet:        0.0000
    Total:          0.0280

  Face Loss Components (iter 1400):
    Reconstruction: 0.0085
    Contrastive:    0.0098
    Triplet:        0.0000
    Total:          0.0183

  Face Loss Components (iter 1500):
    Reconstruction: 0.0098
    Contrastive:    0.0071
    Triplet:        0.0000
    Total:          0.0170

  Face Loss Components (iter 1600):
    Reconstruction: 0.0069
    Contrastive:    0.0188
    Triplet:        0.0000
    Total:          0.0257

  Face Loss Components (iter 1700):
    Reconstruction: 0.0059
    Contrastive:    0.0135
    Triplet:        0.0000
    Total:          0.0194

  Face Loss Components (iter 1800):
    Reconstruction: 0.0099
    Contrastive:    0.0252
    Triplet:        0.0000
    Total:          0.0351

  Face Loss Components (iter 1900):
    Reconstruction: 0.0090
    Contrastive:    0.0127
    Triplet:        0.0000
    Total:          0.0217

  Face Loss Components (iter 2000):
    Reconstruction: 0.0039
    Contrastive:    0.0240
    Triplet:        0.0000
    Total:          0.0279

  Face Loss Components (iter 2100):
    Reconstruction: 0.0069
    Contrastive:    0.0206
    Triplet:        0.0000
    Total:          0.0275

  Face Loss Components (iter 2200):
    Reconstruction: 0.0052
    Contrastive:    0.0275
    Triplet:        0.0000
    Total:          0.0327

  Face Loss Components (iter 2300):
    Reconstruction: 0.0116
    Contrastive:    0.0176
    Triplet:        0.0000
    Total:          0.0292

  Face Loss Components (iter 2400):
    Reconstruction: 0.0063
    Contrastive:    0.0290
    Triplet:        0.0000
    Total:          0.0352

  Face Loss Components (iter 2500):
    Reconstruction: 0.0061
    Contrastive:    0.0115
    Triplet:        0.0000
    Total:          0.0176
===> Epoch[44]: Loss: 0.3093 || Learning rate: lr=6.517736129110264e-05.

  Face Loss Components (iter 0):
    Reconstruction: 0.0138
    Contrastive:    0.0134
    Triplet:        0.0000
    Total:          0.0272

  Face Loss Components (iter 100):
    Reconstruction: 0.0064
    Contrastive:    0.0827
    Triplet:        0.0000
    Total:          0.0890

  Face Loss Components (iter 200):
    Reconstruction: 0.0047
    Contrastive:    0.0158
    Triplet:        0.0000
    Total:          0.0205

  Face Loss Components (iter 300):
    Reconstruction: 0.0089
    Contrastive:    0.0105
    Triplet:        0.0000
    Total:          0.0195

  Face Loss Components (iter 400):
    Reconstruction: 0.0115
    Contrastive:    0.0077
    Triplet:        0.0000
    Total:          0.0192

  Face Loss Components (iter 500):
    Reconstruction: 0.0091
    Contrastive:    0.0178
    Triplet:        0.0000
    Total:          0.0269

  Face Loss Components (iter 600):
    Reconstruction: 0.0040
    Contrastive:    0.0178
    Triplet:        0.0000
    Total:          0.0218

  Face Loss Components (iter 700):
    Reconstruction: 0.0094
    Contrastive:    0.0080
    Triplet:        0.0000
    Total:          0.0174

  Face Loss Components (iter 800):
    Reconstruction: 0.0118
    Contrastive:    0.0174
    Triplet:        0.0000
    Total:          0.0291

  Face Loss Components (iter 900):
    Reconstruction: 0.0123
    Contrastive:    0.0272
    Triplet:        0.0000
    Total:          0.0395

  Face Loss Components (iter 1000):
    Reconstruction: 0.0046
    Contrastive:    0.0225
    Triplet:        0.0000
    Total:          0.0271

  Face Loss Components (iter 1100):
    Reconstruction: 0.0116
    Contrastive:    0.0168
    Triplet:        0.0000
    Total:          0.0284

  Face Loss Components (iter 1200):
    Reconstruction: 0.0077
    Contrastive:    0.0103
    Triplet:        0.0000
    Total:          0.0180

  Face Loss Components (iter 1300):
    Reconstruction: 0.0107
    Contrastive:    0.0151
    Triplet:        0.0000
    Total:          0.0258

  Face Loss Components (iter 1400):
    Reconstruction: 0.0057
    Contrastive:    0.0184
    Triplet:        0.0000
    Total:          0.0241

  Face Loss Components (iter 1500):
    Reconstruction: 0.0115
    Contrastive:    0.0055
    Triplet:        0.0000
    Total:          0.0170

  Face Loss Components (iter 1600):
    Reconstruction: 0.0066
    Contrastive:    0.0083
    Triplet:        0.0000
    Total:          0.0149

  Face Loss Components (iter 1700):
    Reconstruction: 0.0096
    Contrastive:    0.0642
    Triplet:        0.0000
    Total:          0.0738

  Face Loss Components (iter 1800):
    Reconstruction: 0.0111
    Contrastive:    0.0150
    Triplet:        0.0000
    Total:          0.0261

  Face Loss Components (iter 1900):
    Reconstruction: 0.0106
    Contrastive:    0.0081
    Triplet:        0.0000
    Total:          0.0188

  Face Loss Components (iter 2000):
    Reconstruction: 0.0077
    Contrastive:    0.0133
    Triplet:        0.0000
    Total:          0.0210

  Face Loss Components (iter 2100):
    Reconstruction: 0.0050
    Contrastive:    0.0293
    Triplet:        0.0000
    Total:          0.0343

  Face Loss Components (iter 2200):
    Reconstruction: 0.0101
    Contrastive:    0.0161
    Triplet:        0.0000
    Total:          0.0262

  Face Loss Components (iter 2300):
    Reconstruction: 0.0060
    Contrastive:    0.0324
    Triplet:        0.0000
    Total:          0.0384

  Face Loss Components (iter 2400):
    Reconstruction: 0.0067
    Contrastive:    0.0098
    Triplet:        0.0000
    Total:          0.0165

  Face Loss Components (iter 2500):
    Reconstruction: 0.0103
    Contrastive:    0.0198
    Triplet:        0.0000
    Total:          0.0301
===> Epoch[45]: Loss: 0.3086 || Learning rate: lr=6.362791210820534e-05.

  Face Loss Components (iter 0):
    Reconstruction: 0.0115
    Contrastive:    0.0152
    Triplet:        0.0000
    Total:          0.0266

  Face Loss Components (iter 100):
    Reconstruction: 0.0079
    Contrastive:    0.0048
    Triplet:        0.0000
    Total:          0.0127

  Face Loss Components (iter 200):
    Reconstruction: 0.0097
    Contrastive:    0.0095
    Triplet:        0.0000
    Total:          0.0192

  Face Loss Components (iter 300):
    Reconstruction: 0.0081
    Contrastive:    0.0259
    Triplet:        0.0000
    Total:          0.0339

  Face Loss Components (iter 400):
    Reconstruction: 0.0123
    Contrastive:    0.0084
    Triplet:        0.0000
    Total:          0.0207

  Face Loss Components (iter 500):
    Reconstruction: 0.0062
    Contrastive:    0.0138
    Triplet:        0.0000
    Total:          0.0200

  Face Loss Components (iter 600):
    Reconstruction: 0.0085
    Contrastive:    0.0038
    Triplet:        0.0000
    Total:          0.0122

  Face Loss Components (iter 700):
    Reconstruction: 0.0110
    Contrastive:    0.0113
    Triplet:        0.0000
    Total:          0.0223

  Face Loss Components (iter 800):
    Reconstruction: 0.0115
    Contrastive:    0.0023
    Triplet:        0.0000
    Total:          0.0137

  Face Loss Components (iter 900):
    Reconstruction: 0.0062
    Contrastive:    0.0183
    Triplet:        0.0000
    Total:          0.0244

  Face Loss Components (iter 1000):
    Reconstruction: 0.0076
    Contrastive:    0.0101
    Triplet:        0.0000
    Total:          0.0177

  Face Loss Components (iter 1100):
    Reconstruction: 0.0119
    Contrastive:    0.0193
    Triplet:        0.0000
    Total:          0.0312

  Face Loss Components (iter 1200):
    Reconstruction: 0.0076
    Contrastive:    0.0455
    Triplet:        0.0000
    Total:          0.0531

  Face Loss Components (iter 1300):
    Reconstruction: 0.0116
    Contrastive:    0.0114
    Triplet:        0.0000
    Total:          0.0229

  Face Loss Components (iter 1400):
    Reconstruction: 0.0073
    Contrastive:    0.0054
    Triplet:        0.0000
    Total:          0.0127

  Face Loss Components (iter 1500):
    Reconstruction: 0.0044
    Contrastive:    0.0372
    Triplet:        0.0000
    Total:          0.0416

  Face Loss Components (iter 1600):
    Reconstruction: 0.0079
    Contrastive:    0.0422
    Triplet:        0.0000
    Total:          0.0501

  Face Loss Components (iter 1700):
    Reconstruction: 0.0067
    Contrastive:    0.0184
    Triplet:        0.0000
    Total:          0.0252

  Face Loss Components (iter 1800):
    Reconstruction: 0.0140
    Contrastive:    0.0127
    Triplet:        0.0000
    Total:          0.0267

  Face Loss Components (iter 1900):
    Reconstruction: 0.0129
    Contrastive:    0.0062
    Triplet:        0.0000
    Total:          0.0191

  Face Loss Components (iter 2000):
    Reconstruction: 0.0064
    Contrastive:    0.0077
    Triplet:        0.0000
    Total:          0.0141

  Face Loss Components (iter 2100):
    Reconstruction: 0.0052
    Contrastive:    0.0328
    Triplet:        0.0000
    Total:          0.0380

  Face Loss Components (iter 2200):
    Reconstruction: 0.0138
    Contrastive:    0.0086
    Triplet:        0.0000
    Total:          0.0224

  Face Loss Components (iter 2300):
    Reconstruction: 0.0042
    Contrastive:    0.0246
    Triplet:        0.0000
    Total:          0.0288

  Face Loss Components (iter 2400):
    Reconstruction: 0.0101
    Contrastive:    0.0199
    Triplet:        0.0000
    Total:          0.0299

  Face Loss Components (iter 2500):
    Reconstruction: 0.0105
    Contrastive:    0.0182
    Triplet:        0.0000
    Total:          0.0287
===> Epoch[46]: Loss: 0.3078 || Learning rate: lr=6.206422157049438e-05.

  Face Loss Components (iter 0):
    Reconstruction: 0.0124
    Contrastive:    0.0434
    Triplet:        0.0000
    Total:          0.0558

  Face Loss Components (iter 100):
    Reconstruction: 0.0053
    Contrastive:    0.0447
    Triplet:        0.0000
    Total:          0.0499

  Face Loss Components (iter 200):
    Reconstruction: 0.0062
    Contrastive:    0.0213
    Triplet:        0.0000
    Total:          0.0275

  Face Loss Components (iter 300):
    Reconstruction: 0.0062
    Contrastive:    0.0221
    Triplet:        0.0000
    Total:          0.0282

  Face Loss Components (iter 400):
    Reconstruction: 0.0052
    Contrastive:    0.0283
    Triplet:        0.0000
    Total:          0.0335

  Face Loss Components (iter 500):
    Reconstruction: 0.0072
    Contrastive:    0.0212
    Triplet:        0.0000
    Total:          0.0284

  Face Loss Components (iter 600):
    Reconstruction: 0.0102
    Contrastive:    0.0376
    Triplet:        0.0000
    Total:          0.0479

  Face Loss Components (iter 700):
    Reconstruction: 0.0083
    Contrastive:    0.0063
    Triplet:        0.0000
    Total:          0.0146

  Face Loss Components (iter 800):
    Reconstruction: 0.0127
    Contrastive:    0.0083
    Triplet:        0.0000
    Total:          0.0210

  Face Loss Components (iter 900):
    Reconstruction: 0.0106
    Contrastive:    0.0123
    Triplet:        0.0000
    Total:          0.0229

  Face Loss Components (iter 1000):
    Reconstruction: 0.0122
    Contrastive:    0.0279
    Triplet:        0.0000
    Total:          0.0401

  Face Loss Components (iter 1100):
    Reconstruction: 0.0088
    Contrastive:    0.0106
    Triplet:        0.0000
    Total:          0.0193

  Face Loss Components (iter 1200):
    Reconstruction: 0.0056
    Contrastive:    0.0096
    Triplet:        0.0000
    Total:          0.0152

  Face Loss Components (iter 1300):
    Reconstruction: 0.0118
    Contrastive:    0.0173
    Triplet:        0.0000
    Total:          0.0291

  Face Loss Components (iter 1400):
    Reconstruction: 0.0088
    Contrastive:    0.0403
    Triplet:        0.0000
    Total:          0.0490

  Face Loss Components (iter 1500):
    Reconstruction: 0.0102
    Contrastive:    0.0069
    Triplet:        0.0000
    Total:          0.0171

  Face Loss Components (iter 1600):
    Reconstruction: 0.0061
    Contrastive:    0.0350
    Triplet:        0.0000
    Total:          0.0412

  Face Loss Components (iter 1700):
    Reconstruction: 0.0094
    Contrastive:    0.0159
    Triplet:        0.0000
    Total:          0.0253

  Face Loss Components (iter 1800):
    Reconstruction: 0.0090
    Contrastive:    0.0122
    Triplet:        0.0000
    Total:          0.0212

  Face Loss Components (iter 1900):
    Reconstruction: 0.0072
    Contrastive:    0.0086
    Triplet:        0.0000
    Total:          0.0158

  Face Loss Components (iter 2000):
    Reconstruction: 0.0060
    Contrastive:    0.0160
    Triplet:        0.0000
    Total:          0.0220

  Face Loss Components (iter 2100):
    Reconstruction: 0.0078
    Contrastive:    0.0181
    Triplet:        0.0000
    Total:          0.0259

  Face Loss Components (iter 2200):
    Reconstruction: 0.0080
    Contrastive:    0.0132
    Triplet:        0.0000
    Total:          0.0212

  Face Loss Components (iter 2300):
    Reconstruction: 0.0098
    Contrastive:    0.0344
    Triplet:        0.0000
    Total:          0.0441

  Face Loss Components (iter 2400):
    Reconstruction: 0.0098
    Contrastive:    0.0092
    Triplet:        0.0000
    Total:          0.0190

  Face Loss Components (iter 2500):
    Reconstruction: 0.0125
    Contrastive:    0.0160
    Triplet:        0.0000
    Total:          0.0284
===> Epoch[47]: Loss: 0.3066 || Learning rate: lr=6.0487929773412205e-05.

  Face Loss Components (iter 0):
    Reconstruction: 0.0086
    Contrastive:    0.0186
    Triplet:        0.0000
    Total:          0.0271

  Face Loss Components (iter 100):
    Reconstruction: 0.0069
    Contrastive:    0.0116
    Triplet:        0.0000
    Total:          0.0185

  Face Loss Components (iter 200):
    Reconstruction: 0.0056
    Contrastive:    0.0179
    Triplet:        0.0000
    Total:          0.0235

  Face Loss Components (iter 300):
    Reconstruction: 0.0119
    Contrastive:    0.0087
    Triplet:        0.0000
    Total:          0.0206

  Face Loss Components (iter 400):
    Reconstruction: 0.0100
    Contrastive:    0.0116
    Triplet:        0.0000
    Total:          0.0216

  Face Loss Components (iter 500):
    Reconstruction: 0.0089
    Contrastive:    0.0074
    Triplet:        0.0000
    Total:          0.0163

  Face Loss Components (iter 600):
    Reconstruction: 0.0083
    Contrastive:    0.0203
    Triplet:        0.0000
    Total:          0.0285

  Face Loss Components (iter 700):
    Reconstruction: 0.0209
    Contrastive:    0.0423
    Triplet:        0.0000
    Total:          0.0632

  Face Loss Components (iter 800):
    Reconstruction: 0.0144
    Contrastive:    0.0319
    Triplet:        0.0000
    Total:          0.0462

  Face Loss Components (iter 900):
    Reconstruction: 0.0085
    Contrastive:    0.0121
    Triplet:        0.0000
    Total:          0.0207

  Face Loss Components (iter 1000):
    Reconstruction: 0.0100
    Contrastive:    0.0047
    Triplet:        0.0000
    Total:          0.0147

  Face Loss Components (iter 1100):
    Reconstruction: 0.0106
    Contrastive:    0.0083
    Triplet:        0.0000
    Total:          0.0189

  Face Loss Components (iter 1200):
    Reconstruction: 0.0079
    Contrastive:    0.0018
    Triplet:        0.0000
    Total:          0.0097

  Face Loss Components (iter 1300):
    Reconstruction: 0.0129
    Contrastive:    0.0291
    Triplet:        0.0000
    Total:          0.0420

  Face Loss Components (iter 1400):
    Reconstruction: 0.0100
    Contrastive:    0.0291
    Triplet:        0.0000
    Total:          0.0391

  Face Loss Components (iter 1500):
    Reconstruction: 0.0093
    Contrastive:    0.0139
    Triplet:        0.0000
    Total:          0.0232

  Face Loss Components (iter 1600):
    Reconstruction: 0.0098
    Contrastive:    0.0136
    Triplet:        0.0000
    Total:          0.0233

  Face Loss Components (iter 1700):
    Reconstruction: 0.0088
    Contrastive:    0.0213
    Triplet:        0.0000
    Total:          0.0301

  Face Loss Components (iter 1800):
    Reconstruction: 0.0061
    Contrastive:    0.0285
    Triplet:        0.0000
    Total:          0.0346

  Face Loss Components (iter 1900):
    Reconstruction: 0.0126
    Contrastive:    0.0242
    Triplet:        0.0000
    Total:          0.0368

  Face Loss Components (iter 2000):
    Reconstruction: 0.0113
    Contrastive:    0.0080
    Triplet:        0.0000
    Total:          0.0193

  Face Loss Components (iter 2100):
    Reconstruction: 0.0081
    Contrastive:    0.0254
    Triplet:        0.0000
    Total:          0.0334

  Face Loss Components (iter 2200):
    Reconstruction: 0.0076
    Contrastive:    0.0101
    Triplet:        0.0000
    Total:          0.0177

  Face Loss Components (iter 2300):
    Reconstruction: 0.0088
    Contrastive:    0.0317
    Triplet:        0.0000
    Total:          0.0406

  Face Loss Components (iter 2400):
    Reconstruction: 0.0060
    Contrastive:    0.0185
    Triplet:        0.0000
    Total:          0.0245

  Face Loss Components (iter 2500):
    Reconstruction: 0.0097
    Contrastive:    0.0050
    Triplet:        0.0000
    Total:          0.0147
===> Epoch[48]: Loss: 0.3062 || Learning rate: lr=5.8900690029382187e-05.

  Face Loss Components (iter 0):
    Reconstruction: 0.0099
    Contrastive:    0.0267
    Triplet:        0.0000
    Total:          0.0367

  Face Loss Components (iter 100):
    Reconstruction: 0.0108
    Contrastive:    0.0173
    Triplet:        0.0000
    Total:          0.0281

  Face Loss Components (iter 200):
    Reconstruction: 0.0096
    Contrastive:    0.0152
    Triplet:        0.0000
    Total:          0.0248

  Face Loss Components (iter 300):
    Reconstruction: 0.0037
    Contrastive:    0.0132
    Triplet:        0.0000
    Total:          0.0169

  Face Loss Components (iter 400):
    Reconstruction: 0.0087
    Contrastive:    0.0398
    Triplet:        0.0000
    Total:          0.0485

  Face Loss Components (iter 500):
    Reconstruction: 0.0090
    Contrastive:    0.0055
    Triplet:        0.0000
    Total:          0.0145

  Face Loss Components (iter 600):
    Reconstruction: 0.0102
    Contrastive:    0.0564
    Triplet:        0.0000
    Total:          0.0666

  Face Loss Components (iter 700):
    Reconstruction: 0.0057
    Contrastive:    0.0087
    Triplet:        0.0000
    Total:          0.0144

  Face Loss Components (iter 800):
    Reconstruction: 0.0081
    Contrastive:    0.0187
    Triplet:        0.0000
    Total:          0.0268

  Face Loss Components (iter 900):
    Reconstruction: 0.0122
    Contrastive:    0.0167
    Triplet:        0.0000
    Total:          0.0288

  Face Loss Components (iter 1000):
    Reconstruction: 0.0127
    Contrastive:    0.0309
    Triplet:        0.0000
    Total:          0.0437

  Face Loss Components (iter 1100):
    Reconstruction: 0.0073
    Contrastive:    0.0103
    Triplet:        0.0000
    Total:          0.0176

  Face Loss Components (iter 1200):
    Reconstruction: 0.0060
    Contrastive:    0.0167
    Triplet:        0.0000
    Total:          0.0227

  Face Loss Components (iter 1300):
    Reconstruction: 0.0092
    Contrastive:    0.0206
    Triplet:        0.0000
    Total:          0.0299

  Face Loss Components (iter 1400):
    Reconstruction: 0.0074
    Contrastive:    0.0093
    Triplet:        0.0000
    Total:          0.0167

  Face Loss Components (iter 1500):
    Reconstruction: 0.0108
    Contrastive:    0.0065
    Triplet:        0.0000
    Total:          0.0173

  Face Loss Components (iter 1600):
    Reconstruction: 0.0070
    Contrastive:    0.0214
    Triplet:        0.0000
    Total:          0.0284

  Face Loss Components (iter 1700):
    Reconstruction: 0.0027
    Contrastive:    0.0123
    Triplet:        0.0000
    Total:          0.0150

  Face Loss Components (iter 1800):
    Reconstruction: 0.0151
    Contrastive:    0.0071
    Triplet:        0.0000
    Total:          0.0222

  Face Loss Components (iter 1900):
    Reconstruction: 0.0094
    Contrastive:    0.0063
    Triplet:        0.0000
    Total:          0.0156

  Face Loss Components (iter 2000):
    Reconstruction: 0.0120
    Contrastive:    0.0366
    Triplet:        0.0000
    Total:          0.0486

  Face Loss Components (iter 2100):
    Reconstruction: 0.0060
    Contrastive:    0.0298
    Triplet:        0.0000
    Total:          0.0357

  Face Loss Components (iter 2200):
    Reconstruction: 0.0073
    Contrastive:    0.0193
    Triplet:        0.0000
    Total:          0.0266

  Face Loss Components (iter 2300):
    Reconstruction: 0.0112
    Contrastive:    0.0222
    Triplet:        0.0000
    Total:          0.0334

  Face Loss Components (iter 2400):
    Reconstruction: 0.0089
    Contrastive:    0.0066
    Triplet:        0.0000
    Total:          0.0155

  Face Loss Components (iter 2500):
    Reconstruction: 0.0072
    Contrastive:    0.0099
    Triplet:        0.0000
    Total:          0.0171
===> Epoch[49]: Loss: 0.3052 || Learning rate: lr=5.730416713371225e-05.

  Face Loss Components (iter 0):
    Reconstruction: 0.0076
    Contrastive:    0.0067
    Triplet:        0.0000
    Total:          0.0143

  Face Loss Components (iter 100):
    Reconstruction: 0.0099
    Contrastive:    0.0199
    Triplet:        0.0000
    Total:          0.0298

  Face Loss Components (iter 200):
    Reconstruction: 0.0083
    Contrastive:    0.0097
    Triplet:        0.0000
    Total:          0.0180

  Face Loss Components (iter 300):
    Reconstruction: 0.0099
    Contrastive:    0.0463
    Triplet:        0.0000
    Total:          0.0561

  Face Loss Components (iter 400):
    Reconstruction: 0.0077
    Contrastive:    0.0096
    Triplet:        0.0000
    Total:          0.0173

  Face Loss Components (iter 500):
    Reconstruction: 0.0093
    Contrastive:    0.0128
    Triplet:        0.0000
    Total:          0.0221

  Face Loss Components (iter 600):
    Reconstruction: 0.0088
    Contrastive:    0.0210
    Triplet:        0.0000
    Total:          0.0298

  Face Loss Components (iter 700):
    Reconstruction: 0.0061
    Contrastive:    0.0153
    Triplet:        0.0000
    Total:          0.0214

  Face Loss Components (iter 800):
    Reconstruction: 0.0101
    Contrastive:    0.0174
    Triplet:        0.0000
    Total:          0.0275

  Face Loss Components (iter 900):
    Reconstruction: 0.0077
    Contrastive:    0.0109
    Triplet:        0.0000
    Total:          0.0186

  Face Loss Components (iter 1000):
    Reconstruction: 0.0135
    Contrastive:    0.0061
    Triplet:        0.0000
    Total:          0.0196

  Face Loss Components (iter 1100):
    Reconstruction: 0.0106
    Contrastive:    0.0389
    Triplet:        0.0000
    Total:          0.0495

  Face Loss Components (iter 1200):
    Reconstruction: 0.0087
    Contrastive:    0.0184
    Triplet:        0.0000
    Total:          0.0270

  Face Loss Components (iter 1300):
    Reconstruction: 0.0079
    Contrastive:    0.0175
    Triplet:        0.0000
    Total:          0.0254

  Face Loss Components (iter 1400):
    Reconstruction: 0.0091
    Contrastive:    0.0203
    Triplet:        0.0000
    Total:          0.0294

  Face Loss Components (iter 1500):
    Reconstruction: 0.0172
    Contrastive:    0.0209
    Triplet:        0.0000
    Total:          0.0381

  Face Loss Components (iter 1600):
    Reconstruction: 0.0066
    Contrastive:    0.0070
    Triplet:        0.0000
    Total:          0.0136

  Face Loss Components (iter 1700):
    Reconstruction: 0.0094
    Contrastive:    0.0091
    Triplet:        0.0000
    Total:          0.0185

  Face Loss Components (iter 1800):
    Reconstruction: 0.0080
    Contrastive:    0.0733
    Triplet:        0.0000
    Total:          0.0812

  Face Loss Components (iter 1900):
    Reconstruction: 0.0103
    Contrastive:    0.0121
    Triplet:        0.0000
    Total:          0.0224

  Face Loss Components (iter 2000):
    Reconstruction: 0.0068
    Contrastive:    0.0244
    Triplet:        0.0000
    Total:          0.0312

  Face Loss Components (iter 2100):
    Reconstruction: 0.0091
    Contrastive:    0.0094
    Triplet:        0.0000
    Total:          0.0185

  Face Loss Components (iter 2200):
    Reconstruction: 0.0085
    Contrastive:    0.0187
    Triplet:        0.0000
    Total:          0.0272

  Face Loss Components (iter 2300):
    Reconstruction: 0.0063
    Contrastive:    0.0256
    Triplet:        0.0000
    Total:          0.0320

  Face Loss Components (iter 2400):
    Reconstruction: 0.0106
    Contrastive:    0.0128
    Triplet:        0.0000
    Total:          0.0233

  Face Loss Components (iter 2500):
    Reconstruction: 0.0078
    Contrastive:    0.0191
    Triplet:        0.0000
    Total:          0.0269
===> Epoch[50]: Loss: 0.3050 || Learning rate: lr=5.570003561845446e-05.
Checkpoint saved to ./weights/train/epoch_50.pth
Pre-trained model is loaded.
Evaluation:
===> End evaluation
Setting up [LPIPS] perceptual loss: trunk [alex], v[0.1], spatial [off]
Loading model from: /home/hpc4090/miniconda3/envs/jamal/lib/python3.12/site-packages/lpips/weights/v0.1/alex.pth
===> Avg.PSNR: 32.3248 dB 
===> Avg.SSIM: 0.9037 
===> Avg.LPIPS: 0.0867 
[31.113139814494996, 31.68606542701128, 32.04041394960111, 31.216789086031728, 32.324824466425746]
[0.8944346425384574, 0.8940010765991682, 0.9009266616457621, 0.900978022849979, 0.9037393632276653]
[0.10720190010708973, 0.10554263371205519, 0.09347565761807089, 0.08947221164020175, 0.08667168248489145]

  Face Loss Components (iter 0):
    Reconstruction: 0.0024
    Contrastive:    0.0058
    Triplet:        0.0000
    Total:          0.0083

  Face Loss Components (iter 100):
    Reconstruction: 0.0077
    Contrastive:    0.0233
    Triplet:        0.0000
    Total:          0.0310

  Face Loss Components (iter 200):
    Reconstruction: 0.0139
    Contrastive:    0.0224
    Triplet:        0.0000
    Total:          0.0363

  Face Loss Components (iter 300):
    Reconstruction: 0.0062
    Contrastive:    0.0103
    Triplet:        0.0000
    Total:          0.0165

  Face Loss Components (iter 400):
    Reconstruction: 0.0083
    Contrastive:    0.0151
    Triplet:        0.0000
    Total:          0.0234

  Face Loss Components (iter 500):
    Reconstruction: 0.0047
    Contrastive:    0.0105
    Triplet:        0.0000
    Total:          0.0152

  Face Loss Components (iter 600):
    Reconstruction: 0.0087
    Contrastive:    0.0319
    Triplet:        0.0000
    Total:          0.0406

  Face Loss Components (iter 700):
    Reconstruction: 0.0068
    Contrastive:    0.0049
    Triplet:        0.0000
    Total:          0.0117

  Face Loss Components (iter 800):
    Reconstruction: 0.0051
    Contrastive:    0.0070
    Triplet:        0.0000
    Total:          0.0121

  Face Loss Components (iter 900):
    Reconstruction: 0.0059
    Contrastive:    0.0140
    Triplet:        0.0000
    Total:          0.0199

  Face Loss Components (iter 1000):
    Reconstruction: 0.0082
    Contrastive:    0.0109
    Triplet:        0.0000
    Total:          0.0191

  Face Loss Components (iter 1100):
    Reconstruction: 0.0055
    Contrastive:    0.0146
    Triplet:        0.0000
    Total:          0.0201

  Face Loss Components (iter 1200):
    Reconstruction: 0.0123
    Contrastive:    0.0177
    Triplet:        0.0000
    Total:          0.0300

  Face Loss Components (iter 1300):
    Reconstruction: 0.0104
    Contrastive:    0.0168
    Triplet:        0.0000
    Total:          0.0272

  Face Loss Components (iter 1400):
    Reconstruction: 0.0077
    Contrastive:    0.0087
    Triplet:        0.0000
    Total:          0.0164

  Face Loss Components (iter 1500):
    Reconstruction: 0.0113
    Contrastive:    0.0113
    Triplet:        0.0000
    Total:          0.0227

  Face Loss Components (iter 1600):
    Reconstruction: 0.0080
    Contrastive:    0.0429
    Triplet:        0.0000
    Total:          0.0509

  Face Loss Components (iter 1700):
    Reconstruction: 0.0104
    Contrastive:    0.0080
    Triplet:        0.0000
    Total:          0.0184

  Face Loss Components (iter 1800):
    Reconstruction: 0.0041
    Contrastive:    0.0116
    Triplet:        0.0000
    Total:          0.0157

  Face Loss Components (iter 1900):
    Reconstruction: 0.0098
    Contrastive:    0.0194
    Triplet:        0.0000
    Total:          0.0291

  Face Loss Components (iter 2000):
    Reconstruction: 0.0057
    Contrastive:    0.0128
    Triplet:        0.0000
    Total:          0.0185

  Face Loss Components (iter 2100):
    Reconstruction: 0.0109
    Contrastive:    0.0193
    Triplet:        0.0000
    Total:          0.0302

  Face Loss Components (iter 2200):
    Reconstruction: 0.0106
    Contrastive:    0.0237
    Triplet:        0.0000
    Total:          0.0343

  Face Loss Components (iter 2300):
    Reconstruction: 0.0061
    Contrastive:    0.0256
    Triplet:        0.0000
    Total:          0.0317

  Face Loss Components (iter 2400):
    Reconstruction: 0.0100
    Contrastive:    0.0262
    Triplet:        0.0000
    Total:          0.0362

  Face Loss Components (iter 2500):
    Reconstruction: 0.0137
    Contrastive:    0.0115
    Triplet:        0.0000
    Total:          0.0253
===> Epoch[51]: Loss: 0.3044 || Learning rate: lr=5.408997799605215e-05.

  Face Loss Components (iter 0):
    Reconstruction: 0.0098
    Contrastive:    0.0136
    Triplet:        0.0000
    Total:          0.0234

  Face Loss Components (iter 100):
    Reconstruction: 0.0094
    Contrastive:    0.0049
    Triplet:        0.0000
    Total:          0.0143

  Face Loss Components (iter 200):
    Reconstruction: 0.0101
    Contrastive:    0.0131
    Triplet:        0.0000
    Total:          0.0232

  Face Loss Components (iter 300):
    Reconstruction: 0.0074
    Contrastive:    0.0493
    Triplet:        0.0000
    Total:          0.0567

  Face Loss Components (iter 400):
    Reconstruction: 0.0032
    Contrastive:    0.0335
    Triplet:        0.0000
    Total:          0.0367

  Face Loss Components (iter 500):
    Reconstruction: 0.0071
    Contrastive:    0.0072
    Triplet:        0.0000
    Total:          0.0144

  Face Loss Components (iter 600):
    Reconstruction: 0.0095
    Contrastive:    0.0104
    Triplet:        0.0000
    Total:          0.0198

  Face Loss Components (iter 700):
    Reconstruction: 0.0095
    Contrastive:    0.0203
    Triplet:        0.0000
    Total:          0.0298

  Face Loss Components (iter 800):
    Reconstruction: 0.0131
    Contrastive:    0.0059
    Triplet:        0.0000
    Total:          0.0190

  Face Loss Components (iter 900):
    Reconstruction: 0.0120
    Contrastive:    0.0076
    Triplet:        0.0000
    Total:          0.0196

  Face Loss Components (iter 1000):
    Reconstruction: 0.0049
    Contrastive:    0.0365
    Triplet:        0.0000
    Total:          0.0414

  Face Loss Components (iter 1100):
    Reconstruction: 0.0110
    Contrastive:    0.0081
    Triplet:        0.0000
    Total:          0.0192

  Face Loss Components (iter 1200):
    Reconstruction: 0.0082
    Contrastive:    0.0258
    Triplet:        0.0000
    Total:          0.0340

  Face Loss Components (iter 1300):
    Reconstruction: 0.0046
    Contrastive:    0.0031
    Triplet:        0.0000
    Total:          0.0077

  Face Loss Components (iter 1400):
    Reconstruction: 0.0071
    Contrastive:    0.0123
    Triplet:        0.0000
    Total:          0.0194

  Face Loss Components (iter 1500):
    Reconstruction: 0.0100
    Contrastive:    0.0212
    Triplet:        0.0000
    Total:          0.0312

  Face Loss Components (iter 1600):
    Reconstruction: 0.0049
    Contrastive:    0.0089
    Triplet:        0.0000
    Total:          0.0137

  Face Loss Components (iter 1700):
    Reconstruction: 0.0060
    Contrastive:    0.0140
    Triplet:        0.0000
    Total:          0.0200

  Face Loss Components (iter 1800):
    Reconstruction: 0.0095
    Contrastive:    0.0115
    Triplet:        0.0000
    Total:          0.0210

  Face Loss Components (iter 1900):
    Reconstruction: 0.0102
    Contrastive:    0.0077
    Triplet:        0.0000
    Total:          0.0179

  Face Loss Components (iter 2000):
    Reconstruction: 0.0046
    Contrastive:    0.0045
    Triplet:        0.0000
    Total:          0.0091

  Face Loss Components (iter 2100):
    Reconstruction: 0.0069
    Contrastive:    0.0190
    Triplet:        0.0000
    Total:          0.0260

  Face Loss Components (iter 2200):
    Reconstruction: 0.0111
    Contrastive:    0.0226
    Triplet:        0.0000
    Total:          0.0337

  Face Loss Components (iter 2300):
    Reconstruction: 0.0103
    Contrastive:    0.0065
    Triplet:        0.0000
    Total:          0.0168

  Face Loss Components (iter 2400):
    Reconstruction: 0.0096
    Contrastive:    0.0072
    Triplet:        0.0000
    Total:          0.0167

  Face Loss Components (iter 2500):
    Reconstruction: 0.0102
    Contrastive:    0.0089
    Triplet:        0.0000
    Total:          0.0191
===> Epoch[52]: Loss: 0.3035 || Learning rate: lr=5.24756829946167e-05.

  Face Loss Components (iter 0):
    Reconstruction: 0.0059
    Contrastive:    0.0197
    Triplet:        0.0000
    Total:          0.0256

  Face Loss Components (iter 100):
    Reconstruction: 0.0087
    Contrastive:    0.0106
    Triplet:        0.0000
    Total:          0.0193

  Face Loss Components (iter 200):
    Reconstruction: 0.0074
    Contrastive:    0.0287
    Triplet:        0.0000
    Total:          0.0361

  Face Loss Components (iter 300):
    Reconstruction: 0.0103
    Contrastive:    0.0238
    Triplet:        0.0000
    Total:          0.0341

  Face Loss Components (iter 400):
    Reconstruction: 0.0064
    Contrastive:    0.0247
    Triplet:        0.0000
    Total:          0.0311

  Face Loss Components (iter 500):
    Reconstruction: 0.0107
    Contrastive:    0.0114
    Triplet:        0.0000
    Total:          0.0221

  Face Loss Components (iter 600):
    Reconstruction: 0.0085
    Contrastive:    0.0072
    Triplet:        0.0000
    Total:          0.0158

  Face Loss Components (iter 700):
    Reconstruction: 0.0125
    Contrastive:    0.0436
    Triplet:        0.0000
    Total:          0.0561

  Face Loss Components (iter 800):
    Reconstruction: 0.0093
    Contrastive:    0.0341
    Triplet:        0.0000
    Total:          0.0434

  Face Loss Components (iter 900):
    Reconstruction: 0.0071
    Contrastive:    0.0200
    Triplet:        0.0000
    Total:          0.0271

  Face Loss Components (iter 1000):
    Reconstruction: 0.0041
    Contrastive:    0.0328
    Triplet:        0.0000
    Total:          0.0369

  Face Loss Components (iter 1100):
    Reconstruction: 0.0120
    Contrastive:    0.0086
    Triplet:        0.0000
    Total:          0.0206

  Face Loss Components (iter 1200):
    Reconstruction: 0.0047
    Contrastive:    0.0257
    Triplet:        0.0000
    Total:          0.0304

  Face Loss Components (iter 1300):
    Reconstruction: 0.0073
    Contrastive:    0.0065
    Triplet:        0.0000
    Total:          0.0138

  Face Loss Components (iter 1400):
    Reconstruction: 0.0080
    Contrastive:    0.0446
    Triplet:        0.0000
    Total:          0.0526

  Face Loss Components (iter 1500):
    Reconstruction: 0.0052
    Contrastive:    0.0068
    Triplet:        0.0000
    Total:          0.0119

  Face Loss Components (iter 1600):
    Reconstruction: 0.0170
    Contrastive:    0.0225
    Triplet:        0.0000
    Total:          0.0395

  Face Loss Components (iter 1700):
    Reconstruction: 0.0092
    Contrastive:    0.0121
    Triplet:        0.0000
    Total:          0.0213

  Face Loss Components (iter 1800):
    Reconstruction: 0.0136
    Contrastive:    0.0139
    Triplet:        0.0000
    Total:          0.0275

  Face Loss Components (iter 1900):
    Reconstruction: 0.0102
    Contrastive:    0.0084
    Triplet:        0.0000
    Total:          0.0186

  Face Loss Components (iter 2000):
    Reconstruction: 0.0082
    Contrastive:    0.0093
    Triplet:        0.0000
    Total:          0.0175

  Face Loss Components (iter 2100):
    Reconstruction: 0.0075
    Contrastive:    0.0104
    Triplet:        0.0000
    Total:          0.0179

  Face Loss Components (iter 2200):
    Reconstruction: 0.0053
    Contrastive:    0.0213
    Triplet:        0.0000
    Total:          0.0267

  Face Loss Components (iter 2300):
    Reconstruction: 0.0120
    Contrastive:    0.0155
    Triplet:        0.0000
    Total:          0.0275

  Face Loss Components (iter 2400):
    Reconstruction: 0.0051
    Contrastive:    0.0095
    Triplet:        0.0000
    Total:          0.0147

  Face Loss Components (iter 2500):
    Reconstruction: 0.0052
    Contrastive:    0.0465
    Triplet:        0.0000
    Total:          0.0516
===> Epoch[53]: Loss: 0.3029 || Learning rate: lr=5.085884378668496e-05.

  Face Loss Components (iter 0):
    Reconstruction: 0.0057
    Contrastive:    0.0073
    Triplet:        0.0000
    Total:          0.0130

  Face Loss Components (iter 100):
    Reconstruction: 0.0092
    Contrastive:    0.0142
    Triplet:        0.0000
    Total:          0.0235

  Face Loss Components (iter 200):
    Reconstruction: 0.0100
    Contrastive:    0.0242
    Triplet:        0.0000
    Total:          0.0342

  Face Loss Components (iter 300):
    Reconstruction: 0.0070
    Contrastive:    0.0092
    Triplet:        0.0000
    Total:          0.0163

  Face Loss Components (iter 400):
    Reconstruction: 0.0073
    Contrastive:    0.0235
    Triplet:        0.0000
    Total:          0.0309

  Face Loss Components (iter 500):
    Reconstruction: 0.0073
    Contrastive:    0.0164
    Triplet:        0.0000
    Total:          0.0237

  Face Loss Components (iter 600):
    Reconstruction: 0.0111
    Contrastive:    0.0245
    Triplet:        0.0000
    Total:          0.0356

  Face Loss Components (iter 700):
    Reconstruction: 0.0052
    Contrastive:    0.0055
    Triplet:        0.0000
    Total:          0.0107

  Face Loss Components (iter 800):
    Reconstruction: 0.0060
    Contrastive:    0.0242
    Triplet:        0.0000
    Total:          0.0302

  Face Loss Components (iter 900):
    Reconstruction: 0.0121
    Contrastive:    0.0088
    Triplet:        0.0000
    Total:          0.0209

  Face Loss Components (iter 1000):
    Reconstruction: 0.0091
    Contrastive:    0.0114
    Triplet:        0.0000
    Total:          0.0204

  Face Loss Components (iter 1100):
    Reconstruction: 0.0081
    Contrastive:    0.0146
    Triplet:        0.0000
    Total:          0.0227

  Face Loss Components (iter 1200):
    Reconstruction: 0.0086
    Contrastive:    0.0243
    Triplet:        0.0000
    Total:          0.0330

  Face Loss Components (iter 1300):
    Reconstruction: 0.0062
    Contrastive:    0.0324
    Triplet:        0.0000
    Total:          0.0386

  Face Loss Components (iter 1400):
    Reconstruction: 0.0097
    Contrastive:    0.0175
    Triplet:        0.0000
    Total:          0.0272

  Face Loss Components (iter 1500):
    Reconstruction: 0.0041
    Contrastive:    0.0082
    Triplet:        0.0000
    Total:          0.0123

  Face Loss Components (iter 1600):
    Reconstruction: 0.0108
    Contrastive:    0.0203
    Triplet:        0.0000
    Total:          0.0310

  Face Loss Components (iter 1700):
    Reconstruction: 0.0094
    Contrastive:    0.0113
    Triplet:        0.0000
    Total:          0.0206

  Face Loss Components (iter 1800):
    Reconstruction: 0.0119
    Contrastive:    0.0175
    Triplet:        0.0000
    Total:          0.0294

  Face Loss Components (iter 1900):
    Reconstruction: 0.0120
    Contrastive:    0.0216
    Triplet:        0.0000
    Total:          0.0337

  Face Loss Components (iter 2000):
    Reconstruction: 0.0110
    Contrastive:    0.0203
    Triplet:        0.0000
    Total:          0.0312

  Face Loss Components (iter 2100):
    Reconstruction: 0.0083
    Contrastive:    0.0150
    Triplet:        0.0000
    Total:          0.0233

  Face Loss Components (iter 2200):
    Reconstruction: 0.0112
    Contrastive:    0.0085
    Triplet:        0.0000
    Total:          0.0197

  Face Loss Components (iter 2300):
    Reconstruction: 0.0039
    Contrastive:    0.0062
    Triplet:        0.0000
    Total:          0.0101

  Face Loss Components (iter 2400):
    Reconstruction: 0.0053
    Contrastive:    0.0151
    Triplet:        0.0000
    Total:          0.0204

  Face Loss Components (iter 2500):
    Reconstruction: 0.0096
    Contrastive:    0.0071
    Triplet:        0.0000
    Total:          0.0167
===> Epoch[54]: Loss: 0.3021 || Learning rate: lr=4.9241156213315055e-05.

  Face Loss Components (iter 0):
    Reconstruction: 0.0095
    Contrastive:    0.0188
    Triplet:        0.0000
    Total:          0.0283

  Face Loss Components (iter 100):
    Reconstruction: 0.0069
    Contrastive:    0.0097
    Triplet:        0.0000
    Total:          0.0166

  Face Loss Components (iter 200):
    Reconstruction: 0.0069
    Contrastive:    0.0122
    Triplet:        0.0000
    Total:          0.0191

  Face Loss Components (iter 300):
    Reconstruction: 0.0101
    Contrastive:    0.0064
    Triplet:        0.0000
    Total:          0.0165

  Face Loss Components (iter 400):
    Reconstruction: 0.0086
    Contrastive:    0.0075
    Triplet:        0.0000
    Total:          0.0161

  Face Loss Components (iter 500):
    Reconstruction: 0.0120
    Contrastive:    0.0129
    Triplet:        0.0000
    Total:          0.0250

  Face Loss Components (iter 600):
    Reconstruction: 0.0079
    Contrastive:    0.0197
    Triplet:        0.0000
    Total:          0.0276

  Face Loss Components (iter 700):
    Reconstruction: 0.0098
    Contrastive:    0.0243
    Triplet:        0.0000
    Total:          0.0341

  Face Loss Components (iter 800):
    Reconstruction: 0.0132
    Contrastive:    0.0044
    Triplet:        0.0000
    Total:          0.0176

  Face Loss Components (iter 900):
    Reconstruction: 0.0085
    Contrastive:    0.0192
    Triplet:        0.0000
    Total:          0.0278

  Face Loss Components (iter 1000):
    Reconstruction: 0.0101
    Contrastive:    0.0254
    Triplet:        0.0000
    Total:          0.0355

  Face Loss Components (iter 1100):
    Reconstruction: 0.0087
    Contrastive:    0.0100
    Triplet:        0.0000
    Total:          0.0187

  Face Loss Components (iter 1200):
    Reconstruction: 0.0080
    Contrastive:    0.0022
    Triplet:        0.0000
    Total:          0.0102

  Face Loss Components (iter 1300):
    Reconstruction: 0.0058
    Contrastive:    0.0094
    Triplet:        0.0000
    Total:          0.0152

  Face Loss Components (iter 1400):
    Reconstruction: 0.0121
    Contrastive:    0.0314
    Triplet:        0.0000
    Total:          0.0435

  Face Loss Components (iter 1500):
    Reconstruction: 0.0083
    Contrastive:    0.0121
    Triplet:        0.0000
    Total:          0.0205

  Face Loss Components (iter 1600):
    Reconstruction: 0.0064
    Contrastive:    0.0233
    Triplet:        0.0000
    Total:          0.0297

  Face Loss Components (iter 1700):
    Reconstruction: 0.0057
    Contrastive:    0.0037
    Triplet:        0.0000
    Total:          0.0094

  Face Loss Components (iter 1800):
    Reconstruction: 0.0075
    Contrastive:    0.0360
    Triplet:        0.0000
    Total:          0.0436

  Face Loss Components (iter 1900):
    Reconstruction: 0.0133
    Contrastive:    0.0274
    Triplet:        0.0000
    Total:          0.0406

  Face Loss Components (iter 2000):
    Reconstruction: 0.0114
    Contrastive:    0.0187
    Triplet:        0.0000
    Total:          0.0301

  Face Loss Components (iter 2100):
    Reconstruction: 0.0116
    Contrastive:    0.0176
    Triplet:        0.0000
    Total:          0.0292

  Face Loss Components (iter 2200):
    Reconstruction: 0.0089
    Contrastive:    0.0480
    Triplet:        0.0000
    Total:          0.0569

  Face Loss Components (iter 2300):
    Reconstruction: 0.0093
    Contrastive:    0.0071
    Triplet:        0.0000
    Total:          0.0164

  Face Loss Components (iter 2400):
    Reconstruction: 0.0106
    Contrastive:    0.0143
    Triplet:        0.0000
    Total:          0.0249

  Face Loss Components (iter 2500):
    Reconstruction: 0.0081
    Contrastive:    0.0218
    Triplet:        0.0000
    Total:          0.0300
===> Epoch[55]: Loss: 0.3017 || Learning rate: lr=4.762431700538333e-05.

  Face Loss Components (iter 0):
    Reconstruction: 0.0095
    Contrastive:    0.0077
    Triplet:        0.0000
    Total:          0.0172

  Face Loss Components (iter 100):
    Reconstruction: 0.0102
    Contrastive:    0.0177
    Triplet:        0.0000
    Total:          0.0279

  Face Loss Components (iter 200):
    Reconstruction: 0.0105
    Contrastive:    0.0427
    Triplet:        0.0000
    Total:          0.0531

  Face Loss Components (iter 300):
    Reconstruction: 0.0070
    Contrastive:    0.0105
    Triplet:        0.0000
    Total:          0.0175

  Face Loss Components (iter 400):
    Reconstruction: 0.0105
    Contrastive:    0.0149
    Triplet:        0.0000
    Total:          0.0254

  Face Loss Components (iter 500):
    Reconstruction: 0.0076
    Contrastive:    0.0294
    Triplet:        0.0000
    Total:          0.0370

  Face Loss Components (iter 600):
    Reconstruction: 0.0122
    Contrastive:    0.0262
    Triplet:        0.0000
    Total:          0.0384

  Face Loss Components (iter 700):
    Reconstruction: 0.0103
    Contrastive:    0.0253
    Triplet:        0.0000
    Total:          0.0356

  Face Loss Components (iter 800):
    Reconstruction: 0.0081
    Contrastive:    0.0031
    Triplet:        0.0000
    Total:          0.0111

  Face Loss Components (iter 900):
    Reconstruction: 0.0124
    Contrastive:    0.0207
    Triplet:        0.0000
    Total:          0.0331

  Face Loss Components (iter 1000):
    Reconstruction: 0.0099
    Contrastive:    0.0110
    Triplet:        0.0000
    Total:          0.0209

  Face Loss Components (iter 1100):
    Reconstruction: 0.0064
    Contrastive:    0.0183
    Triplet:        0.0000
    Total:          0.0248

  Face Loss Components (iter 1200):
    Reconstruction: 0.0138
    Contrastive:    0.0196
    Triplet:        0.0000
    Total:          0.0335

  Face Loss Components (iter 1300):
    Reconstruction: 0.0080
    Contrastive:    0.0209
    Triplet:        0.0000
    Total:          0.0289

  Face Loss Components (iter 1400):
    Reconstruction: 0.0099
    Contrastive:    0.0203
    Triplet:        0.0000
    Total:          0.0302

  Face Loss Components (iter 1500):
    Reconstruction: 0.0056
    Contrastive:    0.0080
    Triplet:        0.0000
    Total:          0.0136

  Face Loss Components (iter 1600):
    Reconstruction: 0.0099
    Contrastive:    0.0169
    Triplet:        0.0000
    Total:          0.0268

  Face Loss Components (iter 1700):
    Reconstruction: 0.0085
    Contrastive:    0.0086
    Triplet:        0.0000
    Total:          0.0171

  Face Loss Components (iter 1800):
    Reconstruction: 0.0089
    Contrastive:    0.0188
    Triplet:        0.0000
    Total:          0.0277

  Face Loss Components (iter 1900):
    Reconstruction: 0.0080
    Contrastive:    0.0314
    Triplet:        0.0000
    Total:          0.0394

  Face Loss Components (iter 2000):
    Reconstruction: 0.0103
    Contrastive:    0.0087
    Triplet:        0.0000
    Total:          0.0191

  Face Loss Components (iter 2100):
    Reconstruction: 0.0091
    Contrastive:    0.0234
    Triplet:        0.0000
    Total:          0.0325

  Face Loss Components (iter 2200):
    Reconstruction: 0.0058
    Contrastive:    0.0211
    Triplet:        0.0000
    Total:          0.0269

  Face Loss Components (iter 2300):
    Reconstruction: 0.0074
    Contrastive:    0.0143
    Triplet:        0.0000
    Total:          0.0217

  Face Loss Components (iter 2400):
    Reconstruction: 0.0115
    Contrastive:    0.0114
    Triplet:        0.0000
    Total:          0.0229

  Face Loss Components (iter 2500):
    Reconstruction: 0.0108
    Contrastive:    0.0131
    Triplet:        0.0000
    Total:          0.0239
===> Epoch[56]: Loss: 0.3011 || Learning rate: lr=4.601002200394787e-05.

  Face Loss Components (iter 0):
    Reconstruction: 0.0089
    Contrastive:    0.0084
    Triplet:        0.0000
    Total:          0.0173

  Face Loss Components (iter 100):
    Reconstruction: 0.0107
    Contrastive:    0.0268
    Triplet:        0.0000
    Total:          0.0375

  Face Loss Components (iter 200):
    Reconstruction: 0.0092
    Contrastive:    0.0408
    Triplet:        0.0000
    Total:          0.0500

  Face Loss Components (iter 300):
    Reconstruction: 0.0066
    Contrastive:    0.0309
    Triplet:        0.0000
    Total:          0.0376

  Face Loss Components (iter 400):
    Reconstruction: 0.0100
    Contrastive:    0.0160
    Triplet:        0.0000
    Total:          0.0260

  Face Loss Components (iter 500):
    Reconstruction: 0.0101
    Contrastive:    0.0055
    Triplet:        0.0000
    Total:          0.0156

  Face Loss Components (iter 600):
    Reconstruction: 0.0056
    Contrastive:    0.0194
    Triplet:        0.0000
    Total:          0.0251

  Face Loss Components (iter 700):
    Reconstruction: 0.0096
    Contrastive:    0.0094
    Triplet:        0.0000
    Total:          0.0190

  Face Loss Components (iter 800):
    Reconstruction: 0.0090
    Contrastive:    0.0119
    Triplet:        0.0000
    Total:          0.0209

  Face Loss Components (iter 900):
    Reconstruction: 0.0119
    Contrastive:    0.0092
    Triplet:        0.0000
    Total:          0.0211

  Face Loss Components (iter 1000):
    Reconstruction: 0.0068
    Contrastive:    0.0080
    Triplet:        0.0000
    Total:          0.0148

  Face Loss Components (iter 1100):
    Reconstruction: 0.0048
    Contrastive:    0.0343
    Triplet:        0.0000
    Total:          0.0392

  Face Loss Components (iter 1200):
    Reconstruction: 0.0075
    Contrastive:    0.0048
    Triplet:        0.0000
    Total:          0.0123

  Face Loss Components (iter 1300):
    Reconstruction: 0.0045
    Contrastive:    0.0052
    Triplet:        0.0000
    Total:          0.0097

  Face Loss Components (iter 1400):
    Reconstruction: 0.0078
    Contrastive:    0.0111
    Triplet:        0.0000
    Total:          0.0189

  Face Loss Components (iter 1500):
    Reconstruction: 0.0083
    Contrastive:    0.0190
    Triplet:        0.0000
    Total:          0.0272

  Face Loss Components (iter 1600):
    Reconstruction: 0.0089
    Contrastive:    0.0160
    Triplet:        0.0000
    Total:          0.0249

  Face Loss Components (iter 1700):
    Reconstruction: 0.0049
    Contrastive:    0.0172
    Triplet:        0.0000
    Total:          0.0221

  Face Loss Components (iter 1800):
    Reconstruction: 0.0045
    Contrastive:    0.0115
    Triplet:        0.0000
    Total:          0.0160

  Face Loss Components (iter 1900):
    Reconstruction: 0.0092
    Contrastive:    0.0316
    Triplet:        0.0000
    Total:          0.0409

  Face Loss Components (iter 2000):
    Reconstruction: 0.0086
    Contrastive:    0.0096
    Triplet:        0.0000
    Total:          0.0182

  Face Loss Components (iter 2100):
    Reconstruction: 0.0088
    Contrastive:    0.0108
    Triplet:        0.0000
    Total:          0.0196

  Face Loss Components (iter 2200):
    Reconstruction: 0.0057
    Contrastive:    0.0136
    Triplet:        0.0000
    Total:          0.0193

  Face Loss Components (iter 2300):
    Reconstruction: 0.0079
    Contrastive:    0.0274
    Triplet:        0.0000
    Total:          0.0354

  Face Loss Components (iter 2400):
    Reconstruction: 0.0065
    Contrastive:    0.0227
    Triplet:        0.0000
    Total:          0.0292

  Face Loss Components (iter 2500):
    Reconstruction: 0.0113
    Contrastive:    0.0358
    Triplet:        0.0000
    Total:          0.0471
===> Epoch[57]: Loss: 0.3005 || Learning rate: lr=4.439996438154556e-05.

  Face Loss Components (iter 0):
    Reconstruction: 0.0099
    Contrastive:    0.0096
    Triplet:        0.0000
    Total:          0.0195

  Face Loss Components (iter 100):
    Reconstruction: 0.0092
    Contrastive:    0.0299
    Triplet:        0.0000
    Total:          0.0391

  Face Loss Components (iter 200):
    Reconstruction: 0.0073
    Contrastive:    0.0201
    Triplet:        0.0000
    Total:          0.0274

  Face Loss Components (iter 300):
    Reconstruction: 0.0066
    Contrastive:    0.0452
    Triplet:        0.0000
    Total:          0.0517

  Face Loss Components (iter 400):
    Reconstruction: 0.0096
    Contrastive:    0.0278
    Triplet:        0.0000
    Total:          0.0374

  Face Loss Components (iter 500):
    Reconstruction: 0.0063
    Contrastive:    0.0166
    Triplet:        0.0000
    Total:          0.0229

  Face Loss Components (iter 600):
    Reconstruction: 0.0132
    Contrastive:    0.0072
    Triplet:        0.0000
    Total:          0.0204

  Face Loss Components (iter 700):
    Reconstruction: 0.0053
    Contrastive:    0.0337
    Triplet:        0.0000
    Total:          0.0390

  Face Loss Components (iter 800):
    Reconstruction: 0.0076
    Contrastive:    0.0204
    Triplet:        0.0000
    Total:          0.0280

  Face Loss Components (iter 900):
    Reconstruction: 0.0122
    Contrastive:    0.0260
    Triplet:        0.0000
    Total:          0.0381

  Face Loss Components (iter 1000):
    Reconstruction: 0.0062
    Contrastive:    0.0144
    Triplet:        0.0000
    Total:          0.0206

  Face Loss Components (iter 1100):
    Reconstruction: 0.0102
    Contrastive:    0.0135
    Triplet:        0.0000
    Total:          0.0237

  Face Loss Components (iter 1200):
    Reconstruction: 0.0151
    Contrastive:    0.0158
    Triplet:        0.0000
    Total:          0.0310

  Face Loss Components (iter 1300):
    Reconstruction: 0.0127
    Contrastive:    0.0169
    Triplet:        0.0000
    Total:          0.0297

  Face Loss Components (iter 1400):
    Reconstruction: 0.0083
    Contrastive:    0.0107
    Triplet:        0.0000
    Total:          0.0190

  Face Loss Components (iter 1500):
    Reconstruction: 0.0077
    Contrastive:    0.0183
    Triplet:        0.0000
    Total:          0.0260

  Face Loss Components (iter 1600):
    Reconstruction: 0.0086
    Contrastive:    0.0140
    Triplet:        0.0000
    Total:          0.0226

  Face Loss Components (iter 1700):
    Reconstruction: 0.0133
    Contrastive:    0.0249
    Triplet:        0.0000
    Total:          0.0382

  Face Loss Components (iter 1800):
    Reconstruction: 0.0125
    Contrastive:    0.0155
    Triplet:        0.0000
    Total:          0.0280

  Face Loss Components (iter 1900):
    Reconstruction: 0.0067
    Contrastive:    0.0034
    Triplet:        0.0000
    Total:          0.0101

  Face Loss Components (iter 2000):
    Reconstruction: 0.0076
    Contrastive:    0.0256
    Triplet:        0.0000
    Total:          0.0332

  Face Loss Components (iter 2100):
    Reconstruction: 0.0056
    Contrastive:    0.0261
    Triplet:        0.0000
    Total:          0.0317

  Face Loss Components (iter 2200):
    Reconstruction: 0.0080
    Contrastive:    0.0118
    Triplet:        0.0000
    Total:          0.0198

  Face Loss Components (iter 2300):
    Reconstruction: 0.0096
    Contrastive:    0.0205
    Triplet:        0.0000
    Total:          0.0301

  Face Loss Components (iter 2400):
    Reconstruction: 0.0118
    Contrastive:    0.0081
    Triplet:        0.0000
    Total:          0.0199

  Face Loss Components (iter 2500):
    Reconstruction: 0.0091
    Contrastive:    0.0223
    Triplet:        0.0000
    Total:          0.0314
===> Epoch[58]: Loss: 0.2998 || Learning rate: lr=4.279583286628778e-05.

  Face Loss Components (iter 0):
    Reconstruction: 0.0063
    Contrastive:    0.0057
    Triplet:        0.0000
    Total:          0.0120

  Face Loss Components (iter 100):
    Reconstruction: 0.0090
    Contrastive:    0.0201
    Triplet:        0.0000
    Total:          0.0291

  Face Loss Components (iter 200):
    Reconstruction: 0.0056
    Contrastive:    0.0216
    Triplet:        0.0000
    Total:          0.0271

  Face Loss Components (iter 300):
    Reconstruction: 0.0092
    Contrastive:    0.0177
    Triplet:        0.0000
    Total:          0.0269

  Face Loss Components (iter 400):
    Reconstruction: 0.0088
    Contrastive:    0.0043
    Triplet:        0.0000
    Total:          0.0131

  Face Loss Components (iter 500):
    Reconstruction: 0.0058
    Contrastive:    0.0258
    Triplet:        0.0000
    Total:          0.0316

  Face Loss Components (iter 600):
    Reconstruction: 0.0110
    Contrastive:    0.0343
    Triplet:        0.0000
    Total:          0.0453

  Face Loss Components (iter 700):
    Reconstruction: 0.0080
    Contrastive:    0.0067
    Triplet:        0.0000
    Total:          0.0147

  Face Loss Components (iter 800):
    Reconstruction: 0.0101
    Contrastive:    0.0103
    Triplet:        0.0000
    Total:          0.0205

  Face Loss Components (iter 900):
    Reconstruction: 0.0042
    Contrastive:    0.0211
    Triplet:        0.0000
    Total:          0.0253

  Face Loss Components (iter 1000):
    Reconstruction: 0.0076
    Contrastive:    0.0076
    Triplet:        0.0000
    Total:          0.0152

  Face Loss Components (iter 1100):
    Reconstruction: 0.0102
    Contrastive:    0.0136
    Triplet:        0.0000
    Total:          0.0238

  Face Loss Components (iter 1200):
    Reconstruction: 0.0100
    Contrastive:    0.0087
    Triplet:        0.0000
    Total:          0.0187

  Face Loss Components (iter 1300):
    Reconstruction: 0.0069
    Contrastive:    0.0169
    Triplet:        0.0000
    Total:          0.0238

  Face Loss Components (iter 1400):
    Reconstruction: 0.0083
    Contrastive:    0.0048
    Triplet:        0.0000
    Total:          0.0131

  Face Loss Components (iter 1500):
    Reconstruction: 0.0091
    Contrastive:    0.0090
    Triplet:        0.0000
    Total:          0.0181

  Face Loss Components (iter 1600):
    Reconstruction: 0.0107
    Contrastive:    0.0035
    Triplet:        0.0000
    Total:          0.0142

  Face Loss Components (iter 1700):
    Reconstruction: 0.0097
    Contrastive:    0.0076
    Triplet:        0.0000
    Total:          0.0173

  Face Loss Components (iter 1800):
    Reconstruction: 0.0050
    Contrastive:    0.0135
    Triplet:        0.0000
    Total:          0.0185

  Face Loss Components (iter 1900):
    Reconstruction: 0.0087
    Contrastive:    0.0014
    Triplet:        0.0000
    Total:          0.0101

  Face Loss Components (iter 2000):
    Reconstruction: 0.0116
    Contrastive:    0.0177
    Triplet:        0.0000
    Total:          0.0293

  Face Loss Components (iter 2100):
    Reconstruction: 0.0065
    Contrastive:    0.0244
    Triplet:        0.0000
    Total:          0.0309

  Face Loss Components (iter 2200):
    Reconstruction: 0.0103
    Contrastive:    0.0132
    Triplet:        0.0000
    Total:          0.0235

  Face Loss Components (iter 2300):
    Reconstruction: 0.0095
    Contrastive:    0.0206
    Triplet:        0.0000
    Total:          0.0302

  Face Loss Components (iter 2400):
    Reconstruction: 0.0068
    Contrastive:    0.0186
    Triplet:        0.0000
    Total:          0.0254

  Face Loss Components (iter 2500):
    Reconstruction: 0.0092
    Contrastive:    0.0383
    Triplet:        0.0000
    Total:          0.0475
===> Epoch[59]: Loss: 0.2992 || Learning rate: lr=4.119930997061783e-05.

  Face Loss Components (iter 0):
    Reconstruction: 0.0049
    Contrastive:    0.0162
    Triplet:        0.0000
    Total:          0.0211

  Face Loss Components (iter 100):
    Reconstruction: 0.0092
    Contrastive:    0.0059
    Triplet:        0.0000
    Total:          0.0151

  Face Loss Components (iter 200):
    Reconstruction: 0.0092
    Contrastive:    0.0193
    Triplet:        0.0000
    Total:          0.0286

  Face Loss Components (iter 300):
    Reconstruction: 0.0078
    Contrastive:    0.0040
    Triplet:        0.0000
    Total:          0.0119

  Face Loss Components (iter 400):
    Reconstruction: 0.0130
    Contrastive:    0.0309
    Triplet:        0.0000
    Total:          0.0439

  Face Loss Components (iter 500):
    Reconstruction: 0.0064
    Contrastive:    0.0173
    Triplet:        0.0000
    Total:          0.0237

  Face Loss Components (iter 600):
    Reconstruction: 0.0068
    Contrastive:    0.0110
    Triplet:        0.0000
    Total:          0.0178

  Face Loss Components (iter 700):
    Reconstruction: 0.0094
    Contrastive:    0.0069
    Triplet:        0.0000
    Total:          0.0163

  Face Loss Components (iter 800):
    Reconstruction: 0.0074
    Contrastive:    0.0337
    Triplet:        0.0000
    Total:          0.0411

  Face Loss Components (iter 900):
    Reconstruction: 0.0072
    Contrastive:    0.0228
    Triplet:        0.0000
    Total:          0.0300

  Face Loss Components (iter 1000):
    Reconstruction: 0.0125
    Contrastive:    0.0154
    Triplet:        0.0000
    Total:          0.0279

  Face Loss Components (iter 1100):
    Reconstruction: 0.0073
    Contrastive:    0.0088
    Triplet:        0.0000
    Total:          0.0161

  Face Loss Components (iter 1200):
    Reconstruction: 0.0098
    Contrastive:    0.0383
    Triplet:        0.0000
    Total:          0.0482

  Face Loss Components (iter 1300):
    Reconstruction: 0.0093
    Contrastive:    0.0081
    Triplet:        0.0000
    Total:          0.0174

  Face Loss Components (iter 1400):
    Reconstruction: 0.0091
    Contrastive:    0.0188
    Triplet:        0.0000
    Total:          0.0279

  Face Loss Components (iter 1500):
    Reconstruction: 0.0093
    Contrastive:    0.0114
    Triplet:        0.0000
    Total:          0.0206

  Face Loss Components (iter 1600):
    Reconstruction: 0.0070
    Contrastive:    0.0092
    Triplet:        0.0000
    Total:          0.0163

  Face Loss Components (iter 1700):
    Reconstruction: 0.0109
    Contrastive:    0.0102
    Triplet:        0.0000
    Total:          0.0211

  Face Loss Components (iter 1800):
    Reconstruction: 0.0149
    Contrastive:    0.0152
    Triplet:        0.0000
    Total:          0.0301

  Face Loss Components (iter 1900):
    Reconstruction: 0.0080
    Contrastive:    0.0486
    Triplet:        0.0000
    Total:          0.0566

  Face Loss Components (iter 2000):
    Reconstruction: 0.0098
    Contrastive:    0.0397
    Triplet:        0.0000
    Total:          0.0495

  Face Loss Components (iter 2100):
    Reconstruction: 0.0089
    Contrastive:    0.0134
    Triplet:        0.0000
    Total:          0.0223

  Face Loss Components (iter 2200):
    Reconstruction: 0.0074
    Contrastive:    0.0143
    Triplet:        0.0000
    Total:          0.0217

  Face Loss Components (iter 2300):
    Reconstruction: 0.0093
    Contrastive:    0.0266
    Triplet:        0.0000
    Total:          0.0359

  Face Loss Components (iter 2400):
    Reconstruction: 0.0117
    Contrastive:    0.0103
    Triplet:        0.0000
    Total:          0.0220

  Face Loss Components (iter 2500):
    Reconstruction: 0.0050
    Contrastive:    0.0103
    Triplet:        0.0000
    Total:          0.0153
===> Epoch[60]: Loss: 0.2989 || Learning rate: lr=3.9612070226587816e-05.
Checkpoint saved to ./weights/train/epoch_60.pth
Pre-trained model is loaded.
Evaluation:
===> End evaluation
Setting up [LPIPS] perceptual loss: trunk [alex], v[0.1], spatial [off]
Loading model from: /home/hpc4090/miniconda3/envs/jamal/lib/python3.12/site-packages/lpips/weights/v0.1/alex.pth
===> Avg.PSNR: 32.1053 dB 
===> Avg.SSIM: 0.9036 
===> Avg.LPIPS: 0.0884 
[31.113139814494996, 31.68606542701128, 32.04041394960111, 31.216789086031728, 32.324824466425746, 32.10528274131483]
[0.8944346425384574, 0.8940010765991682, 0.9009266616457621, 0.900978022849979, 0.9037393632276653, 0.903556572238023]
[0.10720190010708973, 0.10554263371205519, 0.09347565761807089, 0.08947221164020175, 0.08667168248489145, 0.0883831379071875]

  Face Loss Components (iter 0):
    Reconstruction: 0.0126
    Contrastive:    0.0207
    Triplet:        0.0000
    Total:          0.0332

  Face Loss Components (iter 100):
    Reconstruction: 0.0076
    Contrastive:    0.0223
    Triplet:        0.0000
    Total:          0.0299

  Face Loss Components (iter 200):
    Reconstruction: 0.0098
    Contrastive:    0.0384
    Triplet:        0.0000
    Total:          0.0481

  Face Loss Components (iter 300):
    Reconstruction: 0.0051
    Contrastive:    0.0234
    Triplet:        0.0000
    Total:          0.0285

  Face Loss Components (iter 400):
    Reconstruction: 0.0106
    Contrastive:    0.0199
    Triplet:        0.0000
    Total:          0.0306

  Face Loss Components (iter 500):
    Reconstruction: 0.0077
    Contrastive:    0.0155
    Triplet:        0.0000
    Total:          0.0232

  Face Loss Components (iter 600):
    Reconstruction: 0.0100
    Contrastive:    0.0039
    Triplet:        0.0000
    Total:          0.0139

  Face Loss Components (iter 700):
    Reconstruction: 0.0089
    Contrastive:    0.0237
    Triplet:        0.0000
    Total:          0.0326

  Face Loss Components (iter 800):
    Reconstruction: 0.0053
    Contrastive:    0.0279
    Triplet:        0.0000
    Total:          0.0332

  Face Loss Components (iter 900):
    Reconstruction: 0.0096
    Contrastive:    0.0119
    Triplet:        0.0000
    Total:          0.0214

  Face Loss Components (iter 1000):
    Reconstruction: 0.0096
    Contrastive:    0.0447
    Triplet:        0.0000
    Total:          0.0544

  Face Loss Components (iter 1100):
    Reconstruction: 0.0082
    Contrastive:    0.0338
    Triplet:        0.0000
    Total:          0.0420

  Face Loss Components (iter 1200):
    Reconstruction: 0.0144
    Contrastive:    0.0261
    Triplet:        0.0000
    Total:          0.0405

  Face Loss Components (iter 1300):
    Reconstruction: 0.0066
    Contrastive:    0.0146
    Triplet:        0.0000
    Total:          0.0212

  Face Loss Components (iter 1400):
    Reconstruction: 0.0077
    Contrastive:    0.0062
    Triplet:        0.0000
    Total:          0.0138

  Face Loss Components (iter 1500):
    Reconstruction: 0.0098
    Contrastive:    0.0209
    Triplet:        0.0000
    Total:          0.0308

  Face Loss Components (iter 1600):
    Reconstruction: 0.0061
    Contrastive:    0.0064
    Triplet:        0.0000
    Total:          0.0125

  Face Loss Components (iter 1700):
    Reconstruction: 0.0084
    Contrastive:    0.0174
    Triplet:        0.0000
    Total:          0.0258

  Face Loss Components (iter 1800):
    Reconstruction: 0.0109
    Contrastive:    0.0055
    Triplet:        0.0000
    Total:          0.0164

  Face Loss Components (iter 1900):
    Reconstruction: 0.0068
    Contrastive:    0.0262
    Triplet:        0.0000
    Total:          0.0330

  Face Loss Components (iter 2000):
    Reconstruction: 0.0109
    Contrastive:    0.0222
    Triplet:        0.0000
    Total:          0.0331

  Face Loss Components (iter 2100):
    Reconstruction: 0.0071
    Contrastive:    0.0091
    Triplet:        0.0000
    Total:          0.0163

  Face Loss Components (iter 2200):
    Reconstruction: 0.0049
    Contrastive:    0.0230
    Triplet:        0.0000
    Total:          0.0279

  Face Loss Components (iter 2300):
    Reconstruction: 0.0101
    Contrastive:    0.0140
    Triplet:        0.0000
    Total:          0.0240

  Face Loss Components (iter 2400):
    Reconstruction: 0.0109
    Contrastive:    0.0142
    Triplet:        0.0000
    Total:          0.0251

  Face Loss Components (iter 2500):
    Reconstruction: 0.0090
    Contrastive:    0.0371
    Triplet:        0.0000
    Total:          0.0461
===> Epoch[61]: Loss: 0.2984 || Learning rate: lr=3.8035778429505646e-05.

  Face Loss Components (iter 0):
    Reconstruction: 0.0080
    Contrastive:    0.0149
    Triplet:        0.0000
    Total:          0.0229

  Face Loss Components (iter 100):
    Reconstruction: 0.0078
    Contrastive:    0.0154
    Triplet:        0.0000
    Total:          0.0232

  Face Loss Components (iter 200):
    Reconstruction: 0.0086
    Contrastive:    0.0220
    Triplet:        0.0000
    Total:          0.0306

  Face Loss Components (iter 300):
    Reconstruction: 0.0088
    Contrastive:    0.0158
    Triplet:        0.0000
    Total:          0.0247

  Face Loss Components (iter 400):
    Reconstruction: 0.0091
    Contrastive:    0.0132
    Triplet:        0.0000
    Total:          0.0223

  Face Loss Components (iter 500):
    Reconstruction: 0.0104
    Contrastive:    0.0103
    Triplet:        0.0000
    Total:          0.0207

  Face Loss Components (iter 600):
    Reconstruction: 0.0118
    Contrastive:    0.0258
    Triplet:        0.0000
    Total:          0.0376

  Face Loss Components (iter 700):
    Reconstruction: 0.0123
    Contrastive:    0.0139
    Triplet:        0.0000
    Total:          0.0262

  Face Loss Components (iter 800):
    Reconstruction: 0.0097
    Contrastive:    0.0127
    Triplet:        0.0000
    Total:          0.0224

  Face Loss Components (iter 900):
    Reconstruction: 0.0085
    Contrastive:    0.0170
    Triplet:        0.0000
    Total:          0.0255

  Face Loss Components (iter 1000):
    Reconstruction: 0.0074
    Contrastive:    0.0099
    Triplet:        0.0000
    Total:          0.0173

  Face Loss Components (iter 1100):
    Reconstruction: 0.0099
    Contrastive:    0.0206
    Triplet:        0.0000
    Total:          0.0304

  Face Loss Components (iter 1200):
    Reconstruction: 0.0086
    Contrastive:    0.0188
    Triplet:        0.0000
    Total:          0.0275

  Face Loss Components (iter 1300):
    Reconstruction: 0.0069
    Contrastive:    0.0420
    Triplet:        0.0000
    Total:          0.0488

  Face Loss Components (iter 1400):
    Reconstruction: 0.0051
    Contrastive:    0.0122
    Triplet:        0.0000
    Total:          0.0173

  Face Loss Components (iter 1500):
    Reconstruction: 0.0064
    Contrastive:    0.0518
    Triplet:        0.0000
    Total:          0.0582

  Face Loss Components (iter 1600):
    Reconstruction: 0.0076
    Contrastive:    0.0148
    Triplet:        0.0000
    Total:          0.0225

  Face Loss Components (iter 1700):
    Reconstruction: 0.0106
    Contrastive:    0.0126
    Triplet:        0.0000
    Total:          0.0232

  Face Loss Components (iter 1800):
    Reconstruction: 0.0066
    Contrastive:    0.0299
    Triplet:        0.0000
    Total:          0.0365

  Face Loss Components (iter 1900):
    Reconstruction: 0.0081
    Contrastive:    0.0043
    Triplet:        0.0000
    Total:          0.0124

  Face Loss Components (iter 2000):
    Reconstruction: 0.0083
    Contrastive:    0.0148
    Triplet:        0.0000
    Total:          0.0232

  Face Loss Components (iter 2100):
    Reconstruction: 0.0090
    Contrastive:    0.0213
    Triplet:        0.0000
    Total:          0.0303

  Face Loss Components (iter 2200):
    Reconstruction: 0.0155
    Contrastive:    0.0272
    Triplet:        0.0000
    Total:          0.0427

  Face Loss Components (iter 2300):
    Reconstruction: 0.0175
    Contrastive:    0.0361
    Triplet:        0.0000
    Total:          0.0535

  Face Loss Components (iter 2400):
    Reconstruction: 0.0083
    Contrastive:    0.0368
    Triplet:        0.0000
    Total:          0.0450

  Face Loss Components (iter 2500):
    Reconstruction: 0.0089
    Contrastive:    0.0064
    Triplet:        0.0000
    Total:          0.0153
===> Epoch[62]: Loss: 0.2982 || Learning rate: lr=3.647208789179467e-05.

  Face Loss Components (iter 0):
    Reconstruction: 0.0112
    Contrastive:    0.0091
    Triplet:        0.0000
    Total:          0.0203

  Face Loss Components (iter 100):
    Reconstruction: 0.0064
    Contrastive:    0.0127
    Triplet:        0.0000
    Total:          0.0191

  Face Loss Components (iter 200):
    Reconstruction: 0.0084
    Contrastive:    0.0116
    Triplet:        0.0000
    Total:          0.0201

  Face Loss Components (iter 300):
    Reconstruction: 0.0076
    Contrastive:    0.0275
    Triplet:        0.0000
    Total:          0.0351

  Face Loss Components (iter 400):
    Reconstruction: 0.0125
    Contrastive:    0.0060
    Triplet:        0.0000
    Total:          0.0185

  Face Loss Components (iter 500):
    Reconstruction: 0.0076
    Contrastive:    0.0093
    Triplet:        0.0000
    Total:          0.0169

  Face Loss Components (iter 600):
    Reconstruction: 0.0120
    Contrastive:    0.0112
    Triplet:        0.0000
    Total:          0.0232

  Face Loss Components (iter 700):
    Reconstruction: 0.0110
    Contrastive:    0.0262
    Triplet:        0.0000
    Total:          0.0373

  Face Loss Components (iter 800):
    Reconstruction: 0.0075
    Contrastive:    0.0063
    Triplet:        0.0000
    Total:          0.0138

  Face Loss Components (iter 900):
    Reconstruction: 0.0076
    Contrastive:    0.0158
    Triplet:        0.0000
    Total:          0.0234

  Face Loss Components (iter 1000):
    Reconstruction: 0.0049
    Contrastive:    0.0292
    Triplet:        0.0000
    Total:          0.0341

  Face Loss Components (iter 1100):
    Reconstruction: 0.0089
    Contrastive:    0.0101
    Triplet:        0.0000
    Total:          0.0190

  Face Loss Components (iter 1200):
    Reconstruction: 0.0067
    Contrastive:    0.0312
    Triplet:        0.0000
    Total:          0.0379

  Face Loss Components (iter 1300):
    Reconstruction: 0.0020
    Contrastive:    0.0101
    Triplet:        0.0000
    Total:          0.0122

  Face Loss Components (iter 1400):
    Reconstruction: 0.0077
    Contrastive:    0.0113
    Triplet:        0.0000
    Total:          0.0190

  Face Loss Components (iter 1500):
    Reconstruction: 0.0061
    Contrastive:    0.0136
    Triplet:        0.0000
    Total:          0.0196

  Face Loss Components (iter 1600):
    Reconstruction: 0.0025
    Contrastive:    0.0098
    Triplet:        0.0000
    Total:          0.0123

  Face Loss Components (iter 1700):
    Reconstruction: 0.0096
    Contrastive:    0.0173
    Triplet:        0.0000
    Total:          0.0269

  Face Loss Components (iter 1800):
    Reconstruction: 0.0085
    Contrastive:    0.0290
    Triplet:        0.0000
    Total:          0.0375

  Face Loss Components (iter 1900):
    Reconstruction: 0.0087
    Contrastive:    0.0222
    Triplet:        0.0000
    Total:          0.0309

  Face Loss Components (iter 2000):
    Reconstruction: 0.0123
    Contrastive:    0.0201
    Triplet:        0.0000
    Total:          0.0324

  Face Loss Components (iter 2100):
    Reconstruction: 0.0103
    Contrastive:    0.0237
    Triplet:        0.0000
    Total:          0.0341

  Face Loss Components (iter 2200):
    Reconstruction: 0.0084
    Contrastive:    0.0250
    Triplet:        0.0000
    Total:          0.0334

  Face Loss Components (iter 2300):
    Reconstruction: 0.0118
    Contrastive:    0.0105
    Triplet:        0.0000
    Total:          0.0223

  Face Loss Components (iter 2400):
    Reconstruction: 0.0089
    Contrastive:    0.0030
    Triplet:        0.0000
    Total:          0.0119

  Face Loss Components (iter 2500):
    Reconstruction: 0.0121
    Contrastive:    0.0110
    Triplet:        0.0000
    Total:          0.0231
===> Epoch[63]: Loss: 0.2973 || Learning rate: lr=3.492263870889737e-05.

  Face Loss Components (iter 0):
    Reconstruction: 0.0115
    Contrastive:    0.0090
    Triplet:        0.0000
    Total:          0.0205

  Face Loss Components (iter 100):
    Reconstruction: 0.0076
    Contrastive:    0.0164
    Triplet:        0.0000
    Total:          0.0240

  Face Loss Components (iter 200):
    Reconstruction: 0.0074
    Contrastive:    0.0077
    Triplet:        0.0000
    Total:          0.0150

  Face Loss Components (iter 300):
    Reconstruction: 0.0071
    Contrastive:    0.0138
    Triplet:        0.0000
    Total:          0.0209

  Face Loss Components (iter 400):
    Reconstruction: 0.0056
    Contrastive:    0.0118
    Triplet:        0.0000
    Total:          0.0174

  Face Loss Components (iter 500):
    Reconstruction: 0.0115
    Contrastive:    0.0081
    Triplet:        0.0000
    Total:          0.0196

  Face Loss Components (iter 600):
    Reconstruction: 0.0111
    Contrastive:    0.0361
    Triplet:        0.0000
    Total:          0.0471

  Face Loss Components (iter 700):
    Reconstruction: 0.0056
    Contrastive:    0.0241
    Triplet:        0.0000
    Total:          0.0297

  Face Loss Components (iter 800):
    Reconstruction: 0.0103
    Contrastive:    0.0096
    Triplet:        0.0000
    Total:          0.0200

  Face Loss Components (iter 900):
    Reconstruction: 0.0100
    Contrastive:    0.0133
    Triplet:        0.0000
    Total:          0.0232

  Face Loss Components (iter 1000):
    Reconstruction: 0.0089
    Contrastive:    0.0141
    Triplet:        0.0000
    Total:          0.0229

  Face Loss Components (iter 1100):
    Reconstruction: 0.0095
    Contrastive:    0.0121
    Triplet:        0.0000
    Total:          0.0216

  Face Loss Components (iter 1200):
    Reconstruction: 0.0080
    Contrastive:    0.0522
    Triplet:        0.0000
    Total:          0.0602

  Face Loss Components (iter 1300):
    Reconstruction: 0.0113
    Contrastive:    0.0087
    Triplet:        0.0000
    Total:          0.0200

  Face Loss Components (iter 1400):
    Reconstruction: 0.0112
    Contrastive:    0.0219
    Triplet:        0.0000
    Total:          0.0331

  Face Loss Components (iter 1500):
    Reconstruction: 0.0072
    Contrastive:    0.0088
    Triplet:        0.0000
    Total:          0.0161

  Face Loss Components (iter 1600):
    Reconstruction: 0.0123
    Contrastive:    0.0158
    Triplet:        0.0000
    Total:          0.0282

  Face Loss Components (iter 1700):
    Reconstruction: 0.0124
    Contrastive:    0.0154
    Triplet:        0.0000
    Total:          0.0278

  Face Loss Components (iter 1800):
    Reconstruction: 0.0031
    Contrastive:    0.0075
    Triplet:        0.0000
    Total:          0.0106

  Face Loss Components (iter 1900):
    Reconstruction: 0.0105
    Contrastive:    0.0142
    Triplet:        0.0000
    Total:          0.0247

  Face Loss Components (iter 2000):
    Reconstruction: 0.0054
    Contrastive:    0.0489
    Triplet:        0.0000
    Total:          0.0542

  Face Loss Components (iter 2100):
    Reconstruction: 0.0093
    Contrastive:    0.0173
    Triplet:        0.0000
    Total:          0.0266

  Face Loss Components (iter 2200):
    Reconstruction: 0.0124
    Contrastive:    0.0090
    Triplet:        0.0000
    Total:          0.0214

  Face Loss Components (iter 2300):
    Reconstruction: 0.0079
    Contrastive:    0.0200
    Triplet:        0.0000
    Total:          0.0280

  Face Loss Components (iter 2400):
    Reconstruction: 0.0113
    Contrastive:    0.0130
    Triplet:        0.0000
    Total:          0.0243

  Face Loss Components (iter 2500):
    Reconstruction: 0.0005
    Contrastive:    0.0253
    Triplet:        0.0000
    Total:          0.0258
===> Epoch[64]: Loss: 0.2970 || Learning rate: lr=3.3389056039041525e-05.

  Face Loss Components (iter 0):
    Reconstruction: 0.0072
    Contrastive:    0.0310
    Triplet:        0.0000
    Total:          0.0382

  Face Loss Components (iter 100):
    Reconstruction: 0.0073
    Contrastive:    0.0057
    Triplet:        0.0000
    Total:          0.0130

  Face Loss Components (iter 200):
    Reconstruction: 0.0088
    Contrastive:    0.0155
    Triplet:        0.0000
    Total:          0.0243

  Face Loss Components (iter 300):
    Reconstruction: 0.0049
    Contrastive:    0.0274
    Triplet:        0.0000
    Total:          0.0323

  Face Loss Components (iter 400):
    Reconstruction: 0.0103
    Contrastive:    0.0230
    Triplet:        0.0000
    Total:          0.0333

  Face Loss Components (iter 500):
    Reconstruction: 0.0050
    Contrastive:    0.0119
    Triplet:        0.0000
    Total:          0.0169

  Face Loss Components (iter 600):
    Reconstruction: 0.0071
    Contrastive:    0.0387
    Triplet:        0.0000
    Total:          0.0459

  Face Loss Components (iter 700):
    Reconstruction: 0.0102
    Contrastive:    0.0118
    Triplet:        0.0000
    Total:          0.0220

  Face Loss Components (iter 800):
    Reconstruction: 0.0110
    Contrastive:    0.0186
    Triplet:        0.0000
    Total:          0.0297

  Face Loss Components (iter 900):
    Reconstruction: 0.0070
    Contrastive:    0.0213
    Triplet:        0.0000
    Total:          0.0283

  Face Loss Components (iter 1000):
    Reconstruction: 0.0055
    Contrastive:    0.0219
    Triplet:        0.0000
    Total:          0.0274

  Face Loss Components (iter 1100):
    Reconstruction: 0.0103
    Contrastive:    0.0436
    Triplet:        0.0000
    Total:          0.0538

  Face Loss Components (iter 1200):
    Reconstruction: 0.0060
    Contrastive:    0.0498
    Triplet:        0.0000
    Total:          0.0558

  Face Loss Components (iter 1300):
    Reconstruction: 0.0092
    Contrastive:    0.0109
    Triplet:        0.0000
    Total:          0.0200

  Face Loss Components (iter 1400):
    Reconstruction: 0.0075
    Contrastive:    0.0059
    Triplet:        0.0000
    Total:          0.0134

  Face Loss Components (iter 1500):
    Reconstruction: 0.0100
    Contrastive:    0.0054
    Triplet:        0.0000
    Total:          0.0154

  Face Loss Components (iter 1600):
    Reconstruction: 0.0081
    Contrastive:    0.0173
    Triplet:        0.0000
    Total:          0.0254

  Face Loss Components (iter 1700):
    Reconstruction: 0.0083
    Contrastive:    0.0165
    Triplet:        0.0000
    Total:          0.0248

  Face Loss Components (iter 1800):
    Reconstruction: 0.0134
    Contrastive:    0.0305
    Triplet:        0.0000
    Total:          0.0439

  Face Loss Components (iter 1900):
    Reconstruction: 0.0095
    Contrastive:    0.0036
    Triplet:        0.0000
    Total:          0.0131

  Face Loss Components (iter 2000):
    Reconstruction: 0.0109
    Contrastive:    0.0054
    Triplet:        0.0000
    Total:          0.0163

  Face Loss Components (iter 2100):
    Reconstruction: 0.0121
    Contrastive:    0.0087
    Triplet:        0.0000
    Total:          0.0208

  Face Loss Components (iter 2200):
    Reconstruction: 0.0126
    Contrastive:    0.0259
    Triplet:        0.0000
    Total:          0.0385

  Face Loss Components (iter 2300):
    Reconstruction: 0.0093
    Contrastive:    0.0168
    Triplet:        0.0000
    Total:          0.0261

  Face Loss Components (iter 2400):
    Reconstruction: 0.0114
    Contrastive:    0.0205
    Triplet:        0.0000
    Total:          0.0318

  Face Loss Components (iter 2500):
    Reconstruction: 0.0089
    Contrastive:    0.0082
    Triplet:        0.0000
    Total:          0.0170
===> Epoch[65]: Loss: 0.2964 || Learning rate: lr=3.1872948398673806e-05.

  Face Loss Components (iter 0):
    Reconstruction: 0.0046
    Contrastive:    0.0211
    Triplet:        0.0000
    Total:          0.0257

  Face Loss Components (iter 100):
    Reconstruction: 0.0106
    Contrastive:    0.0097
    Triplet:        0.0000
    Total:          0.0203

  Face Loss Components (iter 200):
    Reconstruction: 0.0041
    Contrastive:    0.0060
    Triplet:        0.0000
    Total:          0.0101

  Face Loss Components (iter 300):
    Reconstruction: 0.0099
    Contrastive:    0.0327
    Triplet:        0.0000
    Total:          0.0426

  Face Loss Components (iter 400):
    Reconstruction: 0.0033
    Contrastive:    0.0395
    Triplet:        0.0000
    Total:          0.0428

  Face Loss Components (iter 500):
    Reconstruction: 0.0101
    Contrastive:    0.0088
    Triplet:        0.0000
    Total:          0.0189

  Face Loss Components (iter 600):
    Reconstruction: 0.0044
    Contrastive:    0.0104
    Triplet:        0.0000
    Total:          0.0148

  Face Loss Components (iter 700):
    Reconstruction: 0.0105
    Contrastive:    0.0163
    Triplet:        0.0000
    Total:          0.0268

  Face Loss Components (iter 800):
    Reconstruction: 0.0119
    Contrastive:    0.0121
    Triplet:        0.0000
    Total:          0.0239

  Face Loss Components (iter 900):
    Reconstruction: 0.0022
    Contrastive:    0.0094
    Triplet:        0.0000
    Total:          0.0116

  Face Loss Components (iter 1000):
    Reconstruction: 0.0117
    Contrastive:    0.0034
    Triplet:        0.0000
    Total:          0.0151

  Face Loss Components (iter 1100):
    Reconstruction: 0.0070
    Contrastive:    0.0245
    Triplet:        0.0000
    Total:          0.0315

  Face Loss Components (iter 1200):
    Reconstruction: 0.0069
    Contrastive:    0.0158
    Triplet:        0.0000
    Total:          0.0227

  Face Loss Components (iter 1300):
    Reconstruction: 0.0075
    Contrastive:    0.0238
    Triplet:        0.0000
    Total:          0.0313

  Face Loss Components (iter 1400):
    Reconstruction: 0.0049
    Contrastive:    0.0699
    Triplet:        0.0032
    Total:          0.0764

  Face Loss Components (iter 1500):
    Reconstruction: 0.0188
    Contrastive:    0.0075
    Triplet:        0.0000
    Total:          0.0263

  Face Loss Components (iter 1600):
    Reconstruction: 0.0103
    Contrastive:    0.0146
    Triplet:        0.0000
    Total:          0.0249

  Face Loss Components (iter 1700):
    Reconstruction: 0.0118
    Contrastive:    0.0261
    Triplet:        0.0000
    Total:          0.0379

  Face Loss Components (iter 1800):
    Reconstruction: 0.0085
    Contrastive:    0.0152
    Triplet:        0.0000
    Total:          0.0236

  Face Loss Components (iter 1900):
    Reconstruction: 0.0083
    Contrastive:    0.0295
    Triplet:        0.0000
    Total:          0.0378

  Face Loss Components (iter 2000):
    Reconstruction: 0.0051
    Contrastive:    0.0134
    Triplet:        0.0000
    Total:          0.0185

  Face Loss Components (iter 2100):
    Reconstruction: 0.0131
    Contrastive:    0.0086
    Triplet:        0.0000
    Total:          0.0217

  Face Loss Components (iter 2200):
    Reconstruction: 0.0102
    Contrastive:    0.0068
    Triplet:        0.0000
    Total:          0.0169

  Face Loss Components (iter 2300):
    Reconstruction: 0.0094
    Contrastive:    0.0122
    Triplet:        0.0000
    Total:          0.0216

  Face Loss Components (iter 2400):
    Reconstruction: 0.0078
    Contrastive:    0.0305
    Triplet:        0.0000
    Total:          0.0383

  Face Loss Components (iter 2500):
    Reconstruction: 0.0093
    Contrastive:    0.0076
    Triplet:        0.0000
    Total:          0.0169
===> Epoch[66]: Loss: 0.2960 || Learning rate: lr=3.0375905975348117e-05.

  Face Loss Components (iter 0):
    Reconstruction: 0.0071
    Contrastive:    0.0108
    Triplet:        0.0000
    Total:          0.0179

  Face Loss Components (iter 100):
    Reconstruction: 0.0080
    Contrastive:    0.0185
    Triplet:        0.0000
    Total:          0.0266

  Face Loss Components (iter 200):
    Reconstruction: 0.0072
    Contrastive:    0.0247
    Triplet:        0.0000
    Total:          0.0319

  Face Loss Components (iter 300):
    Reconstruction: 0.0096
    Contrastive:    0.0091
    Triplet:        0.0000
    Total:          0.0187

  Face Loss Components (iter 400):
    Reconstruction: 0.0108
    Contrastive:    0.0090
    Triplet:        0.0000
    Total:          0.0199

  Face Loss Components (iter 500):
    Reconstruction: 0.0089
    Contrastive:    0.0207
    Triplet:        0.0000
    Total:          0.0296

  Face Loss Components (iter 600):
    Reconstruction: 0.0110
    Contrastive:    0.0149
    Triplet:        0.0000
    Total:          0.0259

  Face Loss Components (iter 700):
    Reconstruction: 0.0075
    Contrastive:    0.0107
    Triplet:        0.0000
    Total:          0.0182

  Face Loss Components (iter 800):
    Reconstruction: 0.0113
    Contrastive:    0.0090
    Triplet:        0.0000
    Total:          0.0203

  Face Loss Components (iter 900):
    Reconstruction: 0.0044
    Contrastive:    0.0191
    Triplet:        0.0000
    Total:          0.0235

  Face Loss Components (iter 1000):
    Reconstruction: 0.0054
    Contrastive:    0.0220
    Triplet:        0.0000
    Total:          0.0273

  Face Loss Components (iter 1100):
    Reconstruction: 0.0066
    Contrastive:    0.0020
    Triplet:        0.0000
    Total:          0.0086

  Face Loss Components (iter 1200):
    Reconstruction: 0.0075
    Contrastive:    0.0221
    Triplet:        0.0000
    Total:          0.0296

  Face Loss Components (iter 1300):
    Reconstruction: 0.0100
    Contrastive:    0.0054
    Triplet:        0.0000
    Total:          0.0154

  Face Loss Components (iter 1400):
    Reconstruction: 0.0092
    Contrastive:    0.0103
    Triplet:        0.0000
    Total:          0.0195

  Face Loss Components (iter 1500):
    Reconstruction: 0.0039
    Contrastive:    0.0097
    Triplet:        0.0000
    Total:          0.0137

  Face Loss Components (iter 1600):
    Reconstruction: 0.0106
    Contrastive:    0.0097
    Triplet:        0.0000
    Total:          0.0203

  Face Loss Components (iter 1700):
    Reconstruction: 0.0114
    Contrastive:    0.0084
    Triplet:        0.0000
    Total:          0.0198

  Face Loss Components (iter 1800):
    Reconstruction: 0.0043
    Contrastive:    0.0180
    Triplet:        0.0000
    Total:          0.0223

  Face Loss Components (iter 1900):
    Reconstruction: 0.0098
    Contrastive:    0.0200
    Triplet:        0.0000
    Total:          0.0298

  Face Loss Components (iter 2000):
    Reconstruction: 0.0123
    Contrastive:    0.0077
    Triplet:        0.0000
    Total:          0.0200

  Face Loss Components (iter 2100):
    Reconstruction: 0.0081
    Contrastive:    0.0743
    Triplet:        0.0000
    Total:          0.0825

  Face Loss Components (iter 2200):
    Reconstruction: 0.0112
    Contrastive:    0.0165
    Triplet:        0.0000
    Total:          0.0277

  Face Loss Components (iter 2300):
    Reconstruction: 0.0094
    Contrastive:    0.0047
    Triplet:        0.0000
    Total:          0.0142

  Face Loss Components (iter 2400):
    Reconstruction: 0.0120
    Contrastive:    0.0305
    Triplet:        0.0000
    Total:          0.0425

  Face Loss Components (iter 2500):
    Reconstruction: 0.0101
    Contrastive:    0.0055
    Triplet:        0.0000
    Total:          0.0156
===> Epoch[67]: Loss: 0.2956 || Learning rate: lr=2.8899498959838384e-05.

  Face Loss Components (iter 0):
    Reconstruction: 0.0093
    Contrastive:    0.0336
    Triplet:        0.0000
    Total:          0.0429

  Face Loss Components (iter 100):
    Reconstruction: 0.0047
    Contrastive:    0.0112
    Triplet:        0.0000
    Total:          0.0159

  Face Loss Components (iter 200):
    Reconstruction: 0.0081
    Contrastive:    0.0057
    Triplet:        0.0000
    Total:          0.0139

  Face Loss Components (iter 300):
    Reconstruction: 0.0095
    Contrastive:    0.0301
    Triplet:        0.0000
    Total:          0.0396

  Face Loss Components (iter 400):
    Reconstruction: 0.0076
    Contrastive:    0.0564
    Triplet:        0.0000
    Total:          0.0639

  Face Loss Components (iter 500):
    Reconstruction: 0.0126
    Contrastive:    0.0335
    Triplet:        0.0000
    Total:          0.0461

  Face Loss Components (iter 600):
    Reconstruction: 0.0061
    Contrastive:    0.0394
    Triplet:        0.0000
    Total:          0.0455

  Face Loss Components (iter 700):
    Reconstruction: 0.0070
    Contrastive:    0.0503
    Triplet:        0.0000
    Total:          0.0573

  Face Loss Components (iter 800):
    Reconstruction: 0.0112
    Contrastive:    0.0048
    Triplet:        0.0000
    Total:          0.0161

  Face Loss Components (iter 900):
    Reconstruction: 0.0068
    Contrastive:    0.0067
    Triplet:        0.0000
    Total:          0.0136

  Face Loss Components (iter 1000):
    Reconstruction: 0.0106
    Contrastive:    0.0128
    Triplet:        0.0000
    Total:          0.0234

  Face Loss Components (iter 1100):
    Reconstruction: 0.0066
    Contrastive:    0.0099
    Triplet:        0.0000
    Total:          0.0165

  Face Loss Components (iter 1200):
    Reconstruction: 0.0059
    Contrastive:    0.0127
    Triplet:        0.0000
    Total:          0.0186

  Face Loss Components (iter 1300):
    Reconstruction: 0.0024
    Contrastive:    0.0074
    Triplet:        0.0000
    Total:          0.0098

  Face Loss Components (iter 1400):
    Reconstruction: 0.0115
    Contrastive:    0.0064
    Triplet:        0.0000
    Total:          0.0179

  Face Loss Components (iter 1500):
    Reconstruction: 0.0095
    Contrastive:    0.0036
    Triplet:        0.0000
    Total:          0.0131

  Face Loss Components (iter 1600):
    Reconstruction: 0.0079
    Contrastive:    0.0301
    Triplet:        0.0000
    Total:          0.0380

  Face Loss Components (iter 1700):
    Reconstruction: 0.0073
    Contrastive:    0.0099
    Triplet:        0.0000
    Total:          0.0172

  Face Loss Components (iter 1800):
    Reconstruction: 0.0096
    Contrastive:    0.0229
    Triplet:        0.0000
    Total:          0.0325

  Face Loss Components (iter 1900):
    Reconstruction: 0.0108
    Contrastive:    0.0184
    Triplet:        0.0000
    Total:          0.0292

  Face Loss Components (iter 2000):
    Reconstruction: 0.0078
    Contrastive:    0.0199
    Triplet:        0.0000
    Total:          0.0278

  Face Loss Components (iter 2100):
    Reconstruction: 0.0069
    Contrastive:    0.0223
    Triplet:        0.0000
    Total:          0.0293

  Face Loss Components (iter 2200):
    Reconstruction: 0.0067
    Contrastive:    0.0109
    Triplet:        0.0000
    Total:          0.0175

  Face Loss Components (iter 2300):
    Reconstruction: 0.0163
    Contrastive:    0.0236
    Triplet:        0.0000
    Total:          0.0399

  Face Loss Components (iter 2400):
    Reconstruction: 0.0102
    Contrastive:    0.0131
    Triplet:        0.0000
    Total:          0.0233

  Face Loss Components (iter 2500):
    Reconstruction: 0.0058
    Contrastive:    0.0243
    Triplet:        0.0000
    Total:          0.0301
===> Epoch[68]: Loss: 0.2950 || Learning rate: lr=2.7445275899225286e-05.

  Face Loss Components (iter 0):
    Reconstruction: 0.0112
    Contrastive:    0.0080
    Triplet:        0.0000
    Total:          0.0192

  Face Loss Components (iter 100):
    Reconstruction: 0.0120
    Contrastive:    0.0095
    Triplet:        0.0000
    Total:          0.0215

  Face Loss Components (iter 200):
    Reconstruction: 0.0082
    Contrastive:    0.0026
    Triplet:        0.0000
    Total:          0.0108

  Face Loss Components (iter 300):
    Reconstruction: 0.0087
    Contrastive:    0.0144
    Triplet:        0.0000
    Total:          0.0231

  Face Loss Components (iter 400):
    Reconstruction: 0.0084
    Contrastive:    0.0252
    Triplet:        0.0000
    Total:          0.0336

  Face Loss Components (iter 500):
    Reconstruction: 0.0085
    Contrastive:    0.0165
    Triplet:        0.0000
    Total:          0.0250

  Face Loss Components (iter 600):
    Reconstruction: 0.0134
    Contrastive:    0.0208
    Triplet:        0.0000
    Total:          0.0343

  Face Loss Components (iter 700):
    Reconstruction: 0.0096
    Contrastive:    0.0025
    Triplet:        0.0000
    Total:          0.0121

  Face Loss Components (iter 800):
    Reconstruction: 0.0045
    Contrastive:    0.0105
    Triplet:        0.0000
    Total:          0.0150

  Face Loss Components (iter 900):
    Reconstruction: 0.0053
    Contrastive:    0.0156
    Triplet:        0.0000
    Total:          0.0209

  Face Loss Components (iter 1000):
    Reconstruction: 0.0132
    Contrastive:    0.0362
    Triplet:        0.0000
    Total:          0.0494

  Face Loss Components (iter 1100):
    Reconstruction: 0.0051
    Contrastive:    0.0278
    Triplet:        0.0000
    Total:          0.0329

  Face Loss Components (iter 1200):
    Reconstruction: 0.0042
    Contrastive:    0.0144
    Triplet:        0.0000
    Total:          0.0186

  Face Loss Components (iter 1300):
    Reconstruction: 0.0095
    Contrastive:    0.0377
    Triplet:        0.0000
    Total:          0.0471

  Face Loss Components (iter 1400):
    Reconstruction: 0.0110
    Contrastive:    0.0268
    Triplet:        0.0000
    Total:          0.0378

  Face Loss Components (iter 1500):
    Reconstruction: 0.0064
    Contrastive:    0.0251
    Triplet:        0.0000
    Total:          0.0315

  Face Loss Components (iter 1600):
    Reconstruction: 0.0089
    Contrastive:    0.0104
    Triplet:        0.0000
    Total:          0.0192

  Face Loss Components (iter 1700):
    Reconstruction: 0.0072
    Contrastive:    0.0199
    Triplet:        0.0000
    Total:          0.0271

  Face Loss Components (iter 1800):
    Reconstruction: 0.0069
    Contrastive:    0.0182
    Triplet:        0.0000
    Total:          0.0251

  Face Loss Components (iter 1900):
    Reconstruction: 0.0067
    Contrastive:    0.0192
    Triplet:        0.0000
    Total:          0.0259

  Face Loss Components (iter 2000):
    Reconstruction: 0.0101
    Contrastive:    0.0129
    Triplet:        0.0000
    Total:          0.0230

  Face Loss Components (iter 2100):
    Reconstruction: 0.0071
    Contrastive:    0.0105
    Triplet:        0.0000
    Total:          0.0176

  Face Loss Components (iter 2200):
    Reconstruction: 0.0048
    Contrastive:    0.0054
    Triplet:        0.0000
    Total:          0.0102

  Face Loss Components (iter 2300):
    Reconstruction: 0.0092
    Contrastive:    0.0171
    Triplet:        0.0000
    Total:          0.0264

  Face Loss Components (iter 2400):
    Reconstruction: 0.0057
    Contrastive:    0.0180
    Triplet:        0.0000
    Total:          0.0237

  Face Loss Components (iter 2500):
    Reconstruction: 0.0067
    Contrastive:    0.0150
    Triplet:        0.0000
    Total:          0.0217
===> Epoch[69]: Loss: 0.2944 || Learning rate: lr=2.6014762072684287e-05.

  Face Loss Components (iter 0):
    Reconstruction: 0.0085
    Contrastive:    0.0063
    Triplet:        0.0000
    Total:          0.0148

  Face Loss Components (iter 100):
    Reconstruction: 0.0049
    Contrastive:    0.0224
    Triplet:        0.0000
    Total:          0.0273

  Face Loss Components (iter 200):
    Reconstruction: 0.0069
    Contrastive:    0.0252
    Triplet:        0.0000
    Total:          0.0322

  Face Loss Components (iter 300):
    Reconstruction: 0.0087
    Contrastive:    0.0132
    Triplet:        0.0000
    Total:          0.0218

  Face Loss Components (iter 400):
    Reconstruction: 0.0079
    Contrastive:    0.0071
    Triplet:        0.0000
    Total:          0.0150

  Face Loss Components (iter 500):
    Reconstruction: 0.0129
    Contrastive:    0.0145
    Triplet:        0.0000
    Total:          0.0274

  Face Loss Components (iter 600):
    Reconstruction: 0.0068
    Contrastive:    0.0146
    Triplet:        0.0000
    Total:          0.0214

  Face Loss Components (iter 700):
    Reconstruction: 0.0048
    Contrastive:    0.0255
    Triplet:        0.0000
    Total:          0.0303

  Face Loss Components (iter 800):
    Reconstruction: 0.0095
    Contrastive:    0.0289
    Triplet:        0.0000
    Total:          0.0384

  Face Loss Components (iter 900):
    Reconstruction: 0.0088
    Contrastive:    0.0191
    Triplet:        0.0000
    Total:          0.0278

  Face Loss Components (iter 1000):
    Reconstruction: 0.0116
    Contrastive:    0.0064
    Triplet:        0.0000
    Total:          0.0180

  Face Loss Components (iter 1100):
    Reconstruction: 0.0086
    Contrastive:    0.0205
    Triplet:        0.0000
    Total:          0.0292

  Face Loss Components (iter 1200):
    Reconstruction: 0.0056
    Contrastive:    0.0379
    Triplet:        0.0000
    Total:          0.0434

  Face Loss Components (iter 1300):
    Reconstruction: 0.0062
    Contrastive:    0.0507
    Triplet:        0.0000
    Total:          0.0569

  Face Loss Components (iter 1400):
    Reconstruction: 0.0103
    Contrastive:    0.0068
    Triplet:        0.0000
    Total:          0.0171

  Face Loss Components (iter 1500):
    Reconstruction: 0.0089
    Contrastive:    0.0142
    Triplet:        0.0000
    Total:          0.0231

  Face Loss Components (iter 1600):
    Reconstruction: 0.0084
    Contrastive:    0.0120
    Triplet:        0.0000
    Total:          0.0204

  Face Loss Components (iter 1700):
    Reconstruction: 0.0060
    Contrastive:    0.0097
    Triplet:        0.0000
    Total:          0.0157

  Face Loss Components (iter 1800):
    Reconstruction: 0.0088
    Contrastive:    0.0064
    Triplet:        0.0000
    Total:          0.0153

  Face Loss Components (iter 1900):
    Reconstruction: 0.0082
    Contrastive:    0.0235
    Triplet:        0.0000
    Total:          0.0317

  Face Loss Components (iter 2000):
    Reconstruction: 0.0080
    Contrastive:    0.0143
    Triplet:        0.0000
    Total:          0.0223

  Face Loss Components (iter 2100):
    Reconstruction: 0.0087
    Contrastive:    0.0060
    Triplet:        0.0000
    Total:          0.0148

  Face Loss Components (iter 2200):
    Reconstruction: 0.0048
    Contrastive:    0.0358
    Triplet:        0.0000
    Total:          0.0405

  Face Loss Components (iter 2300):
    Reconstruction: 0.0107
    Contrastive:    0.0018
    Triplet:        0.0000
    Total:          0.0125

  Face Loss Components (iter 2400):
    Reconstruction: 0.0121
    Contrastive:    0.0172
    Triplet:        0.0000
    Total:          0.0293

  Face Loss Components (iter 2500):
    Reconstruction: 0.0067
    Contrastive:    0.0296
    Triplet:        0.0000
    Total:          0.0364
===> Epoch[70]: Loss: 0.2943 || Learning rate: lr=2.4609457891678307e-05.
Checkpoint saved to ./weights/train/epoch_70.pth
Pre-trained model is loaded.
Evaluation:
===> End evaluation
Setting up [LPIPS] perceptual loss: trunk [alex], v[0.1], spatial [off]
Loading model from: /home/hpc4090/miniconda3/envs/jamal/lib/python3.12/site-packages/lpips/weights/v0.1/alex.pth
===> Avg.PSNR: 32.3995 dB 
===> Avg.SSIM: 0.9038 
===> Avg.LPIPS: 0.0902 
[31.113139814494996, 31.68606542701128, 32.04041394960111, 31.216789086031728, 32.324824466425746, 32.10528274131483, 32.399549736285735]
[0.8944346425384574, 0.8940010765991682, 0.9009266616457621, 0.900978022849979, 0.9037393632276653, 0.903556572238023, 0.9037927089852104]
[0.10720190010708973, 0.10554263371205519, 0.09347565761807089, 0.08947221164020175, 0.08667168248489145, 0.0883831379071875, 0.09019611258843234]

  Face Loss Components (iter 0):
    Reconstruction: 0.0059
    Contrastive:    0.0235
    Triplet:        0.0000
    Total:          0.0294

  Face Loss Components (iter 100):
    Reconstruction: 0.0093
    Contrastive:    0.0209
    Triplet:        0.0000
    Total:          0.0302

  Face Loss Components (iter 200):
    Reconstruction: 0.0101
    Contrastive:    0.0449
    Triplet:        0.0000
    Total:          0.0550

  Face Loss Components (iter 300):
    Reconstruction: 0.0104
    Contrastive:    0.0114
    Triplet:        0.0000
    Total:          0.0218

  Face Loss Components (iter 400):
    Reconstruction: 0.0064
    Contrastive:    0.0114
    Triplet:        0.0000
    Total:          0.0178

  Face Loss Components (iter 500):
    Reconstruction: 0.0108
    Contrastive:    0.0247
    Triplet:        0.0000
    Total:          0.0355

  Face Loss Components (iter 600):
    Reconstruction: 0.0079
    Contrastive:    0.0209
    Triplet:        0.0000
    Total:          0.0287

  Face Loss Components (iter 700):
    Reconstruction: 0.0030
    Contrastive:    0.0157
    Triplet:        0.0000
    Total:          0.0187

  Face Loss Components (iter 800):
    Reconstruction: 0.0040
    Contrastive:    0.0240
    Triplet:        0.0000
    Total:          0.0281

  Face Loss Components (iter 900):
    Reconstruction: 0.0069
    Contrastive:    0.0163
    Triplet:        0.0000
    Total:          0.0232

  Face Loss Components (iter 1000):
    Reconstruction: 0.0066
    Contrastive:    0.0084
    Triplet:        0.0000
    Total:          0.0150

  Face Loss Components (iter 1100):
    Reconstruction: 0.0075
    Contrastive:    0.0159
    Triplet:        0.0000
    Total:          0.0234

  Face Loss Components (iter 1200):
    Reconstruction: 0.0101
    Contrastive:    0.0140
    Triplet:        0.0000
    Total:          0.0241

  Face Loss Components (iter 1300):
    Reconstruction: 0.0047
    Contrastive:    0.0141
    Triplet:        0.0000
    Total:          0.0188

  Face Loss Components (iter 1400):
    Reconstruction: 0.0084
    Contrastive:    0.0351
    Triplet:        0.0000
    Total:          0.0435

  Face Loss Components (iter 1500):
    Reconstruction: 0.0074
    Contrastive:    0.0128
    Triplet:        0.0000
    Total:          0.0202

  Face Loss Components (iter 1600):
    Reconstruction: 0.0020
    Contrastive:    0.0084
    Triplet:        0.0000
    Total:          0.0104

  Face Loss Components (iter 1700):
    Reconstruction: 0.0116
    Contrastive:    0.0210
    Triplet:        0.0000
    Total:          0.0325

  Face Loss Components (iter 1800):
    Reconstruction: 0.0072
    Contrastive:    0.0303
    Triplet:        0.0000
    Total:          0.0374

  Face Loss Components (iter 1900):
    Reconstruction: 0.0099
    Contrastive:    0.0160
    Triplet:        0.0000
    Total:          0.0259

  Face Loss Components (iter 2000):
    Reconstruction: 0.0041
    Contrastive:    0.0016
    Triplet:        0.0000
    Total:          0.0057

  Face Loss Components (iter 2100):
    Reconstruction: 0.0100
    Contrastive:    0.0245
    Triplet:        0.0000
    Total:          0.0344

  Face Loss Components (iter 2200):
    Reconstruction: 0.0060
    Contrastive:    0.0143
    Triplet:        0.0000
    Total:          0.0203

  Face Loss Components (iter 2300):
    Reconstruction: 0.0054
    Contrastive:    0.0084
    Triplet:        0.0000
    Total:          0.0138

  Face Loss Components (iter 2400):
    Reconstruction: 0.0048
    Contrastive:    0.0124
    Triplet:        0.0000
    Total:          0.0171

  Face Loss Components (iter 2500):
    Reconstruction: 0.0111
    Contrastive:    0.0142
    Triplet:        0.0000
    Total:          0.0253
===> Epoch[71]: Loss: 0.2940 || Learning rate: lr=2.3230837326233258e-05.

  Face Loss Components (iter 0):
    Reconstruction: 0.0101
    Contrastive:    0.0115
    Triplet:        0.0000
    Total:          0.0216

  Face Loss Components (iter 100):
    Reconstruction: 0.0069
    Contrastive:    0.0241
    Triplet:        0.0000
    Total:          0.0310

  Face Loss Components (iter 200):
    Reconstruction: 0.0120
    Contrastive:    0.0073
    Triplet:        0.0000
    Total:          0.0192

  Face Loss Components (iter 300):
    Reconstruction: 0.0111
    Contrastive:    0.0105
    Triplet:        0.0000
    Total:          0.0216

  Face Loss Components (iter 400):
    Reconstruction: 0.0122
    Contrastive:    0.0208
    Triplet:        0.0000
    Total:          0.0330

  Face Loss Components (iter 500):
    Reconstruction: 0.0190
    Contrastive:    0.0036
    Triplet:        0.0000
    Total:          0.0225

  Face Loss Components (iter 600):
    Reconstruction: 0.0068
    Contrastive:    0.0149
    Triplet:        0.0000
    Total:          0.0217

  Face Loss Components (iter 700):
    Reconstruction: 0.0072
    Contrastive:    0.0096
    Triplet:        0.0000
    Total:          0.0167

  Face Loss Components (iter 800):
    Reconstruction: 0.0066
    Contrastive:    0.0117
    Triplet:        0.0000
    Total:          0.0183

  Face Loss Components (iter 900):
    Reconstruction: 0.0075
    Contrastive:    0.0193
    Triplet:        0.0000
    Total:          0.0268

  Face Loss Components (iter 1000):
    Reconstruction: 0.0061
    Contrastive:    0.0147
    Triplet:        0.0000
    Total:          0.0208

  Face Loss Components (iter 1100):
    Reconstruction: 0.0118
    Contrastive:    0.0380
    Triplet:        0.0000
    Total:          0.0498

  Face Loss Components (iter 1200):
    Reconstruction: 0.0099
    Contrastive:    0.0194
    Triplet:        0.0000
    Total:          0.0292

  Face Loss Components (iter 1300):
    Reconstruction: 0.0086
    Contrastive:    0.0131
    Triplet:        0.0000
    Total:          0.0217

  Face Loss Components (iter 1400):
    Reconstruction: 0.0074
    Contrastive:    0.0206
    Triplet:        0.0000
    Total:          0.0281

  Face Loss Components (iter 1500):
    Reconstruction: 0.0050
    Contrastive:    0.0063
    Triplet:        0.0000
    Total:          0.0113

  Face Loss Components (iter 1600):
    Reconstruction: 0.0082
    Contrastive:    0.0167
    Triplet:        0.0000
    Total:          0.0250

  Face Loss Components (iter 1700):
    Reconstruction: 0.0084
    Contrastive:    0.0362
    Triplet:        0.0000
    Total:          0.0447

  Face Loss Components (iter 1800):
    Reconstruction: 0.0092
    Contrastive:    0.0231
    Triplet:        0.0000
    Total:          0.0324

  Face Loss Components (iter 1900):
    Reconstruction: 0.0039
    Contrastive:    0.0153
    Triplet:        0.0000
    Total:          0.0192

  Face Loss Components (iter 2000):
    Reconstruction: 0.0096
    Contrastive:    0.0119
    Triplet:        0.0000
    Total:          0.0216

  Face Loss Components (iter 2100):
    Reconstruction: 0.0093
    Contrastive:    0.0145
    Triplet:        0.0000
    Total:          0.0237

  Face Loss Components (iter 2200):
    Reconstruction: 0.0076
    Contrastive:    0.0133
    Triplet:        0.0000
    Total:          0.0209

  Face Loss Components (iter 2300):
    Reconstruction: 0.0112
    Contrastive:    0.0171
    Triplet:        0.0000
    Total:          0.0283

  Face Loss Components (iter 2400):
    Reconstruction: 0.0062
    Contrastive:    0.0303
    Triplet:        0.0000
    Total:          0.0365

  Face Loss Components (iter 2500):
    Reconstruction: 0.0059
    Contrastive:    0.0159
    Triplet:        0.0000
    Total:          0.0219
===> Epoch[72]: Loss: 0.2935 || Learning rate: lr=2.1880346358947217e-05.

  Face Loss Components (iter 0):
    Reconstruction: 0.0054
    Contrastive:    0.0397
    Triplet:        0.0000
    Total:          0.0451

  Face Loss Components (iter 100):
    Reconstruction: 0.0095
    Contrastive:    0.0252
    Triplet:        0.0000
    Total:          0.0347

  Face Loss Components (iter 200):
    Reconstruction: 0.0142
    Contrastive:    0.0126
    Triplet:        0.0000
    Total:          0.0268

  Face Loss Components (iter 300):
    Reconstruction: 0.0094
    Contrastive:    0.0526
    Triplet:        0.0000
    Total:          0.0620

  Face Loss Components (iter 400):
    Reconstruction: 0.0095
    Contrastive:    0.0200
    Triplet:        0.0000
    Total:          0.0295

  Face Loss Components (iter 500):
    Reconstruction: 0.0090
    Contrastive:    0.0187
    Triplet:        0.0000
    Total:          0.0277

  Face Loss Components (iter 600):
    Reconstruction: 0.0086
    Contrastive:    0.0192
    Triplet:        0.0000
    Total:          0.0277

  Face Loss Components (iter 700):
    Reconstruction: 0.0086
    Contrastive:    0.0037
    Triplet:        0.0000
    Total:          0.0123

  Face Loss Components (iter 800):
    Reconstruction: 0.0048
    Contrastive:    0.0081
    Triplet:        0.0000
    Total:          0.0128

  Face Loss Components (iter 900):
    Reconstruction: 0.0070
    Contrastive:    0.0663
    Triplet:        0.0009
    Total:          0.0737

  Face Loss Components (iter 1000):
    Reconstruction: 0.0105
    Contrastive:    0.0094
    Triplet:        0.0000
    Total:          0.0199

  Face Loss Components (iter 1100):
    Reconstruction: 0.0123
    Contrastive:    0.0266
    Triplet:        0.0000
    Total:          0.0388

  Face Loss Components (iter 1200):
    Reconstruction: 0.0063
    Contrastive:    0.0059
    Triplet:        0.0000
    Total:          0.0123

  Face Loss Components (iter 1300):
    Reconstruction: 0.0085
    Contrastive:    0.0445
    Triplet:        0.0000
    Total:          0.0530

  Face Loss Components (iter 1400):
    Reconstruction: 0.0093
    Contrastive:    0.0123
    Triplet:        0.0000
    Total:          0.0216

  Face Loss Components (iter 1500):
    Reconstruction: 0.0082
    Contrastive:    0.0168
    Triplet:        0.0000
    Total:          0.0249

  Face Loss Components (iter 1600):
    Reconstruction: 0.0106
    Contrastive:    0.0390
    Triplet:        0.0000
    Total:          0.0496

  Face Loss Components (iter 1700):
    Reconstruction: 0.0044
    Contrastive:    0.0047
    Triplet:        0.0000
    Total:          0.0091

  Face Loss Components (iter 1800):
    Reconstruction: 0.0106
    Contrastive:    0.0112
    Triplet:        0.0000
    Total:          0.0219

  Face Loss Components (iter 1900):
    Reconstruction: 0.0145
    Contrastive:    0.0171
    Triplet:        0.0000
    Total:          0.0316

  Face Loss Components (iter 2000):
    Reconstruction: 0.0117
    Contrastive:    0.0281
    Triplet:        0.0000
    Total:          0.0399

  Face Loss Components (iter 2100):
    Reconstruction: 0.0087
    Contrastive:    0.0379
    Triplet:        0.0000
    Total:          0.0466

  Face Loss Components (iter 2200):
    Reconstruction: 0.0101
    Contrastive:    0.0414
    Triplet:        0.0000
    Total:          0.0515

  Face Loss Components (iter 2300):
    Reconstruction: 0.0075
    Contrastive:    0.0133
    Triplet:        0.0000
    Total:          0.0207

  Face Loss Components (iter 2400):
    Reconstruction: 0.0074
    Contrastive:    0.0052
    Triplet:        0.0000
    Total:          0.0126

  Face Loss Components (iter 2500):
    Reconstruction: 0.0075
    Contrastive:    0.0194
    Triplet:        0.0000
    Total:          0.0269
===> Epoch[73]: Loss: 0.2930 || Learning rate: lr=2.0559401468354177e-05.
Killed
make: *** [Makefile:8: face_loss3] Error 137
[0;31m[Sat Jan 31 09:29:06 PM UTC 2026] Training failed: face_loss3[0m




[0;34m[STEP 3] Training Models...[0m

[0;32m[Sun Feb  1 11:18:04 AM UTC 2026] Starting training: face_loss5[0m
[1;33mRunning: make face_loss5[0m

TQDM_DISABLE=1 python train.py --lfw --data_train_lfw=datasets/LFW_multilevel/train_mixed \
	--data_val_lfw=datasets/LFW_multilevel/val_mixed \
	--data_valgt_lfw=datasets/LFW_multilevel/val_mixed/high --D_weight=1.5 \
	--batchSize=8 --nEpochs=70 --use_face_loss --FR_weight=0.5
/home/hpc4090/miniconda3/envs/jamal/lib/python3.12/site-packages/torchvision/models/_utils.py:208: UserWarning: The parameter 'pretrained' is deprecated since 0.13 and may be removed in the future, please use 'weights' instead.
  warnings.warn(
/home/hpc4090/miniconda3/envs/jamal/lib/python3.12/site-packages/torchvision/models/_utils.py:223: UserWarning: Arguments other than a weight enum or `None` for 'weights' are deprecated since 0.13 and may be removed in the future. The current behavior is equivalent to passing `weights=VGG19_Weights.IMAGENET1K_V1`. You can also use `weights=VGG19_Weights.DEFAULT` to get the most up-to-date weights.
  warnings.warn(msg)
CUDA_LAUNCH_BLOCKING enabled for debugging
===> Loading datasets
[LFW Dataset] Loaded 20658 image pairs from datasets/LFW_multilevel/train_mixed
[LFW Eval Dataset] Loaded 3654 image pairs from datasets/LFW_multilevel/val_mixed
===> Building model 
===> Initializing Discriminative Multi-Level Face Loss
Initialized DiscriminativeMultiLevelFaceLoss:
  Layers: ['layer2', 'layer3', 'layer4', 'fc']
  Contrastive: True (margin=0.4)
  Triplet: True (margin=0.2)
===> Discriminative Multi-Level Face Loss enabled with weight=0.5
     Architecture: ir_50
     Features: ['layer2', 'layer3', 'layer4', 'fc']
     Contrastive: margin=0.4, weight=1.0, temp=0.07
     Triplet: margin=0.2, weight=0.5

  Face Loss Components (iter 0):
    Reconstruction: 0.5534
    Contrastive:    1.9994
    Triplet:        0.2609
    Total:          2.6833

  Face Loss Components (iter 100):
    Reconstruction: 0.5503
    Contrastive:    1.8404
    Triplet:        0.2454
    Total:          2.5134

  Face Loss Components (iter 200):
    Reconstruction: 0.5417
    Contrastive:    1.1297
    Triplet:        0.1928
    Total:          1.7678

  Face Loss Components (iter 300):
    Reconstruction: 0.5631
    Contrastive:    2.1889
    Triplet:        0.2567
    Total:          2.8804

  Face Loss Components (iter 400):
    Reconstruction: 0.5979
    Contrastive:    2.1580
    Triplet:        0.2375
    Total:          2.8747

  Face Loss Components (iter 500):
    Reconstruction: 0.5899
    Contrastive:    1.4774
    Triplet:        0.2087
    Total:          2.1717

  Face Loss Components (iter 600):
    Reconstruction: 0.6339
    Contrastive:    1.8226
    Triplet:        0.2501
    Total:          2.5815

  Face Loss Components (iter 700):
    Reconstruction: 0.5288
    Contrastive:    1.7812
    Triplet:        0.2211
    Total:          2.4205

  Face Loss Components (iter 800):
    Reconstruction: 0.5198
    Contrastive:    2.1141
    Triplet:        0.2534
    Total:          2.7606

  Face Loss Components (iter 900):
    Reconstruction: 0.5356
    Contrastive:    1.2548
    Triplet:        0.2162
    Total:          1.8985

  Face Loss Components (iter 1000):
    Reconstruction: 0.5862
    Contrastive:    1.9884
    Triplet:        0.2489
    Total:          2.6990

  Face Loss Components (iter 1100):
    Reconstruction: 0.4778
    Contrastive:    2.2473
    Triplet:        0.2641
    Total:          2.8571

  Face Loss Components (iter 1200):
    Reconstruction: 0.4938
    Contrastive:    1.8110
    Triplet:        0.2222
    Total:          2.4160

  Face Loss Components (iter 1300):
    Reconstruction: 0.6088
    Contrastive:    1.8549
    Triplet:        0.2432
    Total:          2.5854

  Face Loss Components (iter 1400):
    Reconstruction: 0.5083
    Contrastive:    2.7478
    Triplet:        0.2994
    Total:          3.4057

  Face Loss Components (iter 1500):
    Reconstruction: 0.6386
    Contrastive:    1.0044
    Triplet:        0.2041
    Total:          1.7450

  Face Loss Components (iter 1600):
    Reconstruction: 0.6779
    Contrastive:    1.7634
    Triplet:        0.2073
    Total:          2.5450

  Face Loss Components (iter 1700):
    Reconstruction: 0.5459
    Contrastive:    1.8001
    Triplet:        0.2408
    Total:          2.4664

  Face Loss Components (iter 1800):
    Reconstruction: 0.5967
    Contrastive:    1.7512
    Triplet:        0.2202
    Total:          2.4580

  Face Loss Components (iter 1900):
    Reconstruction: 0.4169
    Contrastive:    3.0765
    Triplet:        0.3460
    Total:          3.6664

  Face Loss Components (iter 2000):
    Reconstruction: 0.4544
    Contrastive:    1.6478
    Triplet:        0.2367
    Total:          2.2206

  Face Loss Components (iter 2100):
    Reconstruction: 0.5122
    Contrastive:    1.5478
    Triplet:        0.2045
    Total:          2.1623

  Face Loss Components (iter 2200):
    Reconstruction: 0.5812
    Contrastive:    0.8928
    Triplet:        0.1886
    Total:          1.5683

  Face Loss Components (iter 2300):
    Reconstruction: 0.4911
    Contrastive:    1.6868
    Triplet:        0.2267
    Total:          2.2912

  Face Loss Components (iter 2400):
    Reconstruction: 0.4176
    Contrastive:    2.0459
    Triplet:        0.2552
    Total:          2.5911

  Face Loss Components (iter 2500):
    Reconstruction: 0.5575
    Contrastive:    1.6578
    Triplet:        0.2141
    Total:          2.3223
===> Epoch[1]: Loss: 6.0260 || Learning rate: lr=0.0.

  Face Loss Components (iter 0):
    Reconstruction: 0.5535
    Contrastive:    1.9989
    Triplet:        0.2463
    Total:          2.6755

  Face Loss Components (iter 100):
    Reconstruction: 0.2338
    Contrastive:    0.1801
    Triplet:        0.0373
    Total:          0.4326

  Face Loss Components (iter 200):
    Reconstruction: 0.1300
    Contrastive:    0.0990
    Triplet:        0.0248
    Total:          0.2414

  Face Loss Components (iter 300):
    Reconstruction: 0.0372
    Contrastive:    0.0263
    Triplet:        0.0000
    Total:          0.0636

  Face Loss Components (iter 400):
    Reconstruction: 0.0441
    Contrastive:    0.0169
    Triplet:        0.0000
    Total:          0.0609

  Face Loss Components (iter 500):
    Reconstruction: 0.0420
    Contrastive:    0.0184
    Triplet:        0.0000
    Total:          0.0604

  Face Loss Components (iter 600):
    Reconstruction: 0.0411
    Contrastive:    0.0125
    Triplet:        0.0000
    Total:          0.0536

  Face Loss Components (iter 700):
    Reconstruction: 0.0204
    Contrastive:    0.0164
    Triplet:        0.0000
    Total:          0.0368

  Face Loss Components (iter 800):
    Reconstruction: 0.0222
    Contrastive:    0.0235
    Triplet:        0.0000
    Total:          0.0457

  Face Loss Components (iter 900):
    Reconstruction: 0.0383
    Contrastive:    0.0251
    Triplet:        0.0000
    Total:          0.0634

  Face Loss Components (iter 1000):
    Reconstruction: 0.0295
    Contrastive:    0.0264
    Triplet:        0.0000
    Total:          0.0559

  Face Loss Components (iter 1100):
    Reconstruction: 0.0149
    Contrastive:    0.0153
    Triplet:        0.0000
    Total:          0.0302

  Face Loss Components (iter 1200):
    Reconstruction: 0.0259
    Contrastive:    0.0202
    Triplet:        0.0000
    Total:          0.0461

  Face Loss Components (iter 1300):
    Reconstruction: 0.0186
    Contrastive:    0.0080
    Triplet:        0.0000
    Total:          0.0266

  Face Loss Components (iter 1400):
    Reconstruction: 0.0273
    Contrastive:    0.0106
    Triplet:        0.0000
    Total:          0.0380

  Face Loss Components (iter 1500):
    Reconstruction: 0.0202
    Contrastive:    0.0175
    Triplet:        0.0000
    Total:          0.0377

  Face Loss Components (iter 1600):
    Reconstruction: 0.0238
    Contrastive:    0.0214
    Triplet:        0.0000
    Total:          0.0452

  Face Loss Components (iter 1700):
    Reconstruction: 0.0217
    Contrastive:    0.0340
    Triplet:        0.0000
    Total:          0.0557

  Face Loss Components (iter 1800):
    Reconstruction: 0.0182
    Contrastive:    0.0184
    Triplet:        0.0000
    Total:          0.0366

  Face Loss Components (iter 1900):
    Reconstruction: 0.0192
    Contrastive:    0.0148
    Triplet:        0.0000
    Total:          0.0340

  Face Loss Components (iter 2000):
    Reconstruction: 0.0277
    Contrastive:    0.0195
    Triplet:        0.0000
    Total:          0.0471

  Face Loss Components (iter 2100):
    Reconstruction: 0.0217
    Contrastive:    0.0240
    Triplet:        0.0000
    Total:          0.0457

  Face Loss Components (iter 2200):
    Reconstruction: 0.0266
    Contrastive:    0.0176
    Triplet:        0.0000
    Total:          0.0442

  Face Loss Components (iter 2300):
    Reconstruction: 0.0261
    Contrastive:    0.0184
    Triplet:        0.0000
    Total:          0.0446

  Face Loss Components (iter 2400):
    Reconstruction: 0.0178
    Contrastive:    0.0382
    Triplet:        0.0000
    Total:          0.0560

  Face Loss Components (iter 2500):
    Reconstruction: 0.0167
    Contrastive:    0.0235
    Triplet:        0.0000
    Total:          0.0401
===> Epoch[2]: Loss: 1.1650 || Learning rate: lr=3.3333333333333335e-05.

  Face Loss Components (iter 0):
    Reconstruction: 0.0166
    Contrastive:    0.0238
    Triplet:        0.0000
    Total:          0.0404

  Face Loss Components (iter 100):
    Reconstruction: 0.0126
    Contrastive:    0.0176
    Triplet:        0.0000
    Total:          0.0302

  Face Loss Components (iter 200):
    Reconstruction: 0.0185
    Contrastive:    0.0293
    Triplet:        0.0000
    Total:          0.0479

  Face Loss Components (iter 300):
    Reconstruction: 0.0229
    Contrastive:    0.0151
    Triplet:        0.0000
    Total:          0.0380

  Face Loss Components (iter 400):
    Reconstruction: 0.0187
    Contrastive:    0.0198
    Triplet:        0.0000
    Total:          0.0385

  Face Loss Components (iter 500):
    Reconstruction: 0.0176
    Contrastive:    0.0115
    Triplet:        0.0000
    Total:          0.0291

  Face Loss Components (iter 600):
    Reconstruction: 0.0278
    Contrastive:    0.0127
    Triplet:        0.0000
    Total:          0.0404

  Face Loss Components (iter 700):
    Reconstruction: 0.0231
    Contrastive:    0.0211
    Triplet:        0.0000
    Total:          0.0442

  Face Loss Components (iter 800):
    Reconstruction: 0.0134
    Contrastive:    0.0130
    Triplet:        0.0000
    Total:          0.0264

  Face Loss Components (iter 900):
    Reconstruction: 0.0249
    Contrastive:    0.0360
    Triplet:        0.0000
    Total:          0.0609

  Face Loss Components (iter 1000):
    Reconstruction: 0.0185
    Contrastive:    0.0184
    Triplet:        0.0000
    Total:          0.0369

  Face Loss Components (iter 1100):
    Reconstruction: 0.0159
    Contrastive:    0.0196
    Triplet:        0.0000
    Total:          0.0356

  Face Loss Components (iter 1200):
    Reconstruction: 0.0205
    Contrastive:    0.0146
    Triplet:        0.0000
    Total:          0.0351

  Face Loss Components (iter 1300):
    Reconstruction: 0.0181
    Contrastive:    0.0092
    Triplet:        0.0000
    Total:          0.0273

  Face Loss Components (iter 1400):
    Reconstruction: 0.0177
    Contrastive:    0.0154
    Triplet:        0.0000
    Total:          0.0332

  Face Loss Components (iter 1500):
    Reconstruction: 0.0209
    Contrastive:    0.0246
    Triplet:        0.0000
    Total:          0.0455

  Face Loss Components (iter 1600):
    Reconstruction: 0.0234
    Contrastive:    0.0245
    Triplet:        0.0000
    Total:          0.0479

  Face Loss Components (iter 1700):
    Reconstruction: 0.0188
    Contrastive:    0.0887
    Triplet:        0.0000
    Total:          0.1075

  Face Loss Components (iter 1800):
    Reconstruction: 0.0133
    Contrastive:    0.0255
    Triplet:        0.0000
    Total:          0.0388

  Face Loss Components (iter 1900):
    Reconstruction: 0.0164
    Contrastive:    0.0195
    Triplet:        0.0000
    Total:          0.0359

  Face Loss Components (iter 2000):
    Reconstruction: 0.0142
    Contrastive:    0.0171
    Triplet:        0.0000
    Total:          0.0314

  Face Loss Components (iter 2100):
    Reconstruction: 0.0112
    Contrastive:    0.0183
    Triplet:        0.0000
    Total:          0.0295

  Face Loss Components (iter 2200):
    Reconstruction: 0.0128
    Contrastive:    0.0130
    Triplet:        0.0000
    Total:          0.0258

  Face Loss Components (iter 2300):
    Reconstruction: 0.0111
    Contrastive:    0.0189
    Triplet:        0.0000
    Total:          0.0300

  Face Loss Components (iter 2400):
    Reconstruction: 0.0206
    Contrastive:    0.0177
    Triplet:        0.0000
    Total:          0.0383

  Face Loss Components (iter 2500):
    Reconstruction: 0.0186
    Contrastive:    0.0249
    Triplet:        0.0000
    Total:          0.0434
===> Epoch[3]: Loss: 0.5134 || Learning rate: lr=6.666666666666667e-05.

  Face Loss Components (iter 0):
    Reconstruction: 0.0195
    Contrastive:    0.0357
    Triplet:        0.0000
    Total:          0.0552

  Face Loss Components (iter 100):
    Reconstruction: 0.0204
    Contrastive:    0.0370
    Triplet:        0.0000
    Total:          0.0574

  Face Loss Components (iter 200):
    Reconstruction: 0.0199
    Contrastive:    0.0169
    Triplet:        0.0000
    Total:          0.0367

  Face Loss Components (iter 300):
    Reconstruction: 0.0379
    Contrastive:    0.0267
    Triplet:        0.0000
    Total:          0.0646

  Face Loss Components (iter 400):
    Reconstruction: 0.0220
    Contrastive:    0.0211
    Triplet:        0.0000
    Total:          0.0431

  Face Loss Components (iter 500):
    Reconstruction: 0.0082
    Contrastive:    0.0027
    Triplet:        0.0000
    Total:          0.0108

  Face Loss Components (iter 600):
    Reconstruction: 0.0206
    Contrastive:    0.0131
    Triplet:        0.0000
    Total:          0.0337

  Face Loss Components (iter 700):
    Reconstruction: 0.0133
    Contrastive:    0.0328
    Triplet:        0.0000
    Total:          0.0461

  Face Loss Components (iter 800):
    Reconstruction: 0.0188
    Contrastive:    0.0187
    Triplet:        0.0000
    Total:          0.0375

  Face Loss Components (iter 900):
    Reconstruction: 0.0282
    Contrastive:    0.0110
    Triplet:        0.0000
    Total:          0.0392

  Face Loss Components (iter 1000):
    Reconstruction: 0.0250
    Contrastive:    0.0165
    Triplet:        0.0000
    Total:          0.0415

  Face Loss Components (iter 1100):
    Reconstruction: 0.0092
    Contrastive:    0.0289
    Triplet:        0.0000
    Total:          0.0381

  Face Loss Components (iter 1200):
    Reconstruction: 0.0126
    Contrastive:    0.0204
    Triplet:        0.0000
    Total:          0.0331

  Face Loss Components (iter 1300):
    Reconstruction: 0.0187
    Contrastive:    0.0345
    Triplet:        0.0000
    Total:          0.0532

  Face Loss Components (iter 1400):
    Reconstruction: 0.0163
    Contrastive:    0.0067
    Triplet:        0.0000
    Total:          0.0230

  Face Loss Components (iter 1500):
    Reconstruction: 0.0162
    Contrastive:    0.0577
    Triplet:        0.0000
    Total:          0.0739

  Face Loss Components (iter 1600):
    Reconstruction: 0.0077
    Contrastive:    0.0334
    Triplet:        0.0000
    Total:          0.0411

  Face Loss Components (iter 1700):
    Reconstruction: 0.0259
    Contrastive:    0.0421
    Triplet:        0.0000
    Total:          0.0680

  Face Loss Components (iter 1800):
    Reconstruction: 0.0170
    Contrastive:    0.0171
    Triplet:        0.0000
    Total:          0.0341

  Face Loss Components (iter 1900):
    Reconstruction: 0.0123
    Contrastive:    0.0097
    Triplet:        0.0000
    Total:          0.0220

  Face Loss Components (iter 2000):
    Reconstruction: 0.0146
    Contrastive:    0.0166
    Triplet:        0.0000
    Total:          0.0312

  Face Loss Components (iter 2100):
    Reconstruction: 0.0073
    Contrastive:    0.0126
    Triplet:        0.0000
    Total:          0.0198

  Face Loss Components (iter 2200):
    Reconstruction: 0.0130
    Contrastive:    0.0111
    Triplet:        0.0000
    Total:          0.0241

  Face Loss Components (iter 2300):
    Reconstruction: 0.0118
    Contrastive:    0.0194
    Triplet:        0.0000
    Total:          0.0312

  Face Loss Components (iter 2400):
    Reconstruction: 0.0157
    Contrastive:    0.0167
    Triplet:        0.0000
    Total:          0.0325

  Face Loss Components (iter 2500):
    Reconstruction: 0.0107
    Contrastive:    0.0673
    Triplet:        0.0000
    Total:          0.0780
===> Epoch[4]: Loss: 0.4565 || Learning rate: lr=0.0001.

  Face Loss Components (iter 0):
    Reconstruction: 0.0182
    Contrastive:    0.0229
    Triplet:        0.0000
    Total:          0.0411

  Face Loss Components (iter 100):
    Reconstruction: 0.0233
    Contrastive:    0.0253
    Triplet:        0.0000
    Total:          0.0486

  Face Loss Components (iter 200):
    Reconstruction: 0.0144
    Contrastive:    0.0294
    Triplet:        0.0000
    Total:          0.0438

  Face Loss Components (iter 300):
    Reconstruction: 0.0263
    Contrastive:    0.0337
    Triplet:        0.0000
    Total:          0.0600

  Face Loss Components (iter 400):
    Reconstruction: 0.0144
    Contrastive:    0.0148
    Triplet:        0.0000
    Total:          0.0293

  Face Loss Components (iter 500):
    Reconstruction: 0.0122
    Contrastive:    0.0091
    Triplet:        0.0000
    Total:          0.0213

  Face Loss Components (iter 600):
    Reconstruction: 0.0222
    Contrastive:    0.0554
    Triplet:        0.0000
    Total:          0.0776

  Face Loss Components (iter 700):
    Reconstruction: 0.0137
    Contrastive:    0.0062
    Triplet:        0.0000
    Total:          0.0199

  Face Loss Components (iter 800):
    Reconstruction: 0.0126
    Contrastive:    0.0220
    Triplet:        0.0000
    Total:          0.0347

  Face Loss Components (iter 900):
    Reconstruction: 0.0156
    Contrastive:    0.0052
    Triplet:        0.0000
    Total:          0.0208

  Face Loss Components (iter 1000):
    Reconstruction: 0.0098
    Contrastive:    0.0097
    Triplet:        0.0000
    Total:          0.0195

  Face Loss Components (iter 1100):
    Reconstruction: 0.0127
    Contrastive:    0.0172
    Triplet:        0.0000
    Total:          0.0298

  Face Loss Components (iter 1200):
    Reconstruction: 0.0100
    Contrastive:    0.0076
    Triplet:        0.0000
    Total:          0.0176

  Face Loss Components (iter 1300):
    Reconstruction: 0.0076
    Contrastive:    0.0115
    Triplet:        0.0000
    Total:          0.0190

  Face Loss Components (iter 1400):
    Reconstruction: 0.0182
    Contrastive:    0.0457
    Triplet:        0.0000
    Total:          0.0639

  Face Loss Components (iter 1500):
    Reconstruction: 0.0177
    Contrastive:    0.0181
    Triplet:        0.0000
    Total:          0.0358

  Face Loss Components (iter 1600):
    Reconstruction: 0.0125
    Contrastive:    0.0098
    Triplet:        0.0000
    Total:          0.0224

  Face Loss Components (iter 1700):
    Reconstruction: 0.0188
    Contrastive:    0.0217
    Triplet:        0.0000
    Total:          0.0405

  Face Loss Components (iter 1800):
    Reconstruction: 0.0133
    Contrastive:    0.0353
    Triplet:        0.0000
    Total:          0.0486

  Face Loss Components (iter 1900):
    Reconstruction: 0.0145
    Contrastive:    0.0198
    Triplet:        0.0000
    Total:          0.0343

  Face Loss Components (iter 2000):
    Reconstruction: 0.0187
    Contrastive:    0.0352
    Triplet:        0.0000
    Total:          0.0539

  Face Loss Components (iter 2100):
    Reconstruction: 0.0128
    Contrastive:    0.0057
    Triplet:        0.0000
    Total:          0.0186

  Face Loss Components (iter 2200):
    Reconstruction: 0.0148
    Contrastive:    0.0188
    Triplet:        0.0000
    Total:          0.0337

  Face Loss Components (iter 2300):
    Reconstruction: 0.0120
    Contrastive:    0.0074
    Triplet:        0.0000
    Total:          0.0195

  Face Loss Components (iter 2400):
    Reconstruction: 0.0103
    Contrastive:    0.0099
    Triplet:        0.0000
    Total:          0.0202

  Face Loss Components (iter 2500):
    Reconstruction: 0.0131
    Contrastive:    0.0119
    Triplet:        0.0000
    Total:          0.0251
===> Epoch[5]: Loss: 0.4287 || Learning rate: lr=0.0001.

  Face Loss Components (iter 0):
    Reconstruction: 0.0187
    Contrastive:    0.0172
    Triplet:        0.0000
    Total:          0.0358

  Face Loss Components (iter 100):
    Reconstruction: 0.0102
    Contrastive:    0.0106
    Triplet:        0.0000
    Total:          0.0209

  Face Loss Components (iter 200):
    Reconstruction: 0.0148
    Contrastive:    0.0213
    Triplet:        0.0000
    Total:          0.0361

  Face Loss Components (iter 300):
    Reconstruction: 0.0129
    Contrastive:    0.0085
    Triplet:        0.0000
    Total:          0.0214

  Face Loss Components (iter 400):
    Reconstruction: 0.0148
    Contrastive:    0.0138
    Triplet:        0.0000
    Total:          0.0286

  Face Loss Components (iter 500):
    Reconstruction: 0.0086
    Contrastive:    0.0475
    Triplet:        0.0000
    Total:          0.0561

  Face Loss Components (iter 600):
    Reconstruction: 0.0063
    Contrastive:    0.0142
    Triplet:        0.0000
    Total:          0.0205

  Face Loss Components (iter 700):
    Reconstruction: 0.0120
    Contrastive:    0.0097
    Triplet:        0.0000
    Total:          0.0217

  Face Loss Components (iter 800):
    Reconstruction: 0.0114
    Contrastive:    0.0105
    Triplet:        0.0000
    Total:          0.0219

  Face Loss Components (iter 900):
    Reconstruction: 0.0094
    Contrastive:    0.0232
    Triplet:        0.0000
    Total:          0.0326

  Face Loss Components (iter 1000):
    Reconstruction: 0.0100
    Contrastive:    0.0229
    Triplet:        0.0000
    Total:          0.0329

  Face Loss Components (iter 1100):
    Reconstruction: 0.0228
    Contrastive:    0.0257
    Triplet:        0.0000
    Total:          0.0485

  Face Loss Components (iter 1200):
    Reconstruction: 0.0118
    Contrastive:    0.0111
    Triplet:        0.0000
    Total:          0.0229

  Face Loss Components (iter 1300):
    Reconstruction: 0.0113
    Contrastive:    0.0182
    Triplet:        0.0000
    Total:          0.0294

  Face Loss Components (iter 1400):
    Reconstruction: 0.0151
    Contrastive:    0.0265
    Triplet:        0.0000
    Total:          0.0416

  Face Loss Components (iter 1500):
    Reconstruction: 0.0098
    Contrastive:    0.0044
    Triplet:        0.0000
    Total:          0.0142

  Face Loss Components (iter 1600):
    Reconstruction: 0.0085
    Contrastive:    0.0421
    Triplet:        0.0000
    Total:          0.0506

  Face Loss Components (iter 1700):
    Reconstruction: 0.0145
    Contrastive:    0.0197
    Triplet:        0.0000
    Total:          0.0342

  Face Loss Components (iter 1800):
    Reconstruction: 0.0207
    Contrastive:    0.0293
    Triplet:        0.0000
    Total:          0.0500

  Face Loss Components (iter 1900):
    Reconstruction: 0.0138
    Contrastive:    0.0430
    Triplet:        0.0000
    Total:          0.0568

  Face Loss Components (iter 2000):
    Reconstruction: 0.0152
    Contrastive:    0.0083
    Triplet:        0.0000
    Total:          0.0235

  Face Loss Components (iter 2100):
    Reconstruction: 0.0123
    Contrastive:    0.0116
    Triplet:        0.0000
    Total:          0.0239

  Face Loss Components (iter 2200):
    Reconstruction: 0.0098
    Contrastive:    0.0106
    Triplet:        0.0000
    Total:          0.0205

  Face Loss Components (iter 2300):
    Reconstruction: 0.0114
    Contrastive:    0.0168
    Triplet:        0.0000
    Total:          0.0283

  Face Loss Components (iter 2400):
    Reconstruction: 0.0097
    Contrastive:    0.0318
    Triplet:        0.0000
    Total:          0.0415

  Face Loss Components (iter 2500):
    Reconstruction: 0.0123
    Contrastive:    0.0116
    Triplet:        0.0000
    Total:          0.0239
===> Epoch[6]: Loss: 0.4124 || Learning rate: lr=9.994509952971129e-05.

  Face Loss Components (iter 0):
    Reconstruction: 0.0128
    Contrastive:    0.0251
    Triplet:        0.0000
    Total:          0.0379

  Face Loss Components (iter 100):
    Reconstruction: 0.0113
    Contrastive:    0.0177
    Triplet:        0.0000
    Total:          0.0290

  Face Loss Components (iter 200):
    Reconstruction: 0.0109
    Contrastive:    0.0099
    Triplet:        0.0000
    Total:          0.0208

  Face Loss Components (iter 300):
    Reconstruction: 0.0079
    Contrastive:    0.0155
    Triplet:        0.0000
    Total:          0.0234

  Face Loss Components (iter 400):
    Reconstruction: 0.0130
    Contrastive:    0.0115
    Triplet:        0.0000
    Total:          0.0245

  Face Loss Components (iter 500):
    Reconstruction: 0.0277
    Contrastive:    0.0171
    Triplet:        0.0000
    Total:          0.0448

  Face Loss Components (iter 600):
    Reconstruction: 0.0114
    Contrastive:    0.0169
    Triplet:        0.0000
    Total:          0.0283

  Face Loss Components (iter 700):
    Reconstruction: 0.0099
    Contrastive:    0.0121
    Triplet:        0.0000
    Total:          0.0220

  Face Loss Components (iter 800):
    Reconstruction: 0.0036
    Contrastive:    0.0357
    Triplet:        0.0000
    Total:          0.0393

  Face Loss Components (iter 900):
    Reconstruction: 0.0092
    Contrastive:    0.0108
    Triplet:        0.0000
    Total:          0.0200

  Face Loss Components (iter 1000):
    Reconstruction: 0.0194
    Contrastive:    0.0133
    Triplet:        0.0000
    Total:          0.0327

  Face Loss Components (iter 1100):
    Reconstruction: 0.0109
    Contrastive:    0.0271
    Triplet:        0.0000
    Total:          0.0380

  Face Loss Components (iter 1200):
    Reconstruction: 0.0158
    Contrastive:    0.0233
    Triplet:        0.0000
    Total:          0.0390

  Face Loss Components (iter 1300):
    Reconstruction: 0.0086
    Contrastive:    0.0127
    Triplet:        0.0000
    Total:          0.0213

  Face Loss Components (iter 1400):
    Reconstruction: 0.0144
    Contrastive:    0.0136
    Triplet:        0.0000
    Total:          0.0281

  Face Loss Components (iter 1500):
    Reconstruction: 0.0128
    Contrastive:    0.0202
    Triplet:        0.0000
    Total:          0.0330

  Face Loss Components (iter 1600):
    Reconstruction: 0.0068
    Contrastive:    0.0196
    Triplet:        0.0000
    Total:          0.0264

  Face Loss Components (iter 1700):
    Reconstruction: 0.0107
    Contrastive:    0.0140
    Triplet:        0.0000
    Total:          0.0247

  Face Loss Components (iter 1800):
    Reconstruction: 0.0179
    Contrastive:    0.0084
    Triplet:        0.0000
    Total:          0.0263

  Face Loss Components (iter 1900):
    Reconstruction: 0.0121
    Contrastive:    0.0071
    Triplet:        0.0000
    Total:          0.0193

  Face Loss Components (iter 2000):
    Reconstruction: 0.0100
    Contrastive:    0.0314
    Triplet:        0.0000
    Total:          0.0414

  Face Loss Components (iter 2100):
    Reconstruction: 0.0182
    Contrastive:    0.0176
    Triplet:        0.0000
    Total:          0.0358

  Face Loss Components (iter 2200):
    Reconstruction: 0.0109
    Contrastive:    0.0180
    Triplet:        0.0000
    Total:          0.0290

  Face Loss Components (iter 2300):
    Reconstruction: 0.0161
    Contrastive:    0.0097
    Triplet:        0.0000
    Total:          0.0258

  Face Loss Components (iter 2400):
    Reconstruction: 0.0068
    Contrastive:    0.0106
    Triplet:        0.0000
    Total:          0.0173

  Face Loss Components (iter 2500):
    Reconstruction: 0.0145
    Contrastive:    0.0256
    Triplet:        0.0000
    Total:          0.0402
===> Epoch[7]: Loss: 0.4021 || Learning rate: lr=9.978051880199382e-05.

  Face Loss Components (iter 0):
    Reconstruction: 0.0103
    Contrastive:    0.0061
    Triplet:        0.0000
    Total:          0.0164

  Face Loss Components (iter 100):
    Reconstruction: 0.0117
    Contrastive:    0.0310
    Triplet:        0.0000
    Total:          0.0428

  Face Loss Components (iter 200):
    Reconstruction: 0.0112
    Contrastive:    0.0299
    Triplet:        0.0000
    Total:          0.0411

  Face Loss Components (iter 300):
    Reconstruction: 0.0143
    Contrastive:    0.0247
    Triplet:        0.0000
    Total:          0.0390

  Face Loss Components (iter 400):
    Reconstruction: 0.0158
    Contrastive:    0.0060
    Triplet:        0.0000
    Total:          0.0219

  Face Loss Components (iter 500):
    Reconstruction: 0.0106
    Contrastive:    0.0056
    Triplet:        0.0000
    Total:          0.0162

  Face Loss Components (iter 600):
    Reconstruction: 0.0091
    Contrastive:    0.0302
    Triplet:        0.0000
    Total:          0.0394

  Face Loss Components (iter 700):
    Reconstruction: 0.0116
    Contrastive:    0.0053
    Triplet:        0.0000
    Total:          0.0169

  Face Loss Components (iter 800):
    Reconstruction: 0.0126
    Contrastive:    0.0178
    Triplet:        0.0000
    Total:          0.0303

  Face Loss Components (iter 900):
    Reconstruction: 0.0177
    Contrastive:    0.0327
    Triplet:        0.0000
    Total:          0.0504

  Face Loss Components (iter 1000):
    Reconstruction: 0.0134
    Contrastive:    0.0390
    Triplet:        0.0000
    Total:          0.0524

  Face Loss Components (iter 1100):
    Reconstruction: 0.0086
    Contrastive:    0.0122
    Triplet:        0.0000
    Total:          0.0208

  Face Loss Components (iter 1200):
    Reconstruction: 0.0156
    Contrastive:    0.0243
    Triplet:        0.0000
    Total:          0.0399

  Face Loss Components (iter 1300):
    Reconstruction: 0.0140
    Contrastive:    0.0111
    Triplet:        0.0000
    Total:          0.0251

  Face Loss Components (iter 1400):
    Reconstruction: 0.0099
    Contrastive:    0.0428
    Triplet:        0.0000
    Total:          0.0526

  Face Loss Components (iter 1500):
    Reconstruction: 0.0150
    Contrastive:    0.0210
    Triplet:        0.0000
    Total:          0.0360

  Face Loss Components (iter 1600):
    Reconstruction: 0.0209
    Contrastive:    0.0140
    Triplet:        0.0000
    Total:          0.0349

  Face Loss Components (iter 1700):
    Reconstruction: 0.0078
    Contrastive:    0.0199
    Triplet:        0.0000
    Total:          0.0276

  Face Loss Components (iter 1800):
    Reconstruction: 0.0129
    Contrastive:    0.0199
    Triplet:        0.0000
    Total:          0.0328

  Face Loss Components (iter 1900):
    Reconstruction: 0.0090
    Contrastive:    0.0221
    Triplet:        0.0000
    Total:          0.0311

  Face Loss Components (iter 2000):
    Reconstruction: 0.0110
    Contrastive:    0.0176
    Triplet:        0.0000
    Total:          0.0286

  Face Loss Components (iter 2100):
    Reconstruction: 0.0106
    Contrastive:    0.0206
    Triplet:        0.0000
    Total:          0.0312

  Face Loss Components (iter 2200):
    Reconstruction: 0.0182
    Contrastive:    0.0788
    Triplet:        0.0064
    Total:          0.1002

  Face Loss Components (iter 2300):
    Reconstruction: 0.0077
    Contrastive:    0.0093
    Triplet:        0.0000
    Total:          0.0170

  Face Loss Components (iter 2400):
    Reconstruction: 0.0096
    Contrastive:    0.0067
    Triplet:        0.0000
    Total:          0.0163

  Face Loss Components (iter 2500):
    Reconstruction: 0.0067
    Contrastive:    0.0059
    Triplet:        0.0000
    Total:          0.0126
===> Epoch[8]: Loss: 0.3936 || Learning rate: lr=9.950661960100582e-05.

  Face Loss Components (iter 0):
    Reconstruction: 0.0184
    Contrastive:    0.0147
    Triplet:        0.0000
    Total:          0.0331

  Face Loss Components (iter 100):
    Reconstruction: 0.0109
    Contrastive:    0.0360
    Triplet:        0.0000
    Total:          0.0468

  Face Loss Components (iter 200):
    Reconstruction: 0.0170
    Contrastive:    0.0064
    Triplet:        0.0000
    Total:          0.0234

  Face Loss Components (iter 300):
    Reconstruction: 0.0094
    Contrastive:    0.0064
    Triplet:        0.0000
    Total:          0.0158

  Face Loss Components (iter 400):
    Reconstruction: 0.0071
    Contrastive:    0.0095
    Triplet:        0.0000
    Total:          0.0167

  Face Loss Components (iter 500):
    Reconstruction: 0.0143
    Contrastive:    0.0256
    Triplet:        0.0000
    Total:          0.0399

  Face Loss Components (iter 600):
    Reconstruction: 0.0135
    Contrastive:    0.0183
    Triplet:        0.0000
    Total:          0.0318

  Face Loss Components (iter 700):
    Reconstruction: 0.0119
    Contrastive:    0.0121
    Triplet:        0.0000
    Total:          0.0240

  Face Loss Components (iter 800):
    Reconstruction: 0.0136
    Contrastive:    0.0084
    Triplet:        0.0000
    Total:          0.0219

  Face Loss Components (iter 900):
    Reconstruction: 0.0147
    Contrastive:    0.0378
    Triplet:        0.0000
    Total:          0.0525

  Face Loss Components (iter 1000):
    Reconstruction: 0.0144
    Contrastive:    0.0161
    Triplet:        0.0000
    Total:          0.0305

  Face Loss Components (iter 1100):
    Reconstruction: 0.0115
    Contrastive:    0.0107
    Triplet:        0.0000
    Total:          0.0222

  Face Loss Components (iter 1200):
    Reconstruction: 0.0128
    Contrastive:    0.0112
    Triplet:        0.0000
    Total:          0.0239

  Face Loss Components (iter 1300):
    Reconstruction: 0.0110
    Contrastive:    0.0418
    Triplet:        0.0000
    Total:          0.0528

  Face Loss Components (iter 1400):
    Reconstruction: 0.0119
    Contrastive:    0.0191
    Triplet:        0.0000
    Total:          0.0309

  Face Loss Components (iter 1500):
    Reconstruction: 0.0124
    Contrastive:    0.0166
    Triplet:        0.0000
    Total:          0.0290

  Face Loss Components (iter 1600):
    Reconstruction: 0.0133
    Contrastive:    0.0125
    Triplet:        0.0000
    Total:          0.0258

  Face Loss Components (iter 1700):
    Reconstruction: 0.0193
    Contrastive:    0.0313
    Triplet:        0.0000
    Total:          0.0505

  Face Loss Components (iter 1800):
    Reconstruction: 0.0115
    Contrastive:    0.0230
    Triplet:        0.0000
    Total:          0.0345

  Face Loss Components (iter 1900):
    Reconstruction: 0.0096
    Contrastive:    0.0068
    Triplet:        0.0000
    Total:          0.0163

  Face Loss Components (iter 2000):
    Reconstruction: 0.0125
    Contrastive:    0.0102
    Triplet:        0.0000
    Total:          0.0227

  Face Loss Components (iter 2100):
    Reconstruction: 0.0120
    Contrastive:    0.0064
    Triplet:        0.0000
    Total:          0.0184

  Face Loss Components (iter 2200):
    Reconstruction: 0.0145
    Contrastive:    0.0288
    Triplet:        0.0000
    Total:          0.0433

  Face Loss Components (iter 2300):
    Reconstruction: 0.0122
    Contrastive:    0.0161
    Triplet:        0.0000
    Total:          0.0283

  Face Loss Components (iter 2400):
    Reconstruction: 0.0116
    Contrastive:    0.0291
    Triplet:        0.0000
    Total:          0.0407

  Face Loss Components (iter 2500):
    Reconstruction: 0.0070
    Contrastive:    0.0281
    Triplet:        0.0000
    Total:          0.0351
===> Epoch[9]: Loss: 0.3862 || Learning rate: lr=9.912400401663503e-05.
/home/hpc4090/jamal_fr/eval.py:40: FutureWarning: You are using `torch.load` with `weights_only=False` (the current default value), which uses the default pickle module implicitly. It is possible to construct malicious pickle data which will execute arbitrary code during unpickling (See https://github.com/pytorch/pytorch/blob/main/SECURITY.md#untrusted-models for more details). In a future release, the default value for `weights_only` will be flipped to `True`. This limits the functions that could be executed during unpickling. Arbitrary objects will no longer be allowed to be loaded via this mode unless they are explicitly allowlisted by the user via `torch.serialization.add_safe_globals`. We recommend you start setting `weights_only=True` for any use case where you don't have full control of the loaded file. Please open an issue on GitHub for any issues related to this experimental feature.
  model.load_state_dict(torch.load(model_path, map_location=lambda storage, loc: storage))

  Face Loss Components (iter 0):
    Reconstruction: 0.0097
    Contrastive:    0.0105
    Triplet:        0.0000
    Total:          0.0202

  Face Loss Components (iter 100):
    Reconstruction: 0.0153
    Contrastive:    0.0106
    Triplet:        0.0000
    Total:          0.0259

  Face Loss Components (iter 200):
    Reconstruction: 0.0102
    Contrastive:    0.0121
    Triplet:        0.0000
    Total:          0.0223

  Face Loss Components (iter 300):
    Reconstruction: 0.0131
    Contrastive:    0.0138
    Triplet:        0.0000
    Total:          0.0269

  Face Loss Components (iter 400):
    Reconstruction: 0.0096
    Contrastive:    0.0315
    Triplet:        0.0000
    Total:          0.0410

  Face Loss Components (iter 500):
    Reconstruction: 0.0138
    Contrastive:    0.0085
    Triplet:        0.0000
    Total:          0.0222

  Face Loss Components (iter 600):
    Reconstruction: 0.0119
    Contrastive:    0.0285
    Triplet:        0.0000
    Total:          0.0404

  Face Loss Components (iter 700):
    Reconstruction: 0.0065
    Contrastive:    0.0201
    Triplet:        0.0000
    Total:          0.0266

  Face Loss Components (iter 800):
    Reconstruction: 0.0108
    Contrastive:    0.0406
    Triplet:        0.0000
    Total:          0.0515

  Face Loss Components (iter 900):
    Reconstruction: 0.0138
    Contrastive:    0.0035
    Triplet:        0.0000
    Total:          0.0173

  Face Loss Components (iter 1000):
    Reconstruction: 0.0125
    Contrastive:    0.0321
    Triplet:        0.0000
    Total:          0.0446

  Face Loss Components (iter 1100):
    Reconstruction: 0.0069
    Contrastive:    0.0099
    Triplet:        0.0000
    Total:          0.0168

  Face Loss Components (iter 1200):
    Reconstruction: 0.0076
    Contrastive:    0.0322
    Triplet:        0.0000
    Total:          0.0398

  Face Loss Components (iter 1300):
    Reconstruction: 0.0027
    Contrastive:    0.0308
    Triplet:        0.0000
    Total:          0.0335

  Face Loss Components (iter 1400):
    Reconstruction: 0.0125
    Contrastive:    0.0277
    Triplet:        0.0000
    Total:          0.0401

  Face Loss Components (iter 1500):
    Reconstruction: 0.0069
    Contrastive:    0.0137
    Triplet:        0.0000
    Total:          0.0206

  Face Loss Components (iter 1600):
    Reconstruction: 0.0123
    Contrastive:    0.0215
    Triplet:        0.0000
    Total:          0.0338

  Face Loss Components (iter 1700):
    Reconstruction: 0.0080
    Contrastive:    0.0074
    Triplet:        0.0000
    Total:          0.0154

  Face Loss Components (iter 1800):
    Reconstruction: 0.0129
    Contrastive:    0.0134
    Triplet:        0.0000
    Total:          0.0262

  Face Loss Components (iter 1900):
    Reconstruction: 0.0121
    Contrastive:    0.0118
    Triplet:        0.0000
    Total:          0.0239

  Face Loss Components (iter 2000):
    Reconstruction: 0.0067
    Contrastive:    0.0156
    Triplet:        0.0000
    Total:          0.0223

  Face Loss Components (iter 2100):
    Reconstruction: 0.0143
    Contrastive:    0.0356
    Triplet:        0.0000
    Total:          0.0499

  Face Loss Components (iter 2200):
    Reconstruction: 0.0139
    Contrastive:    0.0203
    Triplet:        0.0000
    Total:          0.0342

  Face Loss Components (iter 2300):
    Reconstruction: 0.0112
    Contrastive:    0.0129
    Triplet:        0.0000
    Total:          0.0241

  Face Loss Components (iter 2400):
    Reconstruction: 0.0060
    Contrastive:    0.0173
    Triplet:        0.0000
    Total:          0.0233

  Face Loss Components (iter 2500):
    Reconstruction: 0.0122
    Contrastive:    0.0262
    Triplet:        0.0000
    Total:          0.0384
===> Epoch[10]: Loss: 0.3808 || Learning rate: lr=9.863351312097441e-05.
Checkpoint saved to ./weights/train/epoch_10.pth
Pre-trained model is loaded.
Evaluation:
/home/hpc4090/miniconda3/envs/jamal/lib/python3.12/site-packages/torchvision/models/_utils.py:223: UserWarning: Arguments other than a weight enum or `None` for 'weights' are deprecated since 0.13 and may be removed in the future. The current behavior is equivalent to passing `weights=AlexNet_Weights.IMAGENET1K_V1`. You can also use `weights=AlexNet_Weights.DEFAULT` to get the most up-to-date weights.
  warnings.warn(msg)
/home/hpc4090/miniconda3/envs/jamal/lib/python3.12/site-packages/lpips/lpips.py:107: FutureWarning: You are using `torch.load` with `weights_only=False` (the current default value), which uses the default pickle module implicitly. It is possible to construct malicious pickle data which will execute arbitrary code during unpickling (See https://github.com/pytorch/pytorch/blob/main/SECURITY.md#untrusted-models for more details). In a future release, the default value for `weights_only` will be flipped to `True`. This limits the functions that could be executed during unpickling. Arbitrary objects will no longer be allowed to be loaded via this mode unless they are explicitly allowlisted by the user via `torch.serialization.add_safe_globals`. We recommend you start setting `weights_only=True` for any use case where you don't have full control of the loaded file. Please open an issue on GitHub for any issues related to this experimental feature.
  self.load_state_dict(torch.load(model_path, map_location='cpu'), strict=False)
===> End evaluation
Setting up [LPIPS] perceptual loss: trunk [alex], v[0.1], spatial [off]
Loading model from: /home/hpc4090/miniconda3/envs/jamal/lib/python3.12/site-packages/lpips/weights/v0.1/alex.pth
===> Avg.PSNR: 31.1343 dB 
===> Avg.SSIM: 0.8956 
===> Avg.LPIPS: 0.1059 
[31.134335486158538]
[0.895586468441321]
[0.10590514944309137]

  Face Loss Components (iter 0):
    Reconstruction: 0.0016
    Contrastive:    0.0101
    Triplet:        0.0000
    Total:          0.0117

  Face Loss Components (iter 100):
    Reconstruction: 0.0107
    Contrastive:    0.0110
    Triplet:        0.0000
    Total:          0.0217

  Face Loss Components (iter 200):
    Reconstruction: 0.0107
    Contrastive:    0.0209
    Triplet:        0.0000
    Total:          0.0316

  Face Loss Components (iter 300):
    Reconstruction: 0.0101
    Contrastive:    0.0301
    Triplet:        0.0000
    Total:          0.0403

  Face Loss Components (iter 400):
    Reconstruction: 0.0072
    Contrastive:    0.0118
    Triplet:        0.0000
    Total:          0.0190

  Face Loss Components (iter 500):
    Reconstruction: 0.0089
    Contrastive:    0.0061
    Triplet:        0.0000
    Total:          0.0150

  Face Loss Components (iter 600):
    Reconstruction: 0.0118
    Contrastive:    0.0181
    Triplet:        0.0000
    Total:          0.0299

  Face Loss Components (iter 700):
    Reconstruction: 0.0070
    Contrastive:    0.0082
    Triplet:        0.0000
    Total:          0.0151

  Face Loss Components (iter 800):
    Reconstruction: 0.0056
    Contrastive:    0.0184
    Triplet:        0.0000
    Total:          0.0240

  Face Loss Components (iter 900):
    Reconstruction: 0.0150
    Contrastive:    0.0144
    Triplet:        0.0000
    Total:          0.0294

  Face Loss Components (iter 1000):
    Reconstruction: 0.0136
    Contrastive:    0.0144
    Triplet:        0.0000
    Total:          0.0280

  Face Loss Components (iter 1100):
    Reconstruction: 0.0107
    Contrastive:    0.0314
    Triplet:        0.0000
    Total:          0.0421

  Face Loss Components (iter 1200):
    Reconstruction: 0.0066
    Contrastive:    0.0578
    Triplet:        0.0000
    Total:          0.0644

  Face Loss Components (iter 1300):
    Reconstruction: 0.0053
    Contrastive:    0.0093
    Triplet:        0.0000
    Total:          0.0146

  Face Loss Components (iter 1400):
    Reconstruction: 0.0143
    Contrastive:    0.0385
    Triplet:        0.0000
    Total:          0.0528

  Face Loss Components (iter 1500):
    Reconstruction: 0.0098
    Contrastive:    0.0277
    Triplet:        0.0000
    Total:          0.0375

  Face Loss Components (iter 1600):
    Reconstruction: 0.0055
    Contrastive:    0.0066
    Triplet:        0.0000
    Total:          0.0122

  Face Loss Components (iter 1700):
    Reconstruction: 0.0035
    Contrastive:    0.0148
    Triplet:        0.0000
    Total:          0.0183

  Face Loss Components (iter 1800):
    Reconstruction: 0.0084
    Contrastive:    0.0302
    Triplet:        0.0000
    Total:          0.0386

  Face Loss Components (iter 1900):
    Reconstruction: 0.0136
    Contrastive:    0.0060
    Triplet:        0.0000
    Total:          0.0196

  Face Loss Components (iter 2000):
    Reconstruction: 0.0110
    Contrastive:    0.0155
    Triplet:        0.0000
    Total:          0.0266

  Face Loss Components (iter 2100):
    Reconstruction: 0.0079
    Contrastive:    0.0182
    Triplet:        0.0000
    Total:          0.0261

  Face Loss Components (iter 2200):
    Reconstruction: 0.0088
    Contrastive:    0.0295
    Triplet:        0.0000
    Total:          0.0383

  Face Loss Components (iter 2300):
    Reconstruction: 0.0079
    Contrastive:    0.0187
    Triplet:        0.0000
    Total:          0.0266

  Face Loss Components (iter 2400):
    Reconstruction: 0.0171
    Contrastive:    0.0054
    Triplet:        0.0000
    Total:          0.0226

  Face Loss Components (iter 2500):
    Reconstruction: 0.0183
    Contrastive:    0.0283
    Triplet:        0.0000
    Total:          0.0466
===> Epoch[11]: Loss: 0.3761 || Learning rate: lr=9.803622511946317e-05.

  Face Loss Components (iter 0):
    Reconstruction: 0.0135
    Contrastive:    0.0349
    Triplet:        0.0000
    Total:          0.0484

  Face Loss Components (iter 100):
    Reconstruction: 0.0086
    Contrastive:    0.0318
    Triplet:        0.0000
    Total:          0.0404

  Face Loss Components (iter 200):
    Reconstruction: 0.0186
    Contrastive:    0.0178
    Triplet:        0.0000
    Total:          0.0365

  Face Loss Components (iter 300):
    Reconstruction: 0.0132
    Contrastive:    0.0346
    Triplet:        0.0000
    Total:          0.0478

  Face Loss Components (iter 400):
    Reconstruction: 0.0087
    Contrastive:    0.0066
    Triplet:        0.0000
    Total:          0.0153

  Face Loss Components (iter 500):
    Reconstruction: 0.0147
    Contrastive:    0.0228
    Triplet:        0.0000
    Total:          0.0375

  Face Loss Components (iter 600):
    Reconstruction: 0.0129
    Contrastive:    0.0206
    Triplet:        0.0000
    Total:          0.0335

  Face Loss Components (iter 700):
    Reconstruction: 0.0037
    Contrastive:    0.0090
    Triplet:        0.0000
    Total:          0.0128

  Face Loss Components (iter 800):
    Reconstruction: 0.0082
    Contrastive:    0.0335
    Triplet:        0.0000
    Total:          0.0417

  Face Loss Components (iter 900):
    Reconstruction: 0.0121
    Contrastive:    0.0405
    Triplet:        0.0000
    Total:          0.0526

  Face Loss Components (iter 1000):
    Reconstruction: 0.0107
    Contrastive:    0.0132
    Triplet:        0.0000
    Total:          0.0239

  Face Loss Components (iter 1100):
    Reconstruction: 0.0055
    Contrastive:    0.0130
    Triplet:        0.0000
    Total:          0.0185

  Face Loss Components (iter 1200):
    Reconstruction: 0.0104
    Contrastive:    0.0279
    Triplet:        0.0000
    Total:          0.0382

  Face Loss Components (iter 1300):
    Reconstruction: 0.0115
    Contrastive:    0.0189
    Triplet:        0.0000
    Total:          0.0304

  Face Loss Components (iter 1400):
    Reconstruction: 0.0148
    Contrastive:    0.0161
    Triplet:        0.0000
    Total:          0.0308

  Face Loss Components (iter 1500):
    Reconstruction: 0.0133
    Contrastive:    0.0226
    Triplet:        0.0000
    Total:          0.0360

  Face Loss Components (iter 1600):
    Reconstruction: 0.0060
    Contrastive:    0.0023
    Triplet:        0.0000
    Total:          0.0083

  Face Loss Components (iter 1700):
    Reconstruction: 0.0141
    Contrastive:    0.0340
    Triplet:        0.0000
    Total:          0.0482

  Face Loss Components (iter 1800):
    Reconstruction: 0.0080
    Contrastive:    0.0206
    Triplet:        0.0000
    Total:          0.0286

  Face Loss Components (iter 1900):
    Reconstruction: 0.0140
    Contrastive:    0.0286
    Triplet:        0.0000
    Total:          0.0426

  Face Loss Components (iter 2000):
    Reconstruction: 0.0142
    Contrastive:    0.0269
    Triplet:        0.0000
    Total:          0.0411

  Face Loss Components (iter 2100):
    Reconstruction: 0.0137
    Contrastive:    0.0049
    Triplet:        0.0000
    Total:          0.0186

  Face Loss Components (iter 2200):
    Reconstruction: 0.0083
    Contrastive:    0.0109
    Triplet:        0.0000
    Total:          0.0192

  Face Loss Components (iter 2300):
    Reconstruction: 0.0130
    Contrastive:    0.0140
    Triplet:        0.0000
    Total:          0.0270

  Face Loss Components (iter 2400):
    Reconstruction: 0.0095
    Contrastive:    0.0178
    Triplet:        0.0000
    Total:          0.0273

  Face Loss Components (iter 2500):
    Reconstruction: 0.0143
    Contrastive:    0.0074
    Triplet:        0.0000
    Total:          0.0217
===> Epoch[12]: Loss: 0.3716 || Learning rate: lr=9.733345298075719e-05.

  Face Loss Components (iter 0):
    Reconstruction: 0.0058
    Contrastive:    0.0123
    Triplet:        0.0000
    Total:          0.0181

  Face Loss Components (iter 100):
    Reconstruction: 0.0140
    Contrastive:    0.0112
    Triplet:        0.0000
    Total:          0.0252

  Face Loss Components (iter 200):
    Reconstruction: 0.0142
    Contrastive:    0.0069
    Triplet:        0.0000
    Total:          0.0211

  Face Loss Components (iter 300):
    Reconstruction: 0.0079
    Contrastive:    0.0397
    Triplet:        0.0000
    Total:          0.0477

  Face Loss Components (iter 400):
    Reconstruction: 0.0085
    Contrastive:    0.0215
    Triplet:        0.0000
    Total:          0.0300

  Face Loss Components (iter 500):
    Reconstruction: 0.0077
    Contrastive:    0.0174
    Triplet:        0.0000
    Total:          0.0251

  Face Loss Components (iter 600):
    Reconstruction: 0.0096
    Contrastive:    0.0250
    Triplet:        0.0000
    Total:          0.0346

  Face Loss Components (iter 700):
    Reconstruction: 0.0068
    Contrastive:    0.0164
    Triplet:        0.0000
    Total:          0.0232

  Face Loss Components (iter 800):
    Reconstruction: 0.0139
    Contrastive:    0.0259
    Triplet:        0.0000
    Total:          0.0398

  Face Loss Components (iter 900):
    Reconstruction: 0.0119
    Contrastive:    0.0271
    Triplet:        0.0000
    Total:          0.0391

  Face Loss Components (iter 1000):
    Reconstruction: 0.0044
    Contrastive:    0.0304
    Triplet:        0.0000
    Total:          0.0348

  Face Loss Components (iter 1100):
    Reconstruction: 0.0102
    Contrastive:    0.0359
    Triplet:        0.0000
    Total:          0.0461

  Face Loss Components (iter 1200):
    Reconstruction: 0.0098
    Contrastive:    0.0088
    Triplet:        0.0000
    Total:          0.0186

  Face Loss Components (iter 1300):
    Reconstruction: 0.0080
    Contrastive:    0.0292
    Triplet:        0.0000
    Total:          0.0372

  Face Loss Components (iter 1400):
    Reconstruction: 0.0187
    Contrastive:    0.0106
    Triplet:        0.0000
    Total:          0.0294

  Face Loss Components (iter 1500):
    Reconstruction: 0.0109
    Contrastive:    0.0048
    Triplet:        0.0000
    Total:          0.0157

  Face Loss Components (iter 1600):
    Reconstruction: 0.0118
    Contrastive:    0.0316
    Triplet:        0.0000
    Total:          0.0434

  Face Loss Components (iter 1700):
    Reconstruction: 0.0138
    Contrastive:    0.0233
    Triplet:        0.0000
    Total:          0.0371

  Face Loss Components (iter 1800):
    Reconstruction: 0.0098
    Contrastive:    0.0193
    Triplet:        0.0000
    Total:          0.0292

  Face Loss Components (iter 1900):
    Reconstruction: 0.0095
    Contrastive:    0.0113
    Triplet:        0.0000
    Total:          0.0208

  Face Loss Components (iter 2000):
    Reconstruction: 0.0130
    Contrastive:    0.0181
    Triplet:        0.0000
    Total:          0.0312

  Face Loss Components (iter 2100):
    Reconstruction: 0.0095
    Contrastive:    0.0143
    Triplet:        0.0000
    Total:          0.0239

  Face Loss Components (iter 2200):
    Reconstruction: 0.0143
    Contrastive:    0.0120
    Triplet:        0.0000
    Total:          0.0264

  Face Loss Components (iter 2300):
    Reconstruction: 0.0160
    Contrastive:    0.0188
    Triplet:        0.0000
    Total:          0.0348

  Face Loss Components (iter 2400):
    Reconstruction: 0.0086
    Contrastive:    0.0845
    Triplet:        0.0000
    Total:          0.0931

  Face Loss Components (iter 2500):
    Reconstruction: 0.0156
    Contrastive:    0.0049
    Triplet:        0.0000
    Total:          0.0205
===> Epoch[13]: Loss: 0.3673 || Learning rate: lr=9.652674155053898e-05.

  Face Loss Components (iter 0):
    Reconstruction: 0.0104
    Contrastive:    0.0110
    Triplet:        0.0000
    Total:          0.0214

  Face Loss Components (iter 100):
    Reconstruction: 0.0166
    Contrastive:    0.0079
    Triplet:        0.0000
    Total:          0.0246

  Face Loss Components (iter 200):
    Reconstruction: 0.0065
    Contrastive:    0.0249
    Triplet:        0.0000
    Total:          0.0315

  Face Loss Components (iter 300):
    Reconstruction: 0.0148
    Contrastive:    0.0282
    Triplet:        0.0000
    Total:          0.0430

  Face Loss Components (iter 400):
    Reconstruction: 0.0062
    Contrastive:    0.0021
    Triplet:        0.0000
    Total:          0.0083

  Face Loss Components (iter 500):
    Reconstruction: 0.0134
    Contrastive:    0.0245
    Triplet:        0.0000
    Total:          0.0379

  Face Loss Components (iter 600):
    Reconstruction: 0.0125
    Contrastive:    0.0043
    Triplet:        0.0000
    Total:          0.0168

  Face Loss Components (iter 700):
    Reconstruction: 0.0126
    Contrastive:    0.0091
    Triplet:        0.0000
    Total:          0.0217

  Face Loss Components (iter 800):
    Reconstruction: 0.0082
    Contrastive:    0.0407
    Triplet:        0.0000
    Total:          0.0489

  Face Loss Components (iter 900):
    Reconstruction: 0.0121
    Contrastive:    0.0285
    Triplet:        0.0000
    Total:          0.0406

  Face Loss Components (iter 1000):
    Reconstruction: 0.0116
    Contrastive:    0.0057
    Triplet:        0.0000
    Total:          0.0173

  Face Loss Components (iter 1100):
    Reconstruction: 0.0118
    Contrastive:    0.0133
    Triplet:        0.0000
    Total:          0.0251

  Face Loss Components (iter 1200):
    Reconstruction: 0.0099
    Contrastive:    0.0551
    Triplet:        0.0000
    Total:          0.0650

  Face Loss Components (iter 1300):
    Reconstruction: 0.0092
    Contrastive:    0.0054
    Triplet:        0.0000
    Total:          0.0146

  Face Loss Components (iter 1400):
    Reconstruction: 0.0154
    Contrastive:    0.0090
    Triplet:        0.0000
    Total:          0.0244

  Face Loss Components (iter 1500):
    Reconstruction: 0.0080
    Contrastive:    0.0313
    Triplet:        0.0000
    Total:          0.0392

  Face Loss Components (iter 1600):
    Reconstruction: 0.0074
    Contrastive:    0.0099
    Triplet:        0.0000
    Total:          0.0173

  Face Loss Components (iter 1700):
    Reconstruction: 0.0091
    Contrastive:    0.0253
    Triplet:        0.0000
    Total:          0.0344

  Face Loss Components (iter 1800):
    Reconstruction: 0.0096
    Contrastive:    0.0341
    Triplet:        0.0000
    Total:          0.0437

  Face Loss Components (iter 1900):
    Reconstruction: 0.0119
    Contrastive:    0.0136
    Triplet:        0.0000
    Total:          0.0254

  Face Loss Components (iter 2000):
    Reconstruction: 0.0113
    Contrastive:    0.0208
    Triplet:        0.0000
    Total:          0.0321

  Face Loss Components (iter 2100):
    Reconstruction: 0.0145
    Contrastive:    0.0108
    Triplet:        0.0000
    Total:          0.0253

  Face Loss Components (iter 2200):
    Reconstruction: 0.0125
    Contrastive:    0.0063
    Triplet:        0.0000
    Total:          0.0188

  Face Loss Components (iter 2300):
    Reconstruction: 0.0162
    Contrastive:    0.0095
    Triplet:        0.0000
    Total:          0.0258

  Face Loss Components (iter 2400):
    Reconstruction: 0.0101
    Contrastive:    0.0211
    Triplet:        0.0000
    Total:          0.0312

  Face Loss Components (iter 2500):
    Reconstruction: 0.0126
    Contrastive:    0.0109
    Triplet:        0.0000
    Total:          0.0236
===> Epoch[14]: Loss: 0.3642 || Learning rate: lr=9.56178641556116e-05.

  Face Loss Components (iter 0):
    Reconstruction: 0.0091
    Contrastive:    0.0277
    Triplet:        0.0000
    Total:          0.0368

  Face Loss Components (iter 100):
    Reconstruction: 0.0110
    Contrastive:    0.0136
    Triplet:        0.0000
    Total:          0.0246

  Face Loss Components (iter 200):
    Reconstruction: 0.0123
    Contrastive:    0.0660
    Triplet:        0.0000
    Total:          0.0783

  Face Loss Components (iter 300):
    Reconstruction: 0.0129
    Contrastive:    0.0614
    Triplet:        0.0000
    Total:          0.0743

  Face Loss Components (iter 400):
    Reconstruction: 0.0071
    Contrastive:    0.0248
    Triplet:        0.0000
    Total:          0.0319

  Face Loss Components (iter 500):
    Reconstruction: 0.0157
    Contrastive:    0.0120
    Triplet:        0.0000
    Total:          0.0277

  Face Loss Components (iter 600):
    Reconstruction: 0.0132
    Contrastive:    0.0062
    Triplet:        0.0000
    Total:          0.0194

  Face Loss Components (iter 700):
    Reconstruction: 0.0125
    Contrastive:    0.0090
    Triplet:        0.0000
    Total:          0.0215

  Face Loss Components (iter 800):
    Reconstruction: 0.0087
    Contrastive:    0.0043
    Triplet:        0.0000
    Total:          0.0130

  Face Loss Components (iter 900):
    Reconstruction: 0.0159
    Contrastive:    0.0054
    Triplet:        0.0000
    Total:          0.0213

  Face Loss Components (iter 1000):
    Reconstruction: 0.0063
    Contrastive:    0.0255
    Triplet:        0.0000
    Total:          0.0317

  Face Loss Components (iter 1100):
    Reconstruction: 0.0198
    Contrastive:    0.0137
    Triplet:        0.0000
    Total:          0.0335

  Face Loss Components (iter 1200):
    Reconstruction: 0.0111
    Contrastive:    0.0083
    Triplet:        0.0000
    Total:          0.0193

  Face Loss Components (iter 1300):
    Reconstruction: 0.0080
    Contrastive:    0.0193
    Triplet:        0.0000
    Total:          0.0274

  Face Loss Components (iter 1400):
    Reconstruction: 0.0187
    Contrastive:    0.0129
    Triplet:        0.0000
    Total:          0.0316

  Face Loss Components (iter 1500):
    Reconstruction: 0.0145
    Contrastive:    0.0198
    Triplet:        0.0000
    Total:          0.0343

  Face Loss Components (iter 1600):
    Reconstruction: 0.0103
    Contrastive:    0.0283
    Triplet:        0.0000
    Total:          0.0387

  Face Loss Components (iter 1700):
    Reconstruction: 0.0072
    Contrastive:    0.0217
    Triplet:        0.0000
    Total:          0.0289

  Face Loss Components (iter 1800):
    Reconstruction: 0.0044
    Contrastive:    0.0038
    Triplet:        0.0000
    Total:          0.0082

  Face Loss Components (iter 1900):
    Reconstruction: 0.0123
    Contrastive:    0.0287
    Triplet:        0.0000
    Total:          0.0410

  Face Loss Components (iter 2000):
    Reconstruction: 0.0093
    Contrastive:    0.0310
    Triplet:        0.0000
    Total:          0.0404

  Face Loss Components (iter 2100):
    Reconstruction: 0.0089
    Contrastive:    0.0067
    Triplet:        0.0000
    Total:          0.0156

  Face Loss Components (iter 2200):
    Reconstruction: 0.0152
    Contrastive:    0.0080
    Triplet:        0.0000
    Total:          0.0232

  Face Loss Components (iter 2300):
    Reconstruction: 0.0064
    Contrastive:    0.0453
    Triplet:        0.0000
    Total:          0.0517

  Face Loss Components (iter 2400):
    Reconstruction: 0.0095
    Contrastive:    0.0169
    Triplet:        0.0000
    Total:          0.0263

  Face Loss Components (iter 2500):
    Reconstruction: 0.0087
    Contrastive:    0.0135
    Triplet:        0.0000
    Total:          0.0221
===> Epoch[15]: Loss: 0.3609 || Learning rate: lr=9.460881870574145e-05.

  Face Loss Components (iter 0):
    Reconstruction: 0.0138
    Contrastive:    0.0349
    Triplet:        0.0000
    Total:          0.0486

  Face Loss Components (iter 100):
    Reconstruction: 0.0199
    Contrastive:    0.0108
    Triplet:        0.0000
    Total:          0.0307

  Face Loss Components (iter 200):
    Reconstruction: 0.0098
    Contrastive:    0.0275
    Triplet:        0.0000
    Total:          0.0372

  Face Loss Components (iter 300):
    Reconstruction: 0.0069
    Contrastive:    0.0354
    Triplet:        0.0000
    Total:          0.0423

  Face Loss Components (iter 400):
    Reconstruction: 0.0115
    Contrastive:    0.0201
    Triplet:        0.0000
    Total:          0.0317

  Face Loss Components (iter 500):
    Reconstruction: 0.0191
    Contrastive:    0.0161
    Triplet:        0.0000
    Total:          0.0352

  Face Loss Components (iter 600):
    Reconstruction: 0.0081
    Contrastive:    0.0319
    Triplet:        0.0000
    Total:          0.0399

  Face Loss Components (iter 700):
    Reconstruction: 0.0163
    Contrastive:    0.0075
    Triplet:        0.0000
    Total:          0.0237

  Face Loss Components (iter 800):
    Reconstruction: 0.0126
    Contrastive:    0.0275
    Triplet:        0.0000
    Total:          0.0401

  Face Loss Components (iter 900):
    Reconstruction: 0.0031
    Contrastive:    0.0240
    Triplet:        0.0000
    Total:          0.0272

  Face Loss Components (iter 1000):
    Reconstruction: 0.0136
    Contrastive:    0.0777
    Triplet:        0.0000
    Total:          0.0913

  Face Loss Components (iter 1100):
    Reconstruction: 0.0091
    Contrastive:    0.0048
    Triplet:        0.0000
    Total:          0.0139

  Face Loss Components (iter 1200):
    Reconstruction: 0.0091
    Contrastive:    0.0209
    Triplet:        0.0000
    Total:          0.0300

  Face Loss Components (iter 1300):
    Reconstruction: 0.0139
    Contrastive:    0.0191
    Triplet:        0.0000
    Total:          0.0330

  Face Loss Components (iter 1400):
    Reconstruction: 0.0116
    Contrastive:    0.0267
    Triplet:        0.0000
    Total:          0.0383

  Face Loss Components (iter 1500):
    Reconstruction: 0.0165
    Contrastive:    0.0089
    Triplet:        0.0000
    Total:          0.0254

  Face Loss Components (iter 1600):
    Reconstruction: 0.0099
    Contrastive:    0.0041
    Triplet:        0.0000
    Total:          0.0140

  Face Loss Components (iter 1700):
    Reconstruction: 0.0129
    Contrastive:    0.0071
    Triplet:        0.0000
    Total:          0.0200

  Face Loss Components (iter 1800):
    Reconstruction: 0.0119
    Contrastive:    0.0158
    Triplet:        0.0000
    Total:          0.0277

  Face Loss Components (iter 1900):
    Reconstruction: 0.0167
    Contrastive:    0.0173
    Triplet:        0.0000
    Total:          0.0340

  Face Loss Components (iter 2000):
    Reconstruction: 0.0096
    Contrastive:    0.0291
    Triplet:        0.0000
    Total:          0.0387

  Face Loss Components (iter 2100):
    Reconstruction: 0.0063
    Contrastive:    0.0185
    Triplet:        0.0000
    Total:          0.0248

  Face Loss Components (iter 2200):
    Reconstruction: 0.0124
    Contrastive:    0.0220
    Triplet:        0.0000
    Total:          0.0343

  Face Loss Components (iter 2300):
    Reconstruction: 0.0109
    Contrastive:    0.0128
    Triplet:        0.0000
    Total:          0.0237

  Face Loss Components (iter 2400):
    Reconstruction: 0.0096
    Contrastive:    0.0325
    Triplet:        0.0000
    Total:          0.0421

  Face Loss Components (iter 2500):
    Reconstruction: 0.0127
    Contrastive:    0.0048
    Triplet:        0.0000
    Total:          0.0175
===> Epoch[16]: Loss: 0.3581 || Learning rate: lr=9.350182330181908e-05.

  Face Loss Components (iter 0):
    Reconstruction: 0.0100
    Contrastive:    0.0200
    Triplet:        0.0000
    Total:          0.0299

  Face Loss Components (iter 100):
    Reconstruction: 0.0112
    Contrastive:    0.0421
    Triplet:        0.0000
    Total:          0.0533

  Face Loss Components (iter 200):
    Reconstruction: 0.0113
    Contrastive:    0.0054
    Triplet:        0.0000
    Total:          0.0167

  Face Loss Components (iter 300):
    Reconstruction: 0.0064
    Contrastive:    0.0274
    Triplet:        0.0000
    Total:          0.0338

  Face Loss Components (iter 400):
    Reconstruction: 0.0183
    Contrastive:    0.0280
    Triplet:        0.0000
    Total:          0.0463

  Face Loss Components (iter 500):
    Reconstruction: 0.0089
    Contrastive:    0.0311
    Triplet:        0.0000
    Total:          0.0400

  Face Loss Components (iter 600):
    Reconstruction: 0.0166
    Contrastive:    0.0121
    Triplet:        0.0000
    Total:          0.0287

  Face Loss Components (iter 700):
    Reconstruction: 0.0171
    Contrastive:    0.0094
    Triplet:        0.0000
    Total:          0.0264

  Face Loss Components (iter 800):
    Reconstruction: 0.0102
    Contrastive:    0.0046
    Triplet:        0.0000
    Total:          0.0148

  Face Loss Components (iter 900):
    Reconstruction: 0.0085
    Contrastive:    0.0134
    Triplet:        0.0000
    Total:          0.0219

  Face Loss Components (iter 1000):
    Reconstruction: 0.0165
    Contrastive:    0.0135
    Triplet:        0.0000
    Total:          0.0299

  Face Loss Components (iter 1100):
    Reconstruction: 0.0085
    Contrastive:    0.0121
    Triplet:        0.0000
    Total:          0.0206

  Face Loss Components (iter 1200):
    Reconstruction: 0.0094
    Contrastive:    0.0120
    Triplet:        0.0000
    Total:          0.0214

  Face Loss Components (iter 1300):
    Reconstruction: 0.0107
    Contrastive:    0.0375
    Triplet:        0.0000
    Total:          0.0482

  Face Loss Components (iter 1400):
    Reconstruction: 0.0099
    Contrastive:    0.0111
    Triplet:        0.0000
    Total:          0.0211

  Face Loss Components (iter 1500):
    Reconstruction: 0.0113
    Contrastive:    0.0435
    Triplet:        0.0000
    Total:          0.0548

  Face Loss Components (iter 1600):
    Reconstruction: 0.0061
    Contrastive:    0.0463
    Triplet:        0.0000
    Total:          0.0525

  Face Loss Components (iter 1700):
    Reconstruction: 0.0094
    Contrastive:    0.0152
    Triplet:        0.0000
    Total:          0.0246

  Face Loss Components (iter 1800):
    Reconstruction: 0.0134
    Contrastive:    0.0396
    Triplet:        0.0000
    Total:          0.0529

  Face Loss Components (iter 1900):
    Reconstruction: 0.0120
    Contrastive:    0.0329
    Triplet:        0.0000
    Total:          0.0449

  Face Loss Components (iter 2000):
    Reconstruction: 0.0106
    Contrastive:    0.0174
    Triplet:        0.0000
    Total:          0.0280

  Face Loss Components (iter 2100):
    Reconstruction: 0.0101
    Contrastive:    0.0081
    Triplet:        0.0000
    Total:          0.0182

  Face Loss Components (iter 2200):
    Reconstruction: 0.0131
    Contrastive:    0.0268
    Triplet:        0.0000
    Total:          0.0398

  Face Loss Components (iter 2300):
    Reconstruction: 0.0090
    Contrastive:    0.0148
    Triplet:        0.0000
    Total:          0.0238

  Face Loss Components (iter 2400):
    Reconstruction: 0.0117
    Contrastive:    0.0091
    Triplet:        0.0000
    Total:          0.0208

  Face Loss Components (iter 2500):
    Reconstruction: 0.0149
    Contrastive:    0.0111
    Triplet:        0.0000
    Total:          0.0260
===> Epoch[17]: Loss: 0.3552 || Learning rate: lr=9.229931135999191e-05.

  Face Loss Components (iter 0):
    Reconstruction: 0.0141
    Contrastive:    0.0241
    Triplet:        0.0000
    Total:          0.0383

  Face Loss Components (iter 100):
    Reconstruction: 0.0122
    Contrastive:    0.0338
    Triplet:        0.0000
    Total:          0.0460

  Face Loss Components (iter 200):
    Reconstruction: 0.0087
    Contrastive:    0.0469
    Triplet:        0.0000
    Total:          0.0556

  Face Loss Components (iter 300):
    Reconstruction: 0.0069
    Contrastive:    0.0214
    Triplet:        0.0000
    Total:          0.0284

  Face Loss Components (iter 400):
    Reconstruction: 0.0069
    Contrastive:    0.0078
    Triplet:        0.0000
    Total:          0.0146

  Face Loss Components (iter 500):
    Reconstruction: 0.0175
    Contrastive:    0.0301
    Triplet:        0.0000
    Total:          0.0476

  Face Loss Components (iter 600):
    Reconstruction: 0.0108
    Contrastive:    0.0211
    Triplet:        0.0000
    Total:          0.0320

  Face Loss Components (iter 700):
    Reconstruction: 0.0154
    Contrastive:    0.0266
    Triplet:        0.0000
    Total:          0.0419

  Face Loss Components (iter 800):
    Reconstruction: 0.0071
    Contrastive:    0.0205
    Triplet:        0.0000
    Total:          0.0276

  Face Loss Components (iter 900):
    Reconstruction: 0.0092
    Contrastive:    0.0288
    Triplet:        0.0000
    Total:          0.0380

  Face Loss Components (iter 1000):
    Reconstruction: 0.0147
    Contrastive:    0.0255
    Triplet:        0.0000
    Total:          0.0402

  Face Loss Components (iter 1100):
    Reconstruction: 0.0084
    Contrastive:    0.0192
    Triplet:        0.0000
    Total:          0.0276

  Face Loss Components (iter 1200):
    Reconstruction: 0.0154
    Contrastive:    0.0218
    Triplet:        0.0000
    Total:          0.0373

  Face Loss Components (iter 1300):
    Reconstruction: 0.0106
    Contrastive:    0.0086
    Triplet:        0.0000
    Total:          0.0192

  Face Loss Components (iter 1400):
    Reconstruction: 0.0102
    Contrastive:    0.0142
    Triplet:        0.0000
    Total:          0.0244

  Face Loss Components (iter 1500):
    Reconstruction: 0.0093
    Contrastive:    0.0217
    Triplet:        0.0000
    Total:          0.0310

  Face Loss Components (iter 1600):
    Reconstruction: 0.0117
    Contrastive:    0.0315
    Triplet:        0.0000
    Total:          0.0432

  Face Loss Components (iter 1700):
    Reconstruction: 0.0101
    Contrastive:    0.0361
    Triplet:        0.0000
    Total:          0.0461

  Face Loss Components (iter 1800):
    Reconstruction: 0.0067
    Contrastive:    0.0092
    Triplet:        0.0000
    Total:          0.0160

  Face Loss Components (iter 1900):
    Reconstruction: 0.0074
    Contrastive:    0.0553
    Triplet:        0.0000
    Total:          0.0627

  Face Loss Components (iter 2000):
    Reconstruction: 0.0107
    Contrastive:    0.0112
    Triplet:        0.0000
    Total:          0.0218

  Face Loss Components (iter 2100):
    Reconstruction: 0.0098
    Contrastive:    0.0211
    Triplet:        0.0000
    Total:          0.0309

  Face Loss Components (iter 2200):
    Reconstruction: 0.0160
    Contrastive:    0.0276
    Triplet:        0.0000
    Total:          0.0436

  Face Loss Components (iter 2300):
    Reconstruction: 0.0127
    Contrastive:    0.0279
    Triplet:        0.0000
    Total:          0.0406

  Face Loss Components (iter 2400):
    Reconstruction: 0.0150
    Contrastive:    0.0054
    Triplet:        0.0000
    Total:          0.0204

  Face Loss Components (iter 2500):
    Reconstruction: 0.0089
    Contrastive:    0.0143
    Triplet:        0.0000
    Total:          0.0231
===> Epoch[18]: Loss: 0.3523 || Learning rate: lr=9.100392626248756e-05.

  Face Loss Components (iter 0):
    Reconstruction: 0.0086
    Contrastive:    0.0177
    Triplet:        0.0000
    Total:          0.0263

  Face Loss Components (iter 100):
    Reconstruction: 0.0122
    Contrastive:    0.0167
    Triplet:        0.0000
    Total:          0.0290

  Face Loss Components (iter 200):
    Reconstruction: 0.0068
    Contrastive:    0.0061
    Triplet:        0.0000
    Total:          0.0128

  Face Loss Components (iter 300):
    Reconstruction: 0.0117
    Contrastive:    0.0173
    Triplet:        0.0000
    Total:          0.0290

  Face Loss Components (iter 400):
    Reconstruction: 0.0106
    Contrastive:    0.0391
    Triplet:        0.0000
    Total:          0.0498

  Face Loss Components (iter 500):
    Reconstruction: 0.0118
    Contrastive:    0.0092
    Triplet:        0.0000
    Total:          0.0209

  Face Loss Components (iter 600):
    Reconstruction: 0.0072
    Contrastive:    0.0071
    Triplet:        0.0000
    Total:          0.0143

  Face Loss Components (iter 700):
    Reconstruction: 0.0092
    Contrastive:    0.0198
    Triplet:        0.0000
    Total:          0.0290

  Face Loss Components (iter 800):
    Reconstruction: 0.0105
    Contrastive:    0.0111
    Triplet:        0.0000
    Total:          0.0217

  Face Loss Components (iter 900):
    Reconstruction: 0.0152
    Contrastive:    0.0166
    Triplet:        0.0000
    Total:          0.0318

  Face Loss Components (iter 1000):
    Reconstruction: 0.0142
    Contrastive:    0.0069
    Triplet:        0.0000
    Total:          0.0210

  Face Loss Components (iter 1100):
    Reconstruction: 0.0075
    Contrastive:    0.0080
    Triplet:        0.0000
    Total:          0.0155

  Face Loss Components (iter 1200):
    Reconstruction: 0.0072
    Contrastive:    0.0283
    Triplet:        0.0000
    Total:          0.0355

  Face Loss Components (iter 1300):
    Reconstruction: 0.0091
    Contrastive:    0.0082
    Triplet:        0.0000
    Total:          0.0173

  Face Loss Components (iter 1400):
    Reconstruction: 0.0111
    Contrastive:    0.0040
    Triplet:        0.0000
    Total:          0.0150

  Face Loss Components (iter 1500):
    Reconstruction: 0.0107
    Contrastive:    0.0071
    Triplet:        0.0000
    Total:          0.0178

  Face Loss Components (iter 1600):
    Reconstruction: 0.0095
    Contrastive:    0.0224
    Triplet:        0.0000
    Total:          0.0318

  Face Loss Components (iter 1700):
    Reconstruction: 0.0087
    Contrastive:    0.0265
    Triplet:        0.0000
    Total:          0.0351

  Face Loss Components (iter 1800):
    Reconstruction: 0.0089
    Contrastive:    0.0085
    Triplet:        0.0000
    Total:          0.0174

  Face Loss Components (iter 1900):
    Reconstruction: 0.0073
    Contrastive:    0.0104
    Triplet:        0.0000
    Total:          0.0177

  Face Loss Components (iter 2000):
    Reconstruction: 0.0113
    Contrastive:    0.0232
    Triplet:        0.0000
    Total:          0.0344

  Face Loss Components (iter 2100):
    Reconstruction: 0.0108
    Contrastive:    0.0079
    Triplet:        0.0000
    Total:          0.0187

  Face Loss Components (iter 2200):
    Reconstruction: 0.0105
    Contrastive:    0.0069
    Triplet:        0.0000
    Total:          0.0175

  Face Loss Components (iter 2300):
    Reconstruction: 0.0147
    Contrastive:    0.0174
    Triplet:        0.0000
    Total:          0.0321

  Face Loss Components (iter 2400):
    Reconstruction: 0.0093
    Contrastive:    0.0138
    Triplet:        0.0000
    Total:          0.0230

  Face Loss Components (iter 2500):
    Reconstruction: 0.0163
    Contrastive:    0.0336
    Triplet:        0.0000
    Total:          0.0499
===> Epoch[19]: Loss: 0.3503 || Learning rate: lr=8.961851554688591e-05.

  Face Loss Components (iter 0):
    Reconstruction: 0.0072
    Contrastive:    0.0102
    Triplet:        0.0000
    Total:          0.0174

  Face Loss Components (iter 100):
    Reconstruction: 0.0101
    Contrastive:    0.0162
    Triplet:        0.0000
    Total:          0.0262

  Face Loss Components (iter 200):
    Reconstruction: 0.0074
    Contrastive:    0.0189
    Triplet:        0.0000
    Total:          0.0263

  Face Loss Components (iter 300):
    Reconstruction: 0.0079
    Contrastive:    0.0276
    Triplet:        0.0000
    Total:          0.0355

  Face Loss Components (iter 400):
    Reconstruction: 0.0077
    Contrastive:    0.0051
    Triplet:        0.0000
    Total:          0.0129

  Face Loss Components (iter 500):
    Reconstruction: 0.0071
    Contrastive:    0.0125
    Triplet:        0.0000
    Total:          0.0195

  Face Loss Components (iter 600):
    Reconstruction: 0.0152
    Contrastive:    0.0092
    Triplet:        0.0000
    Total:          0.0243

  Face Loss Components (iter 700):
    Reconstruction: 0.0099
    Contrastive:    0.0148
    Triplet:        0.0000
    Total:          0.0247

  Face Loss Components (iter 800):
    Reconstruction: 0.0104
    Contrastive:    0.0151
    Triplet:        0.0000
    Total:          0.0255

  Face Loss Components (iter 900):
    Reconstruction: 0.0105
    Contrastive:    0.0229
    Triplet:        0.0000
    Total:          0.0335

  Face Loss Components (iter 1000):
    Reconstruction: 0.0069
    Contrastive:    0.0262
    Triplet:        0.0000
    Total:          0.0331

  Face Loss Components (iter 1100):
    Reconstruction: 0.0083
    Contrastive:    0.0148
    Triplet:        0.0000
    Total:          0.0231

  Face Loss Components (iter 1200):
    Reconstruction: 0.0130
    Contrastive:    0.0069
    Triplet:        0.0000
    Total:          0.0198

  Face Loss Components (iter 1300):
    Reconstruction: 0.0120
    Contrastive:    0.0235
    Triplet:        0.0000
    Total:          0.0355

  Face Loss Components (iter 1400):
    Reconstruction: 0.0090
    Contrastive:    0.0047
    Triplet:        0.0000
    Total:          0.0138

  Face Loss Components (iter 1500):
    Reconstruction: 0.0136
    Contrastive:    0.0127
    Triplet:        0.0000
    Total:          0.0263

  Face Loss Components (iter 1600):
    Reconstruction: 0.0107
    Contrastive:    0.0187
    Triplet:        0.0000
    Total:          0.0294

  Face Loss Components (iter 1700):
    Reconstruction: 0.0174
    Contrastive:    0.0066
    Triplet:        0.0000
    Total:          0.0240

  Face Loss Components (iter 1800):
    Reconstruction: 0.0117
    Contrastive:    0.0240
    Triplet:        0.0000
    Total:          0.0357

  Face Loss Components (iter 1900):
    Reconstruction: 0.0154
    Contrastive:    0.0131
    Triplet:        0.0000
    Total:          0.0285

  Face Loss Components (iter 2000):
    Reconstruction: 0.0161
    Contrastive:    0.0169
    Triplet:        0.0000
    Total:          0.0331

  Face Loss Components (iter 2100):
    Reconstruction: 0.0092
    Contrastive:    0.0174
    Triplet:        0.0000
    Total:          0.0265

  Face Loss Components (iter 2200):
    Reconstruction: 0.0090
    Contrastive:    0.0234
    Triplet:        0.0000
    Total:          0.0325

  Face Loss Components (iter 2300):
    Reconstruction: 0.0098
    Contrastive:    0.0106
    Triplet:        0.0000
    Total:          0.0204

  Face Loss Components (iter 2400):
    Reconstruction: 0.0101
    Contrastive:    0.0186
    Triplet:        0.0000
    Total:          0.0287

  Face Loss Components (iter 2500):
    Reconstruction: 0.0103
    Contrastive:    0.0284
    Triplet:        0.0000
    Total:          0.0387
===> Epoch[20]: Loss: 0.3470 || Learning rate: lr=8.814612464661358e-05.
Checkpoint saved to ./weights/train/epoch_20.pth
Pre-trained model is loaded.
Evaluation:
===> End evaluation
Setting up [LPIPS] perceptual loss: trunk [alex], v[0.1], spatial [off]
Loading model from: /home/hpc4090/miniconda3/envs/jamal/lib/python3.12/site-packages/lpips/weights/v0.1/alex.pth
===> Avg.PSNR: 31.1351 dB 
===> Avg.SSIM: 0.8991 
===> Avg.LPIPS: 0.0939 
[31.134335486158538, 31.13506123368358]
[0.895586468441321, 0.8990531379851692]
[0.10590514944309137, 0.09389468016101381]

  Face Loss Components (iter 0):
    Reconstruction: 0.0172
    Contrastive:    0.0371
    Triplet:        0.0000
    Total:          0.0543

  Face Loss Components (iter 100):
    Reconstruction: 0.0098
    Contrastive:    0.0115
    Triplet:        0.0000
    Total:          0.0213

  Face Loss Components (iter 200):
    Reconstruction: 0.0087
    Contrastive:    0.0130
    Triplet:        0.0000
    Total:          0.0217

  Face Loss Components (iter 300):
    Reconstruction: 0.0045
    Contrastive:    0.0178
    Triplet:        0.0000
    Total:          0.0223

  Face Loss Components (iter 400):
    Reconstruction: 0.0127
    Contrastive:    0.0145
    Triplet:        0.0000
    Total:          0.0272

  Face Loss Components (iter 500):
    Reconstruction: 0.0113
    Contrastive:    0.0143
    Triplet:        0.0000
    Total:          0.0256

  Face Loss Components (iter 600):
    Reconstruction: 0.0105
    Contrastive:    0.0181
    Triplet:        0.0000
    Total:          0.0286

  Face Loss Components (iter 700):
    Reconstruction: 0.0082
    Contrastive:    0.0259
    Triplet:        0.0000
    Total:          0.0341

  Face Loss Components (iter 800):
    Reconstruction: 0.0067
    Contrastive:    0.0168
    Triplet:        0.0000
    Total:          0.0235

  Face Loss Components (iter 900):
    Reconstruction: 0.0069
    Contrastive:    0.0063
    Triplet:        0.0000
    Total:          0.0132

  Face Loss Components (iter 1000):
    Reconstruction: 0.0113
    Contrastive:    0.0331
    Triplet:        0.0000
    Total:          0.0443

  Face Loss Components (iter 1100):
    Reconstruction: 0.0059
    Contrastive:    0.0309
    Triplet:        0.0000
    Total:          0.0369

  Face Loss Components (iter 1200):
    Reconstruction: 0.0129
    Contrastive:    0.0108
    Triplet:        0.0000
    Total:          0.0237

  Face Loss Components (iter 1300):
    Reconstruction: 0.0057
    Contrastive:    0.0134
    Triplet:        0.0000
    Total:          0.0191

  Face Loss Components (iter 1400):
    Reconstruction: 0.0098
    Contrastive:    0.0388
    Triplet:        0.0000
    Total:          0.0485

  Face Loss Components (iter 1500):
    Reconstruction: 0.0107
    Contrastive:    0.0303
    Triplet:        0.0000
    Total:          0.0410

  Face Loss Components (iter 1600):
    Reconstruction: 0.0049
    Contrastive:    0.0080
    Triplet:        0.0000
    Total:          0.0129

  Face Loss Components (iter 1700):
    Reconstruction: 0.0078
    Contrastive:    0.0308
    Triplet:        0.0000
    Total:          0.0385

  Face Loss Components (iter 1800):
    Reconstruction: 0.0157
    Contrastive:    0.0095
    Triplet:        0.0000
    Total:          0.0252

  Face Loss Components (iter 1900):
    Reconstruction: 0.0108
    Contrastive:    0.0015
    Triplet:        0.0000
    Total:          0.0124

  Face Loss Components (iter 2000):
    Reconstruction: 0.0143
    Contrastive:    0.0145
    Triplet:        0.0000
    Total:          0.0288

  Face Loss Components (iter 2100):
    Reconstruction: 0.0071
    Contrastive:    0.0117
    Triplet:        0.0000
    Total:          0.0188

  Face Loss Components (iter 2200):
    Reconstruction: 0.0162
    Contrastive:    0.0049
    Triplet:        0.0000
    Total:          0.0211

  Face Loss Components (iter 2300):
    Reconstruction: 0.0094
    Contrastive:    0.0089
    Triplet:        0.0000
    Total:          0.0183

  Face Loss Components (iter 2400):
    Reconstruction: 0.0161
    Contrastive:    0.0118
    Triplet:        0.0000
    Total:          0.0278

  Face Loss Components (iter 2500):
    Reconstruction: 0.0080
    Contrastive:    0.0085
    Triplet:        0.0000
    Total:          0.0165
===> Epoch[21]: Loss: 0.3463 || Learning rate: lr=8.658999019642027e-05.

  Face Loss Components (iter 0):
    Reconstruction: 0.0065
    Contrastive:    0.0186
    Triplet:        0.0000
    Total:          0.0251

  Face Loss Components (iter 100):
    Reconstruction: 0.0073
    Contrastive:    0.0249
    Triplet:        0.0000
    Total:          0.0322

  Face Loss Components (iter 200):
    Reconstruction: 0.0105
    Contrastive:    0.0100
    Triplet:        0.0000
    Total:          0.0205

  Face Loss Components (iter 300):
    Reconstruction: 0.0082
    Contrastive:    0.0338
    Triplet:        0.0000
    Total:          0.0420

  Face Loss Components (iter 400):
    Reconstruction: 0.0085
    Contrastive:    0.0104
    Triplet:        0.0000
    Total:          0.0188

  Face Loss Components (iter 500):
    Reconstruction: 0.0088
    Contrastive:    0.0094
    Triplet:        0.0000
    Total:          0.0182

  Face Loss Components (iter 600):
    Reconstruction: 0.0087
    Contrastive:    0.0249
    Triplet:        0.0000
    Total:          0.0336

  Face Loss Components (iter 700):
    Reconstruction: 0.0135
    Contrastive:    0.0102
    Triplet:        0.0000
    Total:          0.0236

  Face Loss Components (iter 800):
    Reconstruction: 0.0128
    Contrastive:    0.0241
    Triplet:        0.0000
    Total:          0.0369

  Face Loss Components (iter 900):
    Reconstruction: 0.0089
    Contrastive:    0.0084
    Triplet:        0.0000
    Total:          0.0173

  Face Loss Components (iter 1000):
    Reconstruction: 0.0114
    Contrastive:    0.0526
    Triplet:        0.0000
    Total:          0.0639

  Face Loss Components (iter 1100):
    Reconstruction: 0.0129
    Contrastive:    0.0155
    Triplet:        0.0000
    Total:          0.0284

  Face Loss Components (iter 1200):
    Reconstruction: 0.0153
    Contrastive:    0.0214
    Triplet:        0.0000
    Total:          0.0368

  Face Loss Components (iter 1300):
    Reconstruction: 0.0130
    Contrastive:    0.0159
    Triplet:        0.0000
    Total:          0.0289

  Face Loss Components (iter 1400):
    Reconstruction: 0.0047
    Contrastive:    0.0269
    Triplet:        0.0000
    Total:          0.0316

  Face Loss Components (iter 1500):
    Reconstruction: 0.0071
    Contrastive:    0.0229
    Triplet:        0.0000
    Total:          0.0300

  Face Loss Components (iter 1600):
    Reconstruction: 0.0066
    Contrastive:    0.0104
    Triplet:        0.0000
    Total:          0.0170

  Face Loss Components (iter 1700):
    Reconstruction: 0.0104
    Contrastive:    0.0132
    Triplet:        0.0000
    Total:          0.0236

  Face Loss Components (iter 1800):
    Reconstruction: 0.0156
    Contrastive:    0.0198
    Triplet:        0.0000
    Total:          0.0354

  Face Loss Components (iter 1900):
    Reconstruction: 0.0099
    Contrastive:    0.0153
    Triplet:        0.0000
    Total:          0.0252

  Face Loss Components (iter 2000):
    Reconstruction: 0.0124
    Contrastive:    0.0072
    Triplet:        0.0000
    Total:          0.0195

  Face Loss Components (iter 2100):
    Reconstruction: 0.0099
    Contrastive:    0.0045
    Triplet:        0.0000
    Total:          0.0143

  Face Loss Components (iter 2200):
    Reconstruction: 0.0073
    Contrastive:    0.0155
    Triplet:        0.0000
    Total:          0.0228

  Face Loss Components (iter 2300):
    Reconstruction: 0.0101
    Contrastive:    0.0169
    Triplet:        0.0000
    Total:          0.0269

  Face Loss Components (iter 2400):
    Reconstruction: 0.0095
    Contrastive:    0.0272
    Triplet:        0.0000
    Total:          0.0367

  Face Loss Components (iter 2500):
    Reconstruction: 0.0113
    Contrastive:    0.0332
    Triplet:        0.0000
    Total:          0.0445
===> Epoch[22]: Loss: 0.3436 || Learning rate: lr=8.495353291755314e-05.

  Face Loss Components (iter 0):
    Reconstruction: 0.0067
    Contrastive:    0.0106
    Triplet:        0.0000
    Total:          0.0174

  Face Loss Components (iter 100):
    Reconstruction: 0.0155
    Contrastive:    0.0320
    Triplet:        0.0000
    Total:          0.0475

  Face Loss Components (iter 200):
    Reconstruction: 0.0119
    Contrastive:    0.0076
    Triplet:        0.0000
    Total:          0.0194

  Face Loss Components (iter 300):
    Reconstruction: 0.0105
    Contrastive:    0.0186
    Triplet:        0.0000
    Total:          0.0291

  Face Loss Components (iter 400):
    Reconstruction: 0.0034
    Contrastive:    0.0076
    Triplet:        0.0000
    Total:          0.0110

  Face Loss Components (iter 500):
    Reconstruction: 0.0125
    Contrastive:    0.0221
    Triplet:        0.0000
    Total:          0.0346

  Face Loss Components (iter 600):
    Reconstruction: 0.0071
    Contrastive:    0.0112
    Triplet:        0.0000
    Total:          0.0183

  Face Loss Components (iter 700):
    Reconstruction: 0.0144
    Contrastive:    0.0053
    Triplet:        0.0000
    Total:          0.0197

  Face Loss Components (iter 800):
    Reconstruction: 0.0099
    Contrastive:    0.0238
    Triplet:        0.0000
    Total:          0.0337

  Face Loss Components (iter 900):
    Reconstruction: 0.0090
    Contrastive:    0.0053
    Triplet:        0.0000
    Total:          0.0143

  Face Loss Components (iter 1000):
    Reconstruction: 0.0086
    Contrastive:    0.0132
    Triplet:        0.0000
    Total:          0.0219

  Face Loss Components (iter 1100):
    Reconstruction: 0.0114
    Contrastive:    0.0134
    Triplet:        0.0000
    Total:          0.0248

  Face Loss Components (iter 1200):
    Reconstruction: 0.0070
    Contrastive:    0.0121
    Triplet:        0.0000
    Total:          0.0191

  Face Loss Components (iter 1300):
    Reconstruction: 0.0105
    Contrastive:    0.0142
    Triplet:        0.0000
    Total:          0.0247

  Face Loss Components (iter 1400):
    Reconstruction: 0.0126
    Contrastive:    0.0058
    Triplet:        0.0000
    Total:          0.0183

  Face Loss Components (iter 1500):
    Reconstruction: 0.0086
    Contrastive:    0.0297
    Triplet:        0.0000
    Total:          0.0383

  Face Loss Components (iter 1600):
    Reconstruction: 0.0118
    Contrastive:    0.0420
    Triplet:        0.0000
    Total:          0.0538

  Face Loss Components (iter 1700):
    Reconstruction: 0.0148
    Contrastive:    0.0145
    Triplet:        0.0000
    Total:          0.0293

  Face Loss Components (iter 1800):
    Reconstruction: 0.0020
    Contrastive:    0.0072
    Triplet:        0.0000
    Total:          0.0092

  Face Loss Components (iter 1900):
    Reconstruction: 0.0075
    Contrastive:    0.0189
    Triplet:        0.0000
    Total:          0.0265

  Face Loss Components (iter 2000):
    Reconstruction: 0.0100
    Contrastive:    0.0056
    Triplet:        0.0000
    Total:          0.0155

  Face Loss Components (iter 2100):
    Reconstruction: 0.0082
    Contrastive:    0.0310
    Triplet:        0.0000
    Total:          0.0392

  Face Loss Components (iter 2200):
    Reconstruction: 0.0026
    Contrastive:    0.0027
    Triplet:        0.0000
    Total:          0.0053

  Face Loss Components (iter 2300):
    Reconstruction: 0.0104
    Contrastive:    0.0227
    Triplet:        0.0000
    Total:          0.0331

  Face Loss Components (iter 2400):
    Reconstruction: 0.0054
    Contrastive:    0.0066
    Triplet:        0.0000
    Total:          0.0120

  Face Loss Components (iter 2500):
    Reconstruction: 0.0085
    Contrastive:    0.0052
    Triplet:        0.0000
    Total:          0.0137
===> Epoch[23]: Loss: 0.3421 || Learning rate: lr=8.324035009826915e-05.

  Face Loss Components (iter 0):
    Reconstruction: 0.0120
    Contrastive:    0.0117
    Triplet:        0.0000
    Total:          0.0237

  Face Loss Components (iter 100):
    Reconstruction: 0.0097
    Contrastive:    0.0097
    Triplet:        0.0000
    Total:          0.0194

  Face Loss Components (iter 200):
    Reconstruction: 0.0093
    Contrastive:    0.0049
    Triplet:        0.0000
    Total:          0.0142

  Face Loss Components (iter 300):
    Reconstruction: 0.0061
    Contrastive:    0.0166
    Triplet:        0.0000
    Total:          0.0227

  Face Loss Components (iter 400):
    Reconstruction: 0.0080
    Contrastive:    0.0128
    Triplet:        0.0000
    Total:          0.0208

  Face Loss Components (iter 500):
    Reconstruction: 0.0120
    Contrastive:    0.0337
    Triplet:        0.0000
    Total:          0.0456

  Face Loss Components (iter 600):
    Reconstruction: 0.0063
    Contrastive:    0.0148
    Triplet:        0.0000
    Total:          0.0211

  Face Loss Components (iter 700):
    Reconstruction: 0.0117
    Contrastive:    0.0035
    Triplet:        0.0000
    Total:          0.0152

  Face Loss Components (iter 800):
    Reconstruction: 0.0090
    Contrastive:    0.0214
    Triplet:        0.0000
    Total:          0.0304

  Face Loss Components (iter 900):
    Reconstruction: 0.0094
    Contrastive:    0.0174
    Triplet:        0.0000
    Total:          0.0267

  Face Loss Components (iter 1000):
    Reconstruction: 0.0125
    Contrastive:    0.0132
    Triplet:        0.0000
    Total:          0.0257

  Face Loss Components (iter 1100):
    Reconstruction: 0.0101
    Contrastive:    0.0340
    Triplet:        0.0000
    Total:          0.0441

  Face Loss Components (iter 1200):
    Reconstruction: 0.0040
    Contrastive:    0.0092
    Triplet:        0.0000
    Total:          0.0132

  Face Loss Components (iter 1300):
    Reconstruction: 0.0076
    Contrastive:    0.0313
    Triplet:        0.0000
    Total:          0.0389

  Face Loss Components (iter 1400):
    Reconstruction: 0.0068
    Contrastive:    0.0058
    Triplet:        0.0000
    Total:          0.0126

  Face Loss Components (iter 1500):
    Reconstruction: 0.0104
    Contrastive:    0.0142
    Triplet:        0.0000
    Total:          0.0246

  Face Loss Components (iter 1600):
    Reconstruction: 0.0080
    Contrastive:    0.0130
    Triplet:        0.0000
    Total:          0.0210

  Face Loss Components (iter 1700):
    Reconstruction: 0.0117
    Contrastive:    0.0508
    Triplet:        0.0000
    Total:          0.0626

  Face Loss Components (iter 1800):
    Reconstruction: 0.0088
    Contrastive:    0.0081
    Triplet:        0.0000
    Total:          0.0169

  Face Loss Components (iter 1900):
    Reconstruction: 0.0081
    Contrastive:    0.0155
    Triplet:        0.0000
    Total:          0.0236

  Face Loss Components (iter 2000):
    Reconstruction: 0.0105
    Contrastive:    0.0140
    Triplet:        0.0000
    Total:          0.0246

  Face Loss Components (iter 2100):
    Reconstruction: 0.0068
    Contrastive:    0.0188
    Triplet:        0.0000
    Total:          0.0256

  Face Loss Components (iter 2200):
    Reconstruction: 0.0063
    Contrastive:    0.0124
    Triplet:        0.0000
    Total:          0.0187

  Face Loss Components (iter 2300):
    Reconstruction: 0.0089
    Contrastive:    0.0080
    Triplet:        0.0000
    Total:          0.0169

  Face Loss Components (iter 2400):
    Reconstruction: 0.0122
    Contrastive:    0.0400
    Triplet:        0.0000
    Total:          0.0523

  Face Loss Components (iter 2500):
    Reconstruction: 0.0113
    Contrastive:    0.0279
    Triplet:        0.0000
    Total:          0.0392
===> Epoch[24]: Loss: 0.3395 || Learning rate: lr=8.145420768621471e-05.

  Face Loss Components (iter 0):
    Reconstruction: 0.0135
    Contrastive:    0.0248
    Triplet:        0.0000
    Total:          0.0383

  Face Loss Components (iter 100):
    Reconstruction: 0.0048
    Contrastive:    0.0148
    Triplet:        0.0000
    Total:          0.0196

  Face Loss Components (iter 200):
    Reconstruction: 0.0082
    Contrastive:    0.0121
    Triplet:        0.0000
    Total:          0.0203

  Face Loss Components (iter 300):
    Reconstruction: 0.0087
    Contrastive:    0.0078
    Triplet:        0.0000
    Total:          0.0165

  Face Loss Components (iter 400):
    Reconstruction: 0.0053
    Contrastive:    0.0136
    Triplet:        0.0000
    Total:          0.0189

  Face Loss Components (iter 500):
    Reconstruction: 0.0074
    Contrastive:    0.0235
    Triplet:        0.0000
    Total:          0.0309

  Face Loss Components (iter 600):
    Reconstruction: 0.0087
    Contrastive:    0.0106
    Triplet:        0.0000
    Total:          0.0193

  Face Loss Components (iter 700):
    Reconstruction: 0.0114
    Contrastive:    0.0184
    Triplet:        0.0000
    Total:          0.0298

  Face Loss Components (iter 800):
    Reconstruction: 0.0134
    Contrastive:    0.0105
    Triplet:        0.0000
    Total:          0.0239

  Face Loss Components (iter 900):
    Reconstruction: 0.0101
    Contrastive:    0.0107
    Triplet:        0.0000
    Total:          0.0208

  Face Loss Components (iter 1000):
    Reconstruction: 0.0088
    Contrastive:    0.0071
    Triplet:        0.0000
    Total:          0.0160

  Face Loss Components (iter 1100):
    Reconstruction: 0.0152
    Contrastive:    0.0070
    Triplet:        0.0000
    Total:          0.0222

  Face Loss Components (iter 1200):
    Reconstruction: 0.0113
    Contrastive:    0.0425
    Triplet:        0.0000
    Total:          0.0538

  Face Loss Components (iter 1300):
    Reconstruction: 0.0088
    Contrastive:    0.0025
    Triplet:        0.0000
    Total:          0.0112

  Face Loss Components (iter 1400):
    Reconstruction: 0.0154
    Contrastive:    0.0248
    Triplet:        0.0000
    Total:          0.0402

  Face Loss Components (iter 1500):
    Reconstruction: 0.0089
    Contrastive:    0.0270
    Triplet:        0.0000
    Total:          0.0359

  Face Loss Components (iter 1600):
    Reconstruction: 0.0079
    Contrastive:    0.0088
    Triplet:        0.0000
    Total:          0.0168

  Face Loss Components (iter 1700):
    Reconstruction: 0.0141
    Contrastive:    0.0282
    Triplet:        0.0000
    Total:          0.0423

  Face Loss Components (iter 1800):
    Reconstruction: 0.0145
    Contrastive:    0.0415
    Triplet:        0.0000
    Total:          0.0560

  Face Loss Components (iter 1900):
    Reconstruction: 0.0061
    Contrastive:    0.0177
    Triplet:        0.0000
    Total:          0.0237

  Face Loss Components (iter 2000):
    Reconstruction: 0.0085
    Contrastive:    0.0181
    Triplet:        0.0000
    Total:          0.0266

  Face Loss Components (iter 2100):
    Reconstruction: 0.0072
    Contrastive:    0.0129
    Triplet:        0.0000
    Total:          0.0200

  Face Loss Components (iter 2200):
    Reconstruction: 0.0093
    Contrastive:    0.0119
    Triplet:        0.0000
    Total:          0.0212

  Face Loss Components (iter 2300):
    Reconstruction: 0.0086
    Contrastive:    0.0424
    Triplet:        0.0000
    Total:          0.0510

  Face Loss Components (iter 2400):
    Reconstruction: 0.0077
    Contrastive:    0.0050
    Triplet:        0.0000
    Total:          0.0127

  Face Loss Components (iter 2500):
    Reconstruction: 0.0097
    Contrastive:    0.0130
    Triplet:        0.0000
    Total:          0.0227
===> Epoch[25]: Loss: 0.3382 || Learning rate: lr=7.959903201005545e-05.

  Face Loss Components (iter 0):
    Reconstruction: 0.0121
    Contrastive:    0.0131
    Triplet:        0.0000
    Total:          0.0252

  Face Loss Components (iter 100):
    Reconstruction: 0.0143
    Contrastive:    0.0207
    Triplet:        0.0000
    Total:          0.0350

  Face Loss Components (iter 200):
    Reconstruction: 0.0077
    Contrastive:    0.0268
    Triplet:        0.0000
    Total:          0.0345

  Face Loss Components (iter 300):
    Reconstruction: 0.0074
    Contrastive:    0.0220
    Triplet:        0.0000
    Total:          0.0294

  Face Loss Components (iter 400):
    Reconstruction: 0.0184
    Contrastive:    0.0318
    Triplet:        0.0000
    Total:          0.0503

  Face Loss Components (iter 500):
    Reconstruction: 0.0176
    Contrastive:    0.0160
    Triplet:        0.0000
    Total:          0.0336

  Face Loss Components (iter 600):
    Reconstruction: 0.0122
    Contrastive:    0.0092
    Triplet:        0.0000
    Total:          0.0214

  Face Loss Components (iter 700):
    Reconstruction: 0.0093
    Contrastive:    0.0098
    Triplet:        0.0000
    Total:          0.0191

  Face Loss Components (iter 800):
    Reconstruction: 0.0115
    Contrastive:    0.0244
    Triplet:        0.0000
    Total:          0.0359

  Face Loss Components (iter 900):
    Reconstruction: 0.0124
    Contrastive:    0.0174
    Triplet:        0.0000
    Total:          0.0299

  Face Loss Components (iter 1000):
    Reconstruction: 0.0084
    Contrastive:    0.0111
    Triplet:        0.0000
    Total:          0.0196

  Face Loss Components (iter 1100):
    Reconstruction: 0.0133
    Contrastive:    0.0277
    Triplet:        0.0000
    Total:          0.0409

  Face Loss Components (iter 1200):
    Reconstruction: 0.0068
    Contrastive:    0.0080
    Triplet:        0.0000
    Total:          0.0149

  Face Loss Components (iter 1300):
    Reconstruction: 0.0081
    Contrastive:    0.0197
    Triplet:        0.0000
    Total:          0.0277

  Face Loss Components (iter 1400):
    Reconstruction: 0.0142
    Contrastive:    0.0066
    Triplet:        0.0000
    Total:          0.0208

  Face Loss Components (iter 1500):
    Reconstruction: 0.0083
    Contrastive:    0.0090
    Triplet:        0.0000
    Total:          0.0173

  Face Loss Components (iter 1600):
    Reconstruction: 0.0129
    Contrastive:    0.0197
    Triplet:        0.0000
    Total:          0.0326

  Face Loss Components (iter 1700):
    Reconstruction: 0.0156
    Contrastive:    0.0139
    Triplet:        0.0000
    Total:          0.0296

  Face Loss Components (iter 1800):
    Reconstruction: 0.0088
    Contrastive:    0.0176
    Triplet:        0.0000
    Total:          0.0264

  Face Loss Components (iter 1900):
    Reconstruction: 0.0169
    Contrastive:    0.0235
    Triplet:        0.0000
    Total:          0.0404

  Face Loss Components (iter 2000):
    Reconstruction: 0.0077
    Contrastive:    0.0041
    Triplet:        0.0000
    Total:          0.0118

  Face Loss Components (iter 2100):
    Reconstruction: 0.0122
    Contrastive:    0.0219
    Triplet:        0.0000
    Total:          0.0341

  Face Loss Components (iter 2200):
    Reconstruction: 0.0098
    Contrastive:    0.0198
    Triplet:        0.0000
    Total:          0.0296

  Face Loss Components (iter 2300):
    Reconstruction: 0.0063
    Contrastive:    0.0261
    Triplet:        0.0000
    Total:          0.0323

  Face Loss Components (iter 2400):
    Reconstruction: 0.0067
    Contrastive:    0.0106
    Triplet:        0.0000
    Total:          0.0173

  Face Loss Components (iter 2500):
    Reconstruction: 0.0116
    Contrastive:    0.0108
    Triplet:        0.0000
    Total:          0.0223
===> Epoch[26]: Loss: 0.3363 || Learning rate: lr=7.767890114855371e-05.

  Face Loss Components (iter 0):
    Reconstruction: 0.0142
    Contrastive:    0.0074
    Triplet:        0.0000
    Total:          0.0215

  Face Loss Components (iter 100):
    Reconstruction: 0.0096
    Contrastive:    0.0068
    Triplet:        0.0000
    Total:          0.0163

  Face Loss Components (iter 200):
    Reconstruction: 0.0074
    Contrastive:    0.0152
    Triplet:        0.0000
    Total:          0.0227

  Face Loss Components (iter 300):
    Reconstruction: 0.0042
    Contrastive:    0.0118
    Triplet:        0.0000
    Total:          0.0160

  Face Loss Components (iter 400):
    Reconstruction: 0.0107
    Contrastive:    0.0347
    Triplet:        0.0000
    Total:          0.0453

  Face Loss Components (iter 500):
    Reconstruction: 0.0166
    Contrastive:    0.0099
    Triplet:        0.0000
    Total:          0.0264

  Face Loss Components (iter 600):
    Reconstruction: 0.0077
    Contrastive:    0.0052
    Triplet:        0.0000
    Total:          0.0129

  Face Loss Components (iter 700):
    Reconstruction: 0.0082
    Contrastive:    0.0378
    Triplet:        0.0000
    Total:          0.0460

  Face Loss Components (iter 800):
    Reconstruction: 0.0069
    Contrastive:    0.0254
    Triplet:        0.0000
    Total:          0.0322

  Face Loss Components (iter 900):
    Reconstruction: 0.0094
    Contrastive:    0.0314
    Triplet:        0.0000
    Total:          0.0408

  Face Loss Components (iter 1000):
    Reconstruction: 0.0070
    Contrastive:    0.0295
    Triplet:        0.0000
    Total:          0.0365

  Face Loss Components (iter 1100):
    Reconstruction: 0.0083
    Contrastive:    0.0213
    Triplet:        0.0000
    Total:          0.0296

  Face Loss Components (iter 1200):
    Reconstruction: 0.0106
    Contrastive:    0.0121
    Triplet:        0.0000
    Total:          0.0227

  Face Loss Components (iter 1300):
    Reconstruction: 0.0106
    Contrastive:    0.0137
    Triplet:        0.0000
    Total:          0.0242

  Face Loss Components (iter 1400):
    Reconstruction: 0.0055
    Contrastive:    0.0263
    Triplet:        0.0000
    Total:          0.0318

  Face Loss Components (iter 1500):
    Reconstruction: 0.0088
    Contrastive:    0.0165
    Triplet:        0.0000
    Total:          0.0253

  Face Loss Components (iter 1600):
    Reconstruction: 0.0134
    Contrastive:    0.0298
    Triplet:        0.0000
    Total:          0.0432

  Face Loss Components (iter 1700):
    Reconstruction: 0.0078
    Contrastive:    0.0190
    Triplet:        0.0000
    Total:          0.0268

  Face Loss Components (iter 1800):
    Reconstruction: 0.0058
    Contrastive:    0.0200
    Triplet:        0.0000
    Total:          0.0258

  Face Loss Components (iter 1900):
    Reconstruction: 0.0070
    Contrastive:    0.0071
    Triplet:        0.0000
    Total:          0.0141

  Face Loss Components (iter 2000):
    Reconstruction: 0.0126
    Contrastive:    0.0138
    Triplet:        0.0000
    Total:          0.0264

  Face Loss Components (iter 2100):
    Reconstruction: 0.0125
    Contrastive:    0.0194
    Triplet:        0.0000
    Total:          0.0319

  Face Loss Components (iter 2200):
    Reconstruction: 0.0060
    Contrastive:    0.0108
    Triplet:        0.0000
    Total:          0.0167

  Face Loss Components (iter 2300):
    Reconstruction: 0.0064
    Contrastive:    0.0052
    Triplet:        0.0000
    Total:          0.0116

  Face Loss Components (iter 2400):
    Reconstruction: 0.0088
    Contrastive:    0.0086
    Triplet:        0.0000
    Total:          0.0175

  Face Loss Components (iter 2500):
    Reconstruction: 0.0084
    Contrastive:    0.0140
    Triplet:        0.0000
    Total:          0.0224
===> Epoch[27]: Loss: 0.3347 || Learning rate: lr=7.569803596606635e-05.

  Face Loss Components (iter 0):
    Reconstruction: 0.0160
    Contrastive:    0.0092
    Triplet:        0.0000
    Total:          0.0252

  Face Loss Components (iter 100):
    Reconstruction: 0.0108
    Contrastive:    0.0207
    Triplet:        0.0000
    Total:          0.0315

  Face Loss Components (iter 200):
    Reconstruction: 0.0152
    Contrastive:    0.0435
    Triplet:        0.0000
    Total:          0.0587

  Face Loss Components (iter 300):
    Reconstruction: 0.0107
    Contrastive:    0.0313
    Triplet:        0.0000
    Total:          0.0420

  Face Loss Components (iter 400):
    Reconstruction: 0.0078
    Contrastive:    0.0087
    Triplet:        0.0000
    Total:          0.0166

  Face Loss Components (iter 500):
    Reconstruction: 0.0123
    Contrastive:    0.0118
    Triplet:        0.0000
    Total:          0.0241

  Face Loss Components (iter 600):
    Reconstruction: 0.0093
    Contrastive:    0.0194
    Triplet:        0.0000
    Total:          0.0286

  Face Loss Components (iter 700):
    Reconstruction: 0.0095
    Contrastive:    0.0192
    Triplet:        0.0000
    Total:          0.0287

  Face Loss Components (iter 800):
    Reconstruction: 0.0105
    Contrastive:    0.0126
    Triplet:        0.0000
    Total:          0.0231

  Face Loss Components (iter 900):
    Reconstruction: 0.0074
    Contrastive:    0.0142
    Triplet:        0.0000
    Total:          0.0216

  Face Loss Components (iter 1000):
    Reconstruction: 0.0070
    Contrastive:    0.0396
    Triplet:        0.0000
    Total:          0.0466

  Face Loss Components (iter 1100):
    Reconstruction: 0.0076
    Contrastive:    0.0169
    Triplet:        0.0000
    Total:          0.0245

  Face Loss Components (iter 1200):
    Reconstruction: 0.0077
    Contrastive:    0.0133
    Triplet:        0.0000
    Total:          0.0210

  Face Loss Components (iter 1300):
    Reconstruction: 0.0083
    Contrastive:    0.0225
    Triplet:        0.0000
    Total:          0.0308

  Face Loss Components (iter 1400):
    Reconstruction: 0.0089
    Contrastive:    0.0347
    Triplet:        0.0000
    Total:          0.0436

  Face Loss Components (iter 1500):
    Reconstruction: 0.0083
    Contrastive:    0.0121
    Triplet:        0.0000
    Total:          0.0205

  Face Loss Components (iter 1600):
    Reconstruction: 0.0043
    Contrastive:    0.0059
    Triplet:        0.0000
    Total:          0.0102

  Face Loss Components (iter 1700):
    Reconstruction: 0.0058
    Contrastive:    0.0299
    Triplet:        0.0000
    Total:          0.0358

  Face Loss Components (iter 1800):
    Reconstruction: 0.0076
    Contrastive:    0.0274
    Triplet:        0.0000
    Total:          0.0350

  Face Loss Components (iter 1900):
    Reconstruction: 0.0135
    Contrastive:    0.0087
    Triplet:        0.0000
    Total:          0.0222

  Face Loss Components (iter 2000):
    Reconstruction: 0.0134
    Contrastive:    0.0397
    Triplet:        0.0000
    Total:          0.0531

  Face Loss Components (iter 2100):
    Reconstruction: 0.0066
    Contrastive:    0.0321
    Triplet:        0.0000
    Total:          0.0387

  Face Loss Components (iter 2200):
    Reconstruction: 0.0078
    Contrastive:    0.0179
    Triplet:        0.0000
    Total:          0.0257

  Face Loss Components (iter 2300):
    Reconstruction: 0.0101
    Contrastive:    0.0179
    Triplet:        0.0000
    Total:          0.0280

  Face Loss Components (iter 2400):
    Reconstruction: 0.0127
    Contrastive:    0.0112
    Triplet:        0.0000
    Total:          0.0239

  Face Loss Components (iter 2500):
    Reconstruction: 0.0093
    Contrastive:    0.0302
    Triplet:        0.0000
    Total:          0.0395
===> Epoch[28]: Loss: 0.3333 || Learning rate: lr=7.366079083416883e-05.

  Face Loss Components (iter 0):
    Reconstruction: 0.0075
    Contrastive:    0.0079
    Triplet:        0.0000
    Total:          0.0154

  Face Loss Components (iter 100):
    Reconstruction: 0.0075
    Contrastive:    0.0248
    Triplet:        0.0000
    Total:          0.0323

  Face Loss Components (iter 200):
    Reconstruction: 0.0141
    Contrastive:    0.0219
    Triplet:        0.0000
    Total:          0.0359

  Face Loss Components (iter 300):
    Reconstruction: 0.0059
    Contrastive:    0.0099
    Triplet:        0.0000
    Total:          0.0159

  Face Loss Components (iter 400):
    Reconstruction: 0.0066
    Contrastive:    0.0168
    Triplet:        0.0000
    Total:          0.0233

  Face Loss Components (iter 500):
    Reconstruction: 0.0144
    Contrastive:    0.0210
    Triplet:        0.0000
    Total:          0.0355

  Face Loss Components (iter 600):
    Reconstruction: 0.0039
    Contrastive:    0.0101
    Triplet:        0.0000
    Total:          0.0140

  Face Loss Components (iter 700):
    Reconstruction: 0.0087
    Contrastive:    0.0144
    Triplet:        0.0000
    Total:          0.0231

  Face Loss Components (iter 800):
    Reconstruction: 0.0119
    Contrastive:    0.0080
    Triplet:        0.0000
    Total:          0.0199

  Face Loss Components (iter 900):
    Reconstruction: 0.0101
    Contrastive:    0.0066
    Triplet:        0.0000
    Total:          0.0167

  Face Loss Components (iter 1000):
    Reconstruction: 0.0084
    Contrastive:    0.0097
    Triplet:        0.0000
    Total:          0.0181

  Face Loss Components (iter 1100):
    Reconstruction: 0.0120
    Contrastive:    0.0127
    Triplet:        0.0000
    Total:          0.0247

  Face Loss Components (iter 1200):
    Reconstruction: 0.0087
    Contrastive:    0.0536
    Triplet:        0.0000
    Total:          0.0624

  Face Loss Components (iter 1300):
    Reconstruction: 0.0091
    Contrastive:    0.0161
    Triplet:        0.0000
    Total:          0.0252

  Face Loss Components (iter 1400):
    Reconstruction: 0.0116
    Contrastive:    0.0502
    Triplet:        0.0000
    Total:          0.0619

  Face Loss Components (iter 1500):
    Reconstruction: 0.0079
    Contrastive:    0.0115
    Triplet:        0.0000
    Total:          0.0194

  Face Loss Components (iter 1600):
    Reconstruction: 0.0126
    Contrastive:    0.0179
    Triplet:        0.0000
    Total:          0.0305

  Face Loss Components (iter 1700):
    Reconstruction: 0.0096
    Contrastive:    0.0166
    Triplet:        0.0000
    Total:          0.0262

  Face Loss Components (iter 1800):
    Reconstruction: 0.0134
    Contrastive:    0.0074
    Triplet:        0.0000
    Total:          0.0207

  Face Loss Components (iter 1900):
    Reconstruction: 0.0109
    Contrastive:    0.0126
    Triplet:        0.0000
    Total:          0.0235

  Face Loss Components (iter 2000):
    Reconstruction: 0.0113
    Contrastive:    0.0170
    Triplet:        0.0000
    Total:          0.0283

  Face Loss Components (iter 2100):
    Reconstruction: 0.0119
    Contrastive:    0.0167
    Triplet:        0.0000
    Total:          0.0286

  Face Loss Components (iter 2200):
    Reconstruction: 0.0085
    Contrastive:    0.0120
    Triplet:        0.0000
    Total:          0.0205

  Face Loss Components (iter 2300):
    Reconstruction: 0.0097
    Contrastive:    0.0064
    Triplet:        0.0000
    Total:          0.0162

  Face Loss Components (iter 2400):
    Reconstruction: 0.0091
    Contrastive:    0.0446
    Triplet:        0.0000
    Total:          0.0537

  Face Loss Components (iter 2500):
    Reconstruction: 0.0078
    Contrastive:    0.0309
    Triplet:        0.0000
    Total:          0.0386
===> Epoch[29]: Loss: 0.3316 || Learning rate: lr=7.157164405980147e-05.

  Face Loss Components (iter 0):
    Reconstruction: 0.0092
    Contrastive:    0.0127
    Triplet:        0.0000
    Total:          0.0219

  Face Loss Components (iter 100):
    Reconstruction: 0.0108
    Contrastive:    0.0141
    Triplet:        0.0000
    Total:          0.0249

  Face Loss Components (iter 200):
    Reconstruction: 0.0101
    Contrastive:    0.0110
    Triplet:        0.0000
    Total:          0.0211

  Face Loss Components (iter 300):
    Reconstruction: 0.0077
    Contrastive:    0.0278
    Triplet:        0.0000
    Total:          0.0355

  Face Loss Components (iter 400):
    Reconstruction: 0.0057
    Contrastive:    0.0122
    Triplet:        0.0000
    Total:          0.0179

  Face Loss Components (iter 500):
    Reconstruction: 0.0069
    Contrastive:    0.0223
    Triplet:        0.0000
    Total:          0.0292

  Face Loss Components (iter 600):
    Reconstruction: 0.0053
    Contrastive:    0.0144
    Triplet:        0.0000
    Total:          0.0197

  Face Loss Components (iter 700):
    Reconstruction: 0.0078
    Contrastive:    0.0093
    Triplet:        0.0000
    Total:          0.0171

  Face Loss Components (iter 800):
    Reconstruction: 0.0105
    Contrastive:    0.0304
    Triplet:        0.0000
    Total:          0.0410

  Face Loss Components (iter 900):
    Reconstruction: 0.0129
    Contrastive:    0.0337
    Triplet:        0.0000
    Total:          0.0466

  Face Loss Components (iter 1000):
    Reconstruction: 0.0123
    Contrastive:    0.0028
    Triplet:        0.0000
    Total:          0.0151

  Face Loss Components (iter 1100):
    Reconstruction: 0.0097
    Contrastive:    0.0192
    Triplet:        0.0000
    Total:          0.0289

  Face Loss Components (iter 1200):
    Reconstruction: 0.0123
    Contrastive:    0.0523
    Triplet:        0.0000
    Total:          0.0646

  Face Loss Components (iter 1300):
    Reconstruction: 0.0112
    Contrastive:    0.0216
    Triplet:        0.0000
    Total:          0.0327

  Face Loss Components (iter 1400):
    Reconstruction: 0.0101
    Contrastive:    0.0161
    Triplet:        0.0000
    Total:          0.0263

  Face Loss Components (iter 1500):
    Reconstruction: 0.0061
    Contrastive:    0.0033
    Triplet:        0.0000
    Total:          0.0095

  Face Loss Components (iter 1600):
    Reconstruction: 0.0115
    Contrastive:    0.0061
    Triplet:        0.0000
    Total:          0.0176

  Face Loss Components (iter 1700):
    Reconstruction: 0.0110
    Contrastive:    0.0151
    Triplet:        0.0000
    Total:          0.0261

  Face Loss Components (iter 1800):
    Reconstruction: 0.0121
    Contrastive:    0.0118
    Triplet:        0.0000
    Total:          0.0239

  Face Loss Components (iter 1900):
    Reconstruction: 0.0098
    Contrastive:    0.0089
    Triplet:        0.0000
    Total:          0.0187

  Face Loss Components (iter 2000):
    Reconstruction: 0.0118
    Contrastive:    0.0310
    Triplet:        0.0000
    Total:          0.0428

  Face Loss Components (iter 2100):
    Reconstruction: 0.0115
    Contrastive:    0.0257
    Triplet:        0.0000
    Total:          0.0372

  Face Loss Components (iter 2200):
    Reconstruction: 0.0052
    Contrastive:    0.0112
    Triplet:        0.0000
    Total:          0.0164

  Face Loss Components (iter 2300):
    Reconstruction: 0.0047
    Contrastive:    0.0101
    Triplet:        0.0000
    Total:          0.0148

  Face Loss Components (iter 2400):
    Reconstruction: 0.0120
    Contrastive:    0.0338
    Triplet:        0.0000
    Total:          0.0458

  Face Loss Components (iter 2500):
    Reconstruction: 0.0160
    Contrastive:    0.0355
    Triplet:        0.0000
    Total:          0.0515
===> Epoch[30]: Loss: 0.3299 || Learning rate: lr=6.943518804097888e-05.
Checkpoint saved to ./weights/train/epoch_30.pth
Pre-trained model is loaded.
Evaluation:
===> End evaluation
Setting up [LPIPS] perceptual loss: trunk [alex], v[0.1], spatial [off]
Loading model from: /home/hpc4090/miniconda3/envs/jamal/lib/python3.12/site-packages/lpips/weights/v0.1/alex.pth
===> Avg.PSNR: 32.0439 dB 
===> Avg.SSIM: 0.9020 
===> Avg.LPIPS: 0.0909 
[31.134335486158538, 31.13506123368358, 32.04385940556149]
[0.895586468441321, 0.8990531379851692, 0.9020251964315142]
[0.10590514944309137, 0.09389468016101381, 0.09094395412738243]
make: *** [Makefile:14: face_loss5] Terminated
[0;31m[Sun Feb  1 03:41:11 PM UTC 2026] Training failed: face_loss5[0m





[0;34m[STEP 3] Training Models...[0m

[0;32m[Sun Feb  1 03:44:10 PM UTC 2026] Starting training: face_loss5[0m
[1;33mRunning: make face_loss5[0m

TQDM_DISABLE=1 python train.py --lfw --data_train_lfw=datasets/LFW_multilevel/train_mixed \
	--data_val_lfw=datasets/LFW_multilevel/val_mixed \
	--data_valgt_lfw=datasets/LFW_multilevel/val_mixed/high --D_weight=1.5 \
	--batchSize=8 --nEpochs=70 --use_face_loss --FR_weight=0.5 --start_epoch=30
/home/hpc4090/jamal_fr/train.py:312: FutureWarning: You are using `torch.load` with `weights_only=False` (the current default value), which uses the default pickle module implicitly. It is possible to construct malicious pickle data which will execute arbitrary code during unpickling (See https://github.com/pytorch/pytorch/blob/main/SECURITY.md#untrusted-models for more details). In a future release, the default value for `weights_only` will be flipped to `True`. This limits the functions that could be executed during unpickling. Arbitrary objects will no longer be allowed to be loaded via this mode unless they are explicitly allowlisted by the user via `torch.serialization.add_safe_globals`. We recommend you start setting `weights_only=True` for any use case where you don't have full control of the loaded file. Please open an issue on GitHub for any issues related to this experimental feature.
  model.load_state_dict(torch.load(pth, map_location=lambda storage, loc: storage))
/home/hpc4090/miniconda3/envs/jamal/lib/python3.12/site-packages/torchvision/models/_utils.py:208: UserWarning: The parameter 'pretrained' is deprecated since 0.13 and may be removed in the future, please use 'weights' instead.
  warnings.warn(
/home/hpc4090/miniconda3/envs/jamal/lib/python3.12/site-packages/torchvision/models/_utils.py:223: UserWarning: Arguments other than a weight enum or `None` for 'weights' are deprecated since 0.13 and may be removed in the future. The current behavior is equivalent to passing `weights=VGG19_Weights.IMAGENET1K_V1`. You can also use `weights=VGG19_Weights.DEFAULT` to get the most up-to-date weights.
  warnings.warn(msg)
CUDA_LAUNCH_BLOCKING enabled for debugging
===> Loading datasets
[LFW Dataset] Loaded 20658 image pairs from datasets/LFW_multilevel/train_mixed
[LFW Eval Dataset] Loaded 3654 image pairs from datasets/LFW_multilevel/val_mixed
===> Building model 
===> Resuming from epoch 30
===> Initializing Discriminative Multi-Level Face Loss
Initialized DiscriminativeMultiLevelFaceLoss:
  Layers: ['layer2', 'layer3', 'layer4', 'fc']
  Contrastive: True (margin=0.4)
  Triplet: True (margin=0.2)
===> Discriminative Multi-Level Face Loss enabled with weight=0.5
     Architecture: ir_50
     Features: ['layer2', 'layer3', 'layer4', 'fc']
     Contrastive: margin=0.4, weight=1.0, temp=0.07
     Triplet: margin=0.2, weight=0.5

  Face Loss Components (iter 0):
    Reconstruction: 0.0065
    Contrastive:    0.0085
    Triplet:        0.0000
    Total:          0.0150

  Face Loss Components (iter 100):
    Reconstruction: 0.0122
    Contrastive:    0.0341
    Triplet:        0.0000
    Total:          0.0463

  Face Loss Components (iter 200):
    Reconstruction: 0.0128
    Contrastive:    0.0145
    Triplet:        0.0000
    Total:          0.0274

  Face Loss Components (iter 300):
    Reconstruction: 0.0068
    Contrastive:    0.0178
    Triplet:        0.0000
    Total:          0.0246

  Face Loss Components (iter 400):
    Reconstruction: 0.0051
    Contrastive:    0.0155
    Triplet:        0.0000
    Total:          0.0206

  Face Loss Components (iter 500):
    Reconstruction: 0.0082
    Contrastive:    0.0217
    Triplet:        0.0000
    Total:          0.0299

  Face Loss Components (iter 600):
    Reconstruction: 0.0113
    Contrastive:    0.0202
    Triplet:        0.0000
    Total:          0.0315

  Face Loss Components (iter 700):
    Reconstruction: 0.0086
    Contrastive:    0.0101
    Triplet:        0.0000
    Total:          0.0187

  Face Loss Components (iter 800):
    Reconstruction: 0.0086
    Contrastive:    0.0131
    Triplet:        0.0000
    Total:          0.0218

  Face Loss Components (iter 900):
    Reconstruction: 0.0078
    Contrastive:    0.0080
    Triplet:        0.0000
    Total:          0.0157

  Face Loss Components (iter 1000):
    Reconstruction: 0.0120
    Contrastive:    0.0152
    Triplet:        0.0000
    Total:          0.0272

  Face Loss Components (iter 1100):
    Reconstruction: 0.0129
    Contrastive:    0.0144
    Triplet:        0.0000
    Total:          0.0274

  Face Loss Components (iter 1200):
    Reconstruction: 0.0122
    Contrastive:    0.0256
    Triplet:        0.0000
    Total:          0.0378

  Face Loss Components (iter 1300):
    Reconstruction: 0.0150
    Contrastive:    0.0260
    Triplet:        0.0000
    Total:          0.0410

  Face Loss Components (iter 1400):
    Reconstruction: 0.0098
    Contrastive:    0.0032
    Triplet:        0.0000
    Total:          0.0130

  Face Loss Components (iter 1500):
    Reconstruction: 0.0062
    Contrastive:    0.0078
    Triplet:        0.0000
    Total:          0.0140

  Face Loss Components (iter 1600):
    Reconstruction: 0.0088
    Contrastive:    0.0281
    Triplet:        0.0000
    Total:          0.0369

  Face Loss Components (iter 1700):
    Reconstruction: 0.0084
    Contrastive:    0.0172
    Triplet:        0.0000
    Total:          0.0257

  Face Loss Components (iter 1800):
    Reconstruction: 0.0104
    Contrastive:    0.0508
    Triplet:        0.0000
    Total:          0.0612

  Face Loss Components (iter 1900):
    Reconstruction: 0.0137
    Contrastive:    0.0294
    Triplet:        0.0000
    Total:          0.0432

  Face Loss Components (iter 2000):
    Reconstruction: 0.0055
    Contrastive:    0.0173
    Triplet:        0.0000
    Total:          0.0228

  Face Loss Components (iter 2100):
    Reconstruction: 0.0074
    Contrastive:    0.0077
    Triplet:        0.0000
    Total:          0.0151

  Face Loss Components (iter 2200):
    Reconstruction: 0.0107
    Contrastive:    0.0262
    Triplet:        0.0000
    Total:          0.0368

  Face Loss Components (iter 2300):
    Reconstruction: 0.0045
    Contrastive:    0.0040
    Triplet:        0.0000
    Total:          0.0085

  Face Loss Components (iter 2400):
    Reconstruction: 0.0107
    Contrastive:    0.0092
    Triplet:        0.0000
    Total:          0.0199

  Face Loss Components (iter 2500):
    Reconstruction: 0.0079
    Contrastive:    0.0283
    Triplet:        0.0000
    Total:          0.0362
===> Epoch[31]: Loss: 0.3283 || Learning rate: lr=0.0.

  Face Loss Components (iter 0):
    Reconstruction: 0.0119
    Contrastive:    0.0379
    Triplet:        0.0000
    Total:          0.0498

  Face Loss Components (iter 100):
    Reconstruction: 0.0109
    Contrastive:    0.0257
    Triplet:        0.0000
    Total:          0.0366

  Face Loss Components (iter 200):
    Reconstruction: 0.0166
    Contrastive:    0.0135
    Triplet:        0.0000
    Total:          0.0301

  Face Loss Components (iter 300):
    Reconstruction: 0.0128
    Contrastive:    0.0102
    Triplet:        0.0000
    Total:          0.0230

  Face Loss Components (iter 400):
    Reconstruction: 0.0110
    Contrastive:    0.0306
    Triplet:        0.0000
    Total:          0.0417

  Face Loss Components (iter 500):
    Reconstruction: 0.0103
    Contrastive:    0.0182
    Triplet:        0.0000
    Total:          0.0286

  Face Loss Components (iter 600):
    Reconstruction: 0.0061
    Contrastive:    0.0224
    Triplet:        0.0000
    Total:          0.0285

  Face Loss Components (iter 700):
    Reconstruction: 0.0055
    Contrastive:    0.0216
    Triplet:        0.0000
    Total:          0.0271

  Face Loss Components (iter 800):
    Reconstruction: 0.0087
    Contrastive:    0.0263
    Triplet:        0.0000
    Total:          0.0350

  Face Loss Components (iter 900):
    Reconstruction: 0.0091
    Contrastive:    0.0151
    Triplet:        0.0000
    Total:          0.0242

  Face Loss Components (iter 1000):
    Reconstruction: 0.0071
    Contrastive:    0.0111
    Triplet:        0.0000
    Total:          0.0182

  Face Loss Components (iter 1100):
    Reconstruction: 0.0082
    Contrastive:    0.0029
    Triplet:        0.0000
    Total:          0.0110

  Face Loss Components (iter 1200):
    Reconstruction: 0.0091
    Contrastive:    0.0141
    Triplet:        0.0000
    Total:          0.0231

  Face Loss Components (iter 1300):
    Reconstruction: 0.0111
    Contrastive:    0.0293
    Triplet:        0.0000
    Total:          0.0404

  Face Loss Components (iter 1400):
    Reconstruction: 0.0106
    Contrastive:    0.0196
    Triplet:        0.0000
    Total:          0.0303

  Face Loss Components (iter 1500):
    Reconstruction: 0.0040
    Contrastive:    0.0092
    Triplet:        0.0000
    Total:          0.0131

  Face Loss Components (iter 1600):
    Reconstruction: 0.0066
    Contrastive:    0.0178
    Triplet:        0.0000
    Total:          0.0244

  Face Loss Components (iter 1700):
    Reconstruction: 0.0099
    Contrastive:    0.0056
    Triplet:        0.0000
    Total:          0.0155

  Face Loss Components (iter 1800):
    Reconstruction: 0.0107
    Contrastive:    0.0041
    Triplet:        0.0000
    Total:          0.0147

  Face Loss Components (iter 1900):
    Reconstruction: 0.0103
    Contrastive:    0.0094
    Triplet:        0.0000
    Total:          0.0197

  Face Loss Components (iter 2000):
    Reconstruction: 0.0081
    Contrastive:    0.0155
    Triplet:        0.0000
    Total:          0.0236

  Face Loss Components (iter 2100):
    Reconstruction: 0.0124
    Contrastive:    0.0132
    Triplet:        0.0000
    Total:          0.0256

  Face Loss Components (iter 2200):
    Reconstruction: 0.0061
    Contrastive:    0.0214
    Triplet:        0.0000
    Total:          0.0275

  Face Loss Components (iter 2300):
    Reconstruction: 0.0099
    Contrastive:    0.0397
    Triplet:        0.0000
    Total:          0.0496

  Face Loss Components (iter 2400):
    Reconstruction: 0.0046
    Contrastive:    0.0160
    Triplet:        0.0000
    Total:          0.0206

  Face Loss Components (iter 2500):
    Reconstruction: 0.0081
    Contrastive:    0.0158
    Triplet:        0.0000
    Total:          0.0239
===> Epoch[32]: Loss: 0.3247 || Learning rate: lr=3.3333333333333335e-05.

  Face Loss Components (iter 0):
    Reconstruction: 0.0020
    Contrastive:    0.0152
    Triplet:        0.0000
    Total:          0.0172

  Face Loss Components (iter 100):
    Reconstruction: 0.0086
    Contrastive:    0.0141
    Triplet:        0.0000
    Total:          0.0227

  Face Loss Components (iter 200):
    Reconstruction: 0.0083
    Contrastive:    0.0237
    Triplet:        0.0000
    Total:          0.0320

  Face Loss Components (iter 300):
    Reconstruction: 0.0108
    Contrastive:    0.0032
    Triplet:        0.0000
    Total:          0.0140

  Face Loss Components (iter 400):
    Reconstruction: 0.0108
    Contrastive:    0.0080
    Triplet:        0.0000
    Total:          0.0188

  Face Loss Components (iter 500):
    Reconstruction: 0.0069
    Contrastive:    0.0057
    Triplet:        0.0000
    Total:          0.0125

  Face Loss Components (iter 600):
    Reconstruction: 0.0112
    Contrastive:    0.0128
    Triplet:        0.0000
    Total:          0.0240

  Face Loss Components (iter 700):
    Reconstruction: 0.0107
    Contrastive:    0.0176
    Triplet:        0.0000
    Total:          0.0283

  Face Loss Components (iter 800):
    Reconstruction: 0.0132
    Contrastive:    0.0225
    Triplet:        0.0000
    Total:          0.0357

  Face Loss Components (iter 900):
    Reconstruction: 0.0129
    Contrastive:    0.0155
    Triplet:        0.0000
    Total:          0.0284

  Face Loss Components (iter 1000):
    Reconstruction: 0.0153
    Contrastive:    0.0065
    Triplet:        0.0000
    Total:          0.0217

  Face Loss Components (iter 1100):
    Reconstruction: 0.0113
    Contrastive:    0.0127
    Triplet:        0.0000
    Total:          0.0240

  Face Loss Components (iter 1200):
    Reconstruction: 0.0056
    Contrastive:    0.0205
    Triplet:        0.0000
    Total:          0.0262

  Face Loss Components (iter 1300):
    Reconstruction: 0.0070
    Contrastive:    0.0267
    Triplet:        0.0000
    Total:          0.0337

  Face Loss Components (iter 1400):
    Reconstruction: 0.0124
    Contrastive:    0.0058
    Triplet:        0.0000
    Total:          0.0181

  Face Loss Components (iter 1500):
    Reconstruction: 0.0203
    Contrastive:    0.0130
    Triplet:        0.0000
    Total:          0.0334

  Face Loss Components (iter 1600):
    Reconstruction: 0.0051
    Contrastive:    0.0167
    Triplet:        0.0000
    Total:          0.0218

  Face Loss Components (iter 1700):
    Reconstruction: 0.0072
    Contrastive:    0.0041
    Triplet:        0.0000
    Total:          0.0113

  Face Loss Components (iter 1800):
    Reconstruction: 0.0107
    Contrastive:    0.0094
    Triplet:        0.0000
    Total:          0.0201

  Face Loss Components (iter 1900):
    Reconstruction: 0.0072
    Contrastive:    0.0212
    Triplet:        0.0000
    Total:          0.0284

  Face Loss Components (iter 2000):
    Reconstruction: 0.0065
    Contrastive:    0.0078
    Triplet:        0.0000
    Total:          0.0144

  Face Loss Components (iter 2100):
    Reconstruction: 0.0105
    Contrastive:    0.0141
    Triplet:        0.0000
    Total:          0.0246

  Face Loss Components (iter 2200):
    Reconstruction: 0.0163
    Contrastive:    0.0127
    Triplet:        0.0000
    Total:          0.0291

  Face Loss Components (iter 2300):
    Reconstruction: 0.0126
    Contrastive:    0.0102
    Triplet:        0.0000
    Total:          0.0228

  Face Loss Components (iter 2400):
    Reconstruction: 0.0141
    Contrastive:    0.0333
    Triplet:        0.0000
    Total:          0.0474

  Face Loss Components (iter 2500):
    Reconstruction: 0.0107
    Contrastive:    0.0146
    Triplet:        0.0000
    Total:          0.0253
===> Epoch[33]: Loss: 0.3275 || Learning rate: lr=6.666666666666667e-05.

  Face Loss Components (iter 0):
    Reconstruction: 0.0095
    Contrastive:    0.0065
    Triplet:        0.0000
    Total:          0.0160

  Face Loss Components (iter 100):
    Reconstruction: 0.0084
    Contrastive:    0.0202
    Triplet:        0.0000
    Total:          0.0285

  Face Loss Components (iter 200):
    Reconstruction: 0.0068
    Contrastive:    0.0119
    Triplet:        0.0000
    Total:          0.0186

  Face Loss Components (iter 300):
    Reconstruction: 0.0125
    Contrastive:    0.0138
    Triplet:        0.0000
    Total:          0.0263

  Face Loss Components (iter 400):
    Reconstruction: 0.0112
    Contrastive:    0.0173
    Triplet:        0.0000
    Total:          0.0285

  Face Loss Components (iter 500):
    Reconstruction: 0.0096
    Contrastive:    0.0551
    Triplet:        0.0000
    Total:          0.0647

  Face Loss Components (iter 600):
    Reconstruction: 0.0118
    Contrastive:    0.0097
    Triplet:        0.0000
    Total:          0.0216

  Face Loss Components (iter 700):
    Reconstruction: 0.0226
    Contrastive:    0.0061
    Triplet:        0.0000
    Total:          0.0287

  Face Loss Components (iter 800):
    Reconstruction: 0.0070
    Contrastive:    0.0066
    Triplet:        0.0000
    Total:          0.0135

  Face Loss Components (iter 900):
    Reconstruction: 0.0085
    Contrastive:    0.0272
    Triplet:        0.0000
    Total:          0.0358

  Face Loss Components (iter 1000):
    Reconstruction: 0.0106
    Contrastive:    0.0246
    Triplet:        0.0000
    Total:          0.0352

  Face Loss Components (iter 1100):
    Reconstruction: 0.0130
    Contrastive:    0.0237
    Triplet:        0.0000
    Total:          0.0367

  Face Loss Components (iter 1200):
    Reconstruction: 0.0118
    Contrastive:    0.0158
    Triplet:        0.0000
    Total:          0.0276

  Face Loss Components (iter 1300):
    Reconstruction: 0.0145
    Contrastive:    0.0190
    Triplet:        0.0000
    Total:          0.0335

  Face Loss Components (iter 1400):
    Reconstruction: 0.0129
    Contrastive:    0.0083
    Triplet:        0.0000
    Total:          0.0212

  Face Loss Components (iter 1500):
    Reconstruction: 0.0082
    Contrastive:    0.0061
    Triplet:        0.0000
    Total:          0.0143

  Face Loss Components (iter 1600):
    Reconstruction: 0.0088
    Contrastive:    0.0195
    Triplet:        0.0000
    Total:          0.0282

  Face Loss Components (iter 1700):
    Reconstruction: 0.0101
    Contrastive:    0.0133
    Triplet:        0.0000
    Total:          0.0234

  Face Loss Components (iter 1800):
    Reconstruction: 0.0116
    Contrastive:    0.0228
    Triplet:        0.0000
    Total:          0.0343

  Face Loss Components (iter 1900):
    Reconstruction: 0.0133
    Contrastive:    0.0153
    Triplet:        0.0000
    Total:          0.0286

  Face Loss Components (iter 2000):
    Reconstruction: 0.0102
    Contrastive:    0.0134
    Triplet:        0.0000
    Total:          0.0236

  Face Loss Components (iter 2100):
    Reconstruction: 0.0099
    Contrastive:    0.0331
    Triplet:        0.0000
    Total:          0.0430

  Face Loss Components (iter 2200):
    Reconstruction: 0.0116
    Contrastive:    0.0317
    Triplet:        0.0000
    Total:          0.0432

  Face Loss Components (iter 2300):
    Reconstruction: 0.0102
    Contrastive:    0.0117
    Triplet:        0.0000
    Total:          0.0219

  Face Loss Components (iter 2400):
    Reconstruction: 0.0080
    Contrastive:    0.0466
    Triplet:        0.0000
    Total:          0.0546

  Face Loss Components (iter 2500):
    Reconstruction: 0.0110
    Contrastive:    0.0121
    Triplet:        0.0000
    Total:          0.0231
===> Epoch[34]: Loss: 0.3302 || Learning rate: lr=0.0001.

  Face Loss Components (iter 0):
    Reconstruction: 0.0104
    Contrastive:    0.0326
    Triplet:        0.0000
    Total:          0.0430

  Face Loss Components (iter 100):
    Reconstruction: 0.0056
    Contrastive:    0.0187
    Triplet:        0.0000
    Total:          0.0243

  Face Loss Components (iter 200):
    Reconstruction: 0.0107
    Contrastive:    0.0127
    Triplet:        0.0000
    Total:          0.0234

  Face Loss Components (iter 300):
    Reconstruction: 0.0112
    Contrastive:    0.0125
    Triplet:        0.0000
    Total:          0.0237

  Face Loss Components (iter 400):
    Reconstruction: 0.0107
    Contrastive:    0.0173
    Triplet:        0.0000
    Total:          0.0280

  Face Loss Components (iter 500):
    Reconstruction: 0.0109
    Contrastive:    0.0152
    Triplet:        0.0000
    Total:          0.0261

  Face Loss Components (iter 600):
    Reconstruction: 0.0095
    Contrastive:    0.0085
    Triplet:        0.0000
    Total:          0.0179

  Face Loss Components (iter 700):
    Reconstruction: 0.0107
    Contrastive:    0.0339
    Triplet:        0.0000
    Total:          0.0445

  Face Loss Components (iter 800):
    Reconstruction: 0.0097
    Contrastive:    0.0028
    Triplet:        0.0000
    Total:          0.0125

  Face Loss Components (iter 900):
    Reconstruction: 0.0088
    Contrastive:    0.0154
    Triplet:        0.0000
    Total:          0.0242

  Face Loss Components (iter 1000):
    Reconstruction: 0.0125
    Contrastive:    0.0101
    Triplet:        0.0000
    Total:          0.0226

  Face Loss Components (iter 1100):
    Reconstruction: 0.0101
    Contrastive:    0.0048
    Triplet:        0.0000
    Total:          0.0149

  Face Loss Components (iter 1200):
    Reconstruction: 0.0120
    Contrastive:    0.0040
    Triplet:        0.0000
    Total:          0.0160

  Face Loss Components (iter 1300):
    Reconstruction: 0.0065
    Contrastive:    0.0109
    Triplet:        0.0000
    Total:          0.0174

  Face Loss Components (iter 1400):
    Reconstruction: 0.0126
    Contrastive:    0.0067
    Triplet:        0.0000
    Total:          0.0192

  Face Loss Components (iter 1500):
    Reconstruction: 0.0096
    Contrastive:    0.0285
    Triplet:        0.0000
    Total:          0.0381

  Face Loss Components (iter 1600):
    Reconstruction: 0.0153
    Contrastive:    0.0145
    Triplet:        0.0000
    Total:          0.0298

  Face Loss Components (iter 1700):
    Reconstruction: 0.0115
    Contrastive:    0.0114
    Triplet:        0.0000
    Total:          0.0230

  Face Loss Components (iter 1800):
    Reconstruction: 0.0148
    Contrastive:    0.0104
    Triplet:        0.0000
    Total:          0.0252

  Face Loss Components (iter 1900):
    Reconstruction: 0.0106
    Contrastive:    0.0046
    Triplet:        0.0000
    Total:          0.0152

  Face Loss Components (iter 2000):
    Reconstruction: 0.0058
    Contrastive:    0.0086
    Triplet:        0.0000
    Total:          0.0144

  Face Loss Components (iter 2100):
    Reconstruction: 0.0124
    Contrastive:    0.0218
    Triplet:        0.0000
    Total:          0.0342

  Face Loss Components (iter 2200):
    Reconstruction: 0.0115
    Contrastive:    0.0248
    Triplet:        0.0000
    Total:          0.0363

  Face Loss Components (iter 2300):
    Reconstruction: 0.0105
    Contrastive:    0.0077
    Triplet:        0.0000
    Total:          0.0182

  Face Loss Components (iter 2400):
    Reconstruction: 0.0101
    Contrastive:    0.0097
    Triplet:        0.0000
    Total:          0.0199

  Face Loss Components (iter 2500):
    Reconstruction: 0.0094
    Contrastive:    0.0194
    Triplet:        0.0000
    Total:          0.0289
===> Epoch[35]: Loss: 0.3302 || Learning rate: lr=0.0001.

  Face Loss Components (iter 0):
    Reconstruction: 0.0092
    Contrastive:    0.0190
    Triplet:        0.0000
    Total:          0.0282

  Face Loss Components (iter 100):
    Reconstruction: 0.0129
    Contrastive:    0.0132
    Triplet:        0.0000
    Total:          0.0262

  Face Loss Components (iter 200):
    Reconstruction: 0.0081
    Contrastive:    0.0067
    Triplet:        0.0000
    Total:          0.0148

  Face Loss Components (iter 300):
    Reconstruction: 0.0071
    Contrastive:    0.0067
    Triplet:        0.0000
    Total:          0.0138

  Face Loss Components (iter 400):
    Reconstruction: 0.0136
    Contrastive:    0.0263
    Triplet:        0.0000
    Total:          0.0398

  Face Loss Components (iter 500):
    Reconstruction: 0.0063
    Contrastive:    0.0361
    Triplet:        0.0000
    Total:          0.0424

  Face Loss Components (iter 600):
    Reconstruction: 0.0060
    Contrastive:    0.0057
    Triplet:        0.0000
    Total:          0.0118

  Face Loss Components (iter 700):
    Reconstruction: 0.0088
    Contrastive:    0.0218
    Triplet:        0.0000
    Total:          0.0305

  Face Loss Components (iter 800):
    Reconstruction: 0.0099
    Contrastive:    0.0160
    Triplet:        0.0000
    Total:          0.0259

  Face Loss Components (iter 900):
    Reconstruction: 0.0039
    Contrastive:    0.0181
    Triplet:        0.0000
    Total:          0.0219

  Face Loss Components (iter 1000):
    Reconstruction: 0.0134
    Contrastive:    0.0045
    Triplet:        0.0000
    Total:          0.0179

  Face Loss Components (iter 1100):
    Reconstruction: 0.0139
    Contrastive:    0.0264
    Triplet:        0.0000
    Total:          0.0403

  Face Loss Components (iter 1200):
    Reconstruction: 0.0115
    Contrastive:    0.0090
    Triplet:        0.0000
    Total:          0.0205

  Face Loss Components (iter 1300):
    Reconstruction: 0.0084
    Contrastive:    0.0212
    Triplet:        0.0000
    Total:          0.0296

  Face Loss Components (iter 1400):
    Reconstruction: 0.0097
    Contrastive:    0.0119
    Triplet:        0.0000
    Total:          0.0216

  Face Loss Components (iter 1500):
    Reconstruction: 0.0127
    Contrastive:    0.0218
    Triplet:        0.0000
    Total:          0.0344

  Face Loss Components (iter 1600):
    Reconstruction: 0.0082
    Contrastive:    0.0256
    Triplet:        0.0000
    Total:          0.0338

  Face Loss Components (iter 1700):
    Reconstruction: 0.0116
    Contrastive:    0.0155
    Triplet:        0.0000
    Total:          0.0271

  Face Loss Components (iter 1800):
    Reconstruction: 0.0097
    Contrastive:    0.0061
    Triplet:        0.0000
    Total:          0.0159

  Face Loss Components (iter 1900):
    Reconstruction: 0.0125
    Contrastive:    0.0029
    Triplet:        0.0000
    Total:          0.0154

  Face Loss Components (iter 2000):
    Reconstruction: 0.0055
    Contrastive:    0.0212
    Triplet:        0.0000
    Total:          0.0267

  Face Loss Components (iter 2100):
    Reconstruction: 0.0143
    Contrastive:    0.0109
    Triplet:        0.0000
    Total:          0.0252

  Face Loss Components (iter 2200):
    Reconstruction: 0.0067
    Contrastive:    0.0070
    Triplet:        0.0000
    Total:          0.0137

  Face Loss Components (iter 2300):
    Reconstruction: 0.0149
    Contrastive:    0.0326
    Triplet:        0.0000
    Total:          0.0475

  Face Loss Components (iter 2400):
    Reconstruction: 0.0058
    Contrastive:    0.0422
    Triplet:        0.0000
    Total:          0.0480

  Face Loss Components (iter 2500):
    Reconstruction: 0.0115
    Contrastive:    0.0247
    Triplet:        0.0000
    Total:          0.0362
===> Epoch[36]: Loss: 0.3288 || Learning rate: lr=9.98200545526992e-05.

  Face Loss Components (iter 0):
    Reconstruction: 0.0123
    Contrastive:    0.0192
    Triplet:        0.0000
    Total:          0.0315

  Face Loss Components (iter 100):
    Reconstruction: 0.0114
    Contrastive:    0.0124
    Triplet:        0.0000
    Total:          0.0237

  Face Loss Components (iter 200):
    Reconstruction: 0.0096
    Contrastive:    0.0063
    Triplet:        0.0000
    Total:          0.0159

  Face Loss Components (iter 300):
    Reconstruction: 0.0095
    Contrastive:    0.0053
    Triplet:        0.0000
    Total:          0.0148

  Face Loss Components (iter 400):
    Reconstruction: 0.0106
    Contrastive:    0.0226
    Triplet:        0.0000
    Total:          0.0332

  Face Loss Components (iter 500):
    Reconstruction: 0.0098
    Contrastive:    0.0167
    Triplet:        0.0000
    Total:          0.0264

  Face Loss Components (iter 600):
    Reconstruction: 0.0072
    Contrastive:    0.0139
    Triplet:        0.0000
    Total:          0.0211

  Face Loss Components (iter 700):
    Reconstruction: 0.0105
    Contrastive:    0.0138
    Triplet:        0.0000
    Total:          0.0243

  Face Loss Components (iter 800):
    Reconstruction: 0.0091
    Contrastive:    0.0083
    Triplet:        0.0000
    Total:          0.0174

  Face Loss Components (iter 900):
    Reconstruction: 0.0083
    Contrastive:    0.0058
    Triplet:        0.0000
    Total:          0.0141

  Face Loss Components (iter 1000):
    Reconstruction: 0.0114
    Contrastive:    0.0076
    Triplet:        0.0000
    Total:          0.0191

  Face Loss Components (iter 1100):
    Reconstruction: 0.0129
    Contrastive:    0.0125
    Triplet:        0.0000
    Total:          0.0253

  Face Loss Components (iter 1200):
    Reconstruction: 0.0070
    Contrastive:    0.0268
    Triplet:        0.0000
    Total:          0.0338

  Face Loss Components (iter 1300):
    Reconstruction: 0.0037
    Contrastive:    0.0024
    Triplet:        0.0000
    Total:          0.0061

  Face Loss Components (iter 1400):
    Reconstruction: 0.0142
    Contrastive:    0.0158
    Triplet:        0.0000
    Total:          0.0300

  Face Loss Components (iter 1500):
    Reconstruction: 0.0059
    Contrastive:    0.0140
    Triplet:        0.0000
    Total:          0.0199

  Face Loss Components (iter 1600):
    Reconstruction: 0.0111
    Contrastive:    0.0144
    Triplet:        0.0000
    Total:          0.0255

  Face Loss Components (iter 1700):
    Reconstruction: 0.0125
    Contrastive:    0.0194
    Triplet:        0.0000
    Total:          0.0319

  Face Loss Components (iter 1800):
    Reconstruction: 0.0107
    Contrastive:    0.0230
    Triplet:        0.0000
    Total:          0.0337

  Face Loss Components (iter 1900):
    Reconstruction: 0.0122
    Contrastive:    0.0077
    Triplet:        0.0000
    Total:          0.0198

  Face Loss Components (iter 2000):
    Reconstruction: 0.0102
    Contrastive:    0.0194
    Triplet:        0.0000
    Total:          0.0296

  Face Loss Components (iter 2100):
    Reconstruction: 0.0103
    Contrastive:    0.0187
    Triplet:        0.0000
    Total:          0.0290

  Face Loss Components (iter 2200):
    Reconstruction: 0.0087
    Contrastive:    0.0147
    Triplet:        0.0000
    Total:          0.0234

  Face Loss Components (iter 2300):
    Reconstruction: 0.0098
    Contrastive:    0.0177
    Triplet:        0.0000
    Total:          0.0275

  Face Loss Components (iter 2400):
    Reconstruction: 0.0071
    Contrastive:    0.0118
    Triplet:        0.0000
    Total:          0.0188

  Face Loss Components (iter 2500):
    Reconstruction: 0.0098
    Contrastive:    0.0107
    Triplet:        0.0000
    Total:          0.0205
===> Epoch[37]: Loss: 0.3276 || Learning rate: lr=9.928151472186805e-05.

  Face Loss Components (iter 0):
    Reconstruction: 0.0138
    Contrastive:    0.0116
    Triplet:        0.0000
    Total:          0.0255

  Face Loss Components (iter 100):
    Reconstruction: 0.0096
    Contrastive:    0.0306
    Triplet:        0.0000
    Total:          0.0402

  Face Loss Components (iter 200):
    Reconstruction: 0.0063
    Contrastive:    0.0062
    Triplet:        0.0000
    Total:          0.0125

  Face Loss Components (iter 300):
    Reconstruction: 0.0084
    Contrastive:    0.0054
    Triplet:        0.0000
    Total:          0.0138

  Face Loss Components (iter 400):
    Reconstruction: 0.0140
    Contrastive:    0.0085
    Triplet:        0.0000
    Total:          0.0225

  Face Loss Components (iter 500):
    Reconstruction: 0.0154
    Contrastive:    0.0143
    Triplet:        0.0000
    Total:          0.0298

  Face Loss Components (iter 600):
    Reconstruction: 0.0143
    Contrastive:    0.0075
    Triplet:        0.0000
    Total:          0.0218

  Face Loss Components (iter 700):
    Reconstruction: 0.0097
    Contrastive:    0.0120
    Triplet:        0.0000
    Total:          0.0216

  Face Loss Components (iter 800):
    Reconstruction: 0.0081
    Contrastive:    0.0162
    Triplet:        0.0000
    Total:          0.0243

  Face Loss Components (iter 900):
    Reconstruction: 0.0088
    Contrastive:    0.0042
    Triplet:        0.0000
    Total:          0.0130

  Face Loss Components (iter 1000):
    Reconstruction: 0.0098
    Contrastive:    0.0154
    Triplet:        0.0000
    Total:          0.0252

  Face Loss Components (iter 1100):
    Reconstruction: 0.0122
    Contrastive:    0.0190
    Triplet:        0.0000
    Total:          0.0312

  Face Loss Components (iter 1200):
    Reconstruction: 0.0046
    Contrastive:    0.0068
    Triplet:        0.0000
    Total:          0.0114

  Face Loss Components (iter 1300):
    Reconstruction: 0.0098
    Contrastive:    0.0260
    Triplet:        0.0000
    Total:          0.0358

  Face Loss Components (iter 1400):
    Reconstruction: 0.0077
    Contrastive:    0.0493
    Triplet:        0.0000
    Total:          0.0570

  Face Loss Components (iter 1500):
    Reconstruction: 0.0067
    Contrastive:    0.0093
    Triplet:        0.0000
    Total:          0.0160

  Face Loss Components (iter 1600):
    Reconstruction: 0.0087
    Contrastive:    0.0362
    Triplet:        0.0000
    Total:          0.0449

  Face Loss Components (iter 1700):
    Reconstruction: 0.0099
    Contrastive:    0.0121
    Triplet:        0.0000
    Total:          0.0220

  Face Loss Components (iter 1800):
    Reconstruction: 0.0108
    Contrastive:    0.0161
    Triplet:        0.0000
    Total:          0.0268

  Face Loss Components (iter 1900):
    Reconstruction: 0.0093
    Contrastive:    0.0105
    Triplet:        0.0000
    Total:          0.0198

  Face Loss Components (iter 2000):
    Reconstruction: 0.0102
    Contrastive:    0.0251
    Triplet:        0.0000
    Total:          0.0353

  Face Loss Components (iter 2100):
    Reconstruction: 0.0126
    Contrastive:    0.0154
    Triplet:        0.0000
    Total:          0.0279

  Face Loss Components (iter 2200):
    Reconstruction: 0.0092
    Contrastive:    0.0197
    Triplet:        0.0000
    Total:          0.0290

  Face Loss Components (iter 2300):
    Reconstruction: 0.0121
    Contrastive:    0.0117
    Triplet:        0.0000
    Total:          0.0238

  Face Loss Components (iter 2400):
    Reconstruction: 0.0114
    Contrastive:    0.0277
    Triplet:        0.0000
    Total:          0.0392

  Face Loss Components (iter 2500):
    Reconstruction: 0.0120
    Contrastive:    0.0118
    Triplet:        0.0000
    Total:          0.0237
===> Epoch[38]: Loss: 0.3263 || Learning rate: lr=9.838826069932828e-05.

  Face Loss Components (iter 0):
    Reconstruction: 0.0122
    Contrastive:    0.0339
    Triplet:        0.0000
    Total:          0.0461

  Face Loss Components (iter 100):
    Reconstruction: 0.0070
    Contrastive:    0.0240
    Triplet:        0.0000
    Total:          0.0310

  Face Loss Components (iter 200):
    Reconstruction: 0.0081
    Contrastive:    0.0213
    Triplet:        0.0000
    Total:          0.0295

  Face Loss Components (iter 300):
    Reconstruction: 0.0077
    Contrastive:    0.0239
    Triplet:        0.0000
    Total:          0.0317

  Face Loss Components (iter 400):
    Reconstruction: 0.0123
    Contrastive:    0.0103
    Triplet:        0.0000
    Total:          0.0226

  Face Loss Components (iter 500):
    Reconstruction: 0.0062
    Contrastive:    0.0061
    Triplet:        0.0000
    Total:          0.0123

  Face Loss Components (iter 600):
    Reconstruction: 0.0098
    Contrastive:    0.0042
    Triplet:        0.0000
    Total:          0.0140

  Face Loss Components (iter 700):
    Reconstruction: 0.0113
    Contrastive:    0.0063
    Triplet:        0.0000
    Total:          0.0177

  Face Loss Components (iter 800):
    Reconstruction: 0.0082
    Contrastive:    0.0247
    Triplet:        0.0000
    Total:          0.0328

  Face Loss Components (iter 900):
    Reconstruction: 0.0053
    Contrastive:    0.0137
    Triplet:        0.0000
    Total:          0.0189

  Face Loss Components (iter 1000):
    Reconstruction: 0.0065
    Contrastive:    0.0040
    Triplet:        0.0000
    Total:          0.0104

  Face Loss Components (iter 1100):
    Reconstruction: 0.0098
    Contrastive:    0.0117
    Triplet:        0.0000
    Total:          0.0214

  Face Loss Components (iter 1200):
    Reconstruction: 0.0072
    Contrastive:    0.0017
    Triplet:        0.0000
    Total:          0.0090

  Face Loss Components (iter 1300):
    Reconstruction: 0.0068
    Contrastive:    0.0203
    Triplet:        0.0000
    Total:          0.0271

  Face Loss Components (iter 1400):
    Reconstruction: 0.0113
    Contrastive:    0.0045
    Triplet:        0.0000
    Total:          0.0158

  Face Loss Components (iter 1500):
    Reconstruction: 0.0063
    Contrastive:    0.0289
    Triplet:        0.0000
    Total:          0.0352

  Face Loss Components (iter 1600):
    Reconstruction: 0.0142
    Contrastive:    0.0116
    Triplet:        0.0000
    Total:          0.0258

  Face Loss Components (iter 1700):
    Reconstruction: 0.0078
    Contrastive:    0.0099
    Triplet:        0.0000
    Total:          0.0176

  Face Loss Components (iter 1800):
    Reconstruction: 0.0046
    Contrastive:    0.0420
    Triplet:        0.0000
    Total:          0.0466

  Face Loss Components (iter 1900):
    Reconstruction: 0.0120
    Contrastive:    0.0027
    Triplet:        0.0000
    Total:          0.0146

  Face Loss Components (iter 2000):
    Reconstruction: 0.0130
    Contrastive:    0.0190
    Triplet:        0.0000
    Total:          0.0320

  Face Loss Components (iter 2100):
    Reconstruction: 0.0124
    Contrastive:    0.0206
    Triplet:        0.0000
    Total:          0.0330

  Face Loss Components (iter 2200):
    Reconstruction: 0.0123
    Contrastive:    0.0228
    Triplet:        0.0000
    Total:          0.0351

  Face Loss Components (iter 2300):
    Reconstruction: 0.0070
    Contrastive:    0.0206
    Triplet:        0.0000
    Total:          0.0277

  Face Loss Components (iter 2400):
    Reconstruction: 0.0111
    Contrastive:    0.0488
    Triplet:        0.0000
    Total:          0.0600

  Face Loss Components (iter 2500):
    Reconstruction: 0.0142
    Contrastive:    0.0074
    Triplet:        0.0000
    Total:          0.0216
===> Epoch[39]: Loss: 0.3251 || Learning rate: lr=9.714672840078116e-05.
/home/hpc4090/jamal_fr/eval.py:40: FutureWarning: You are using `torch.load` with `weights_only=False` (the current default value), which uses the default pickle module implicitly. It is possible to construct malicious pickle data which will execute arbitrary code during unpickling (See https://github.com/pytorch/pytorch/blob/main/SECURITY.md#untrusted-models for more details). In a future release, the default value for `weights_only` will be flipped to `True`. This limits the functions that could be executed during unpickling. Arbitrary objects will no longer be allowed to be loaded via this mode unless they are explicitly allowlisted by the user via `torch.serialization.add_safe_globals`. We recommend you start setting `weights_only=True` for any use case where you don't have full control of the loaded file. Please open an issue on GitHub for any issues related to this experimental feature.
  model.load_state_dict(torch.load(model_path, map_location=lambda storage, loc: storage))

  Face Loss Components (iter 0):
    Reconstruction: 0.0104
    Contrastive:    0.0096
    Triplet:        0.0000
    Total:          0.0200

  Face Loss Components (iter 100):
    Reconstruction: 0.0083
    Contrastive:    0.0292
    Triplet:        0.0000
    Total:          0.0376

  Face Loss Components (iter 200):
    Reconstruction: 0.0028
    Contrastive:    0.0136
    Triplet:        0.0000
    Total:          0.0165

  Face Loss Components (iter 300):
    Reconstruction: 0.0092
    Contrastive:    0.0217
    Triplet:        0.0000
    Total:          0.0310

  Face Loss Components (iter 400):
    Reconstruction: 0.0116
    Contrastive:    0.0192
    Triplet:        0.0000
    Total:          0.0308

  Face Loss Components (iter 500):
    Reconstruction: 0.0087
    Contrastive:    0.0176
    Triplet:        0.0000
    Total:          0.0262

  Face Loss Components (iter 600):
    Reconstruction: 0.0098
    Contrastive:    0.0229
    Triplet:        0.0000
    Total:          0.0326

  Face Loss Components (iter 700):
    Reconstruction: 0.0111
    Contrastive:    0.0134
    Triplet:        0.0000
    Total:          0.0245

  Face Loss Components (iter 800):
    Reconstruction: 0.0130
    Contrastive:    0.0075
    Triplet:        0.0000
    Total:          0.0205

  Face Loss Components (iter 900):
    Reconstruction: 0.0122
    Contrastive:    0.0354
    Triplet:        0.0000
    Total:          0.0475

  Face Loss Components (iter 1000):
    Reconstruction: 0.0103
    Contrastive:    0.0147
    Triplet:        0.0000
    Total:          0.0250

  Face Loss Components (iter 1100):
    Reconstruction: 0.0092
    Contrastive:    0.0153
    Triplet:        0.0000
    Total:          0.0245

  Face Loss Components (iter 1200):
    Reconstruction: 0.0130
    Contrastive:    0.0085
    Triplet:        0.0000
    Total:          0.0215

  Face Loss Components (iter 1300):
    Reconstruction: 0.0077
    Contrastive:    0.0120
    Triplet:        0.0000
    Total:          0.0197

  Face Loss Components (iter 1400):
    Reconstruction: 0.0113
    Contrastive:    0.0117
    Triplet:        0.0000
    Total:          0.0229

  Face Loss Components (iter 1500):
    Reconstruction: 0.0096
    Contrastive:    0.0183
    Triplet:        0.0000
    Total:          0.0279

  Face Loss Components (iter 1600):
    Reconstruction: 0.0101
    Contrastive:    0.0125
    Triplet:        0.0000
    Total:          0.0225

  Face Loss Components (iter 1700):
    Reconstruction: 0.0126
    Contrastive:    0.0102
    Triplet:        0.0000
    Total:          0.0228

  Face Loss Components (iter 1800):
    Reconstruction: 0.0087
    Contrastive:    0.0121
    Triplet:        0.0000
    Total:          0.0208

  Face Loss Components (iter 1900):
    Reconstruction: 0.0110
    Contrastive:    0.0148
    Triplet:        0.0000
    Total:          0.0258

  Face Loss Components (iter 2000):
    Reconstruction: 0.0136
    Contrastive:    0.0106
    Triplet:        0.0000
    Total:          0.0242

  Face Loss Components (iter 2100):
    Reconstruction: 0.0110
    Contrastive:    0.0045
    Triplet:        0.0000
    Total:          0.0155

  Face Loss Components (iter 2200):
    Reconstruction: 0.0078
    Contrastive:    0.0154
    Triplet:        0.0000
    Total:          0.0232

  Face Loss Components (iter 2300):
    Reconstruction: 0.0116
    Contrastive:    0.0041
    Triplet:        0.0000
    Total:          0.0157

  Face Loss Components (iter 2400):
    Reconstruction: 0.0052
    Contrastive:    0.0095
    Triplet:        0.0000
    Total:          0.0147

  Face Loss Components (iter 2500):
    Reconstruction: 0.0133
    Contrastive:    0.0063
    Triplet:        0.0000
    Total:          0.0196
===> Epoch[40]: Loss: 0.3238 || Learning rate: lr=9.556586309488739e-05.
Checkpoint saved to ./weights/train/epoch_40.pth
Pre-trained model is loaded.
Evaluation:
/home/hpc4090/miniconda3/envs/jamal/lib/python3.12/site-packages/torchvision/models/_utils.py:223: UserWarning: Arguments other than a weight enum or `None` for 'weights' are deprecated since 0.13 and may be removed in the future. The current behavior is equivalent to passing `weights=AlexNet_Weights.IMAGENET1K_V1`. You can also use `weights=AlexNet_Weights.DEFAULT` to get the most up-to-date weights.
  warnings.warn(msg)
/home/hpc4090/miniconda3/envs/jamal/lib/python3.12/site-packages/lpips/lpips.py:107: FutureWarning: You are using `torch.load` with `weights_only=False` (the current default value), which uses the default pickle module implicitly. It is possible to construct malicious pickle data which will execute arbitrary code during unpickling (See https://github.com/pytorch/pytorch/blob/main/SECURITY.md#untrusted-models for more details). In a future release, the default value for `weights_only` will be flipped to `True`. This limits the functions that could be executed during unpickling. Arbitrary objects will no longer be allowed to be loaded via this mode unless they are explicitly allowlisted by the user via `torch.serialization.add_safe_globals`. We recommend you start setting `weights_only=True` for any use case where you don't have full control of the loaded file. Please open an issue on GitHub for any issues related to this experimental feature.
  self.load_state_dict(torch.load(model_path, map_location='cpu'), strict=False)
===> End evaluation
Setting up [LPIPS] perceptual loss: trunk [alex], v[0.1], spatial [off]
Loading model from: /home/hpc4090/miniconda3/envs/jamal/lib/python3.12/site-packages/lpips/weights/v0.1/alex.pth
===> Avg.PSNR: 30.7840 dB 
===> Avg.SSIM: 0.9017 
===> Avg.LPIPS: 0.0913 
[30.784045991965485]
[0.9017468901473297]
[0.0912907000087695]

  Face Loss Components (iter 0):
    Reconstruction: 0.0097
    Contrastive:    0.0049
    Triplet:        0.0000
    Total:          0.0147

  Face Loss Components (iter 100):
    Reconstruction: 0.0110
    Contrastive:    0.0217
    Triplet:        0.0000
    Total:          0.0327

  Face Loss Components (iter 200):
    Reconstruction: 0.0064
    Contrastive:    0.0164
    Triplet:        0.0000
    Total:          0.0228

  Face Loss Components (iter 300):
    Reconstruction: 0.0068
    Contrastive:    0.0084
    Triplet:        0.0000
    Total:          0.0153

  Face Loss Components (iter 400):
    Reconstruction: 0.0112
    Contrastive:    0.0268
    Triplet:        0.0000
    Total:          0.0380

  Face Loss Components (iter 500):
    Reconstruction: 0.0111
    Contrastive:    0.0219
    Triplet:        0.0000
    Total:          0.0329

  Face Loss Components (iter 600):
    Reconstruction: 0.0077
    Contrastive:    0.0050
    Triplet:        0.0000
    Total:          0.0126

  Face Loss Components (iter 700):
    Reconstruction: 0.0085
    Contrastive:    0.0150
    Triplet:        0.0000
    Total:          0.0235

  Face Loss Components (iter 800):
    Reconstruction: 0.0096
    Contrastive:    0.0134
    Triplet:        0.0000
    Total:          0.0230

  Face Loss Components (iter 900):
    Reconstruction: 0.0104
    Contrastive:    0.0090
    Triplet:        0.0000
    Total:          0.0194

  Face Loss Components (iter 1000):
    Reconstruction: 0.0083
    Contrastive:    0.0077
    Triplet:        0.0000
    Total:          0.0160

  Face Loss Components (iter 1100):
    Reconstruction: 0.0133
    Contrastive:    0.0523
    Triplet:        0.0000
    Total:          0.0656

  Face Loss Components (iter 1200):
    Reconstruction: 0.0081
    Contrastive:    0.0022
    Triplet:        0.0000
    Total:          0.0103

  Face Loss Components (iter 1300):
    Reconstruction: 0.0085
    Contrastive:    0.0214
    Triplet:        0.0000
    Total:          0.0299

  Face Loss Components (iter 1400):
    Reconstruction: 0.0081
    Contrastive:    0.0276
    Triplet:        0.0000
    Total:          0.0357

  Face Loss Components (iter 1500):
    Reconstruction: 0.0090
    Contrastive:    0.0520
    Triplet:        0.0000
    Total:          0.0610

  Face Loss Components (iter 1600):
    Reconstruction: 0.0102
    Contrastive:    0.0009
    Triplet:        0.0000
    Total:          0.0111

  Face Loss Components (iter 1700):
    Reconstruction: 0.0153
    Contrastive:    0.0084
    Triplet:        0.0000
    Total:          0.0236

  Face Loss Components (iter 1800):
    Reconstruction: 0.0090
    Contrastive:    0.0089
    Triplet:        0.0000
    Total:          0.0179

  Face Loss Components (iter 1900):
    Reconstruction: 0.0077
    Contrastive:    0.0178
    Triplet:        0.0000
    Total:          0.0255

  Face Loss Components (iter 2000):
    Reconstruction: 0.0097
    Contrastive:    0.0340
    Triplet:        0.0000
    Total:          0.0438

  Face Loss Components (iter 2100):
    Reconstruction: 0.0098
    Contrastive:    0.0145
    Triplet:        0.0000
    Total:          0.0242

  Face Loss Components (iter 2200):
    Reconstruction: 0.0150
    Contrastive:    0.0167
    Triplet:        0.0000
    Total:          0.0316

  Face Loss Components (iter 2300):
    Reconstruction: 0.0107
    Contrastive:    0.0046
    Triplet:        0.0000
    Total:          0.0153

  Face Loss Components (iter 2400):
    Reconstruction: 0.0063
    Contrastive:    0.0146
    Triplet:        0.0000
    Total:          0.0209

  Face Loss Components (iter 2500):
    Reconstruction: 0.0136
    Contrastive:    0.0012
    Triplet:        0.0000
    Total:          0.0148
===> Epoch[41]: Loss: 0.3226 || Learning rate: lr=9.365705495240135e-05.




[0;34m[STEP 3] Training Models...[0m

[0;32m[Sun Feb  1 05:51:52 PM UTC 2026] Starting training: face_loss5[0m
[1;33mRunning: make face_loss5[0m

TQDM_DISABLE=1 python train.py --lfw --data_train_lfw=datasets/LFW_multilevel/train_mixed \
	--data_val_lfw=datasets/LFW_multilevel/val_mixed \
	--data_valgt_lfw=datasets/LFW_multilevel/val_mixed/high --D_weight=1.5 \
	--batchSize=8 --nEpochs=70 --use_face_loss --FR_weight=0.5 --start_epoch=40
/home/hpc4090/jamal_fr/train.py:372: FutureWarning: You are using `torch.load` with `weights_only=False` (the current default value), which uses the default pickle module implicitly. It is possible to construct malicious pickle data which will execute arbitrary code during unpickling (See https://github.com/pytorch/pytorch/blob/main/SECURITY.md#untrusted-models for more details). In a future release, the default value for `weights_only` will be flipped to `True`. This limits the functions that could be executed during unpickling. Arbitrary objects will no longer be allowed to be loaded via this mode unless they are explicitly allowlisted by the user via `torch.serialization.add_safe_globals`. We recommend you start setting `weights_only=True` for any use case where you don't have full control of the loaded file. Please open an issue on GitHub for any issues related to this experimental feature.
  model.load_state_dict(torch.load(pth, map_location=lambda storage, loc: storage))
/home/hpc4090/miniconda3/envs/jamal/lib/python3.12/site-packages/torchvision/models/_utils.py:208: UserWarning: The parameter 'pretrained' is deprecated since 0.13 and may be removed in the future, please use 'weights' instead.
  warnings.warn(
/home/hpc4090/miniconda3/envs/jamal/lib/python3.12/site-packages/torchvision/models/_utils.py:223: UserWarning: Arguments other than a weight enum or `None` for 'weights' are deprecated since 0.13 and may be removed in the future. The current behavior is equivalent to passing `weights=VGG19_Weights.IMAGENET1K_V1`. You can also use `weights=VGG19_Weights.DEFAULT` to get the most up-to-date weights.
  warnings.warn(msg)
CUDA_LAUNCH_BLOCKING enabled for debugging
===> Loading datasets
[LFW Dataset] Loaded 20658 image pairs from datasets/LFW_multilevel/train_mixed
[LFW Eval Dataset] Loaded 3654 image pairs from datasets/LFW_multilevel/val_mixed
===> Building model 
===> Resuming from epoch 40
===> Initializing Discriminative Multi-Level Face Loss
Initialized DiscriminativeMultiLevelFaceLoss:
  Layers: ['layer2', 'layer3', 'layer4', 'fc']
  Contrastive: True (margin=0.4)
  Triplet: True (margin=0.2)
===> Discriminative Multi-Level Face Loss enabled with weight=0.5
     Architecture: ir_50
     Features: ['layer2', 'layer3', 'layer4', 'fc']
     Contrastive: margin=0.4, weight=1.0, temp=0.07
     Triplet: margin=0.2, weight=0.5

  Face Loss Components (iter 0):
    Reconstruction: 0.0075
    Contrastive:    0.0009
    Triplet:        0.0000
    Total:          0.0084

  Face Loss Components (iter 100):
    Reconstruction: 0.0163
    Contrastive:    0.0123
    Triplet:        0.0000
    Total:          0.0287

  Face Loss Components (iter 200):
    Reconstruction: 0.0153
    Contrastive:    0.0033
    Triplet:        0.0000
    Total:          0.0187

  Face Loss Components (iter 300):
    Reconstruction: 0.0164
    Contrastive:    0.0043
    Triplet:        0.0000
    Total:          0.0207

  Face Loss Components (iter 400):
    Reconstruction: 0.0062
    Contrastive:    0.0054
    Triplet:        0.0000
    Total:          0.0116

  Face Loss Components (iter 500):
    Reconstruction: 0.0102
    Contrastive:    0.0101
    Triplet:        0.0000
    Total:          0.0203

  Face Loss Components (iter 600):
    Reconstruction: 0.0153
    Contrastive:    0.0083
    Triplet:        0.0000
    Total:          0.0236

  Face Loss Components (iter 700):
    Reconstruction: 0.0208
    Contrastive:    0.0029
    Triplet:        0.0000
    Total:          0.0237

  Face Loss Components (iter 800):
    Reconstruction: 0.0101
    Contrastive:    0.0039
    Triplet:        0.0000
    Total:          0.0140

  Face Loss Components (iter 900):
    Reconstruction: 0.0089
    Contrastive:    0.0039
    Triplet:        0.0000
    Total:          0.0128

  Face Loss Components (iter 1000):
    Reconstruction: 0.0075
    Contrastive:    0.0060
    Triplet:        0.0000
    Total:          0.0135

  Face Loss Components (iter 1100):
    Reconstruction: 0.0100
    Contrastive:    0.0095
    Triplet:        0.0000
    Total:          0.0196

  Face Loss Components (iter 1200):
    Reconstruction: 0.0111
    Contrastive:    0.0040
    Triplet:        0.0000
    Total:          0.0152

  Face Loss Components (iter 1300):
    Reconstruction: 0.0111
    Contrastive:    0.0204
    Triplet:        0.0000
    Total:          0.0316

  Face Loss Components (iter 1400):
    Reconstruction: 0.0088
    Contrastive:    0.0159
    Triplet:        0.0000
    Total:          0.0247

  Face Loss Components (iter 1500):
    Reconstruction: 0.0180
    Contrastive:    0.0123
    Triplet:        0.0000
    Total:          0.0304

  Face Loss Components (iter 1600):
    Reconstruction: 0.0134
    Contrastive:    0.0079
    Triplet:        0.0000
    Total:          0.0213

  Face Loss Components (iter 1700):
    Reconstruction: 0.0100
    Contrastive:    0.0055
    Triplet:        0.0000
    Total:          0.0155

  Face Loss Components (iter 1800):
    Reconstruction: 0.0093
    Contrastive:    0.0034
    Triplet:        0.0000
    Total:          0.0127

  Face Loss Components (iter 1900):
    Reconstruction: 0.0147
    Contrastive:    0.0082
    Triplet:        0.0000
    Total:          0.0229

  Face Loss Components (iter 2000):
    Reconstruction: 0.0078
    Contrastive:    0.0094
    Triplet:        0.0000
    Total:          0.0172

  Face Loss Components (iter 2100):
    Reconstruction: 0.0125
    Contrastive:    0.0070
    Triplet:        0.0000
    Total:          0.0195

  Face Loss Components (iter 2200):
    Reconstruction: 0.0136
    Contrastive:    0.0015
    Triplet:        0.0000
    Total:          0.0151

  Face Loss Components (iter 2300):
    Reconstruction: 0.0107
    Contrastive:    0.0059
    Triplet:        0.0000
    Total:          0.0165

  Face Loss Components (iter 2400):
    Reconstruction: 0.0113
    Contrastive:    0.0100
    Triplet:        0.0000
    Total:          0.0212

  Face Loss Components (iter 2500):
    Reconstruction: 0.0188
    Contrastive:    0.0082
    Triplet:        0.0000
    Total:          0.0269
===> Epoch[41]: Loss: 7.1884 || Learning rate: lr=0.0.

  Face Loss Components (iter 0):
    Reconstruction: 0.0095
    Contrastive:    0.0089
    Triplet:        0.0000
    Total:          0.0184

  Face Loss Components (iter 100):
    Reconstruction: 0.0154
    Contrastive:    0.0121
    Triplet:        0.0000
    Total:          0.0274

  Face Loss Components (iter 200):
    Reconstruction: 0.0130
    Contrastive:    0.0096
    Triplet:        0.0000
    Total:          0.0226

  Face Loss Components (iter 300):
    Reconstruction: 0.0201
    Contrastive:    0.0019
    Triplet:        0.0000
    Total:          0.0219

  Face Loss Components (iter 400):
    Reconstruction: 0.0115
    Contrastive:    0.0061
    Triplet:        0.0000
    Total:          0.0176

  Face Loss Components (iter 500):
    Reconstruction: 0.0202
    Contrastive:    0.0038
    Triplet:        0.0000
    Total:          0.0240

  Face Loss Components (iter 600):
    Reconstruction: 0.0072
    Contrastive:    0.0131
    Triplet:        0.0000
    Total:          0.0203

  Face Loss Components (iter 700):
    Reconstruction: 0.0147
    Contrastive:    0.0122
    Triplet:        0.0000
    Total:          0.0269

  Face Loss Components (iter 800):
    Reconstruction: 0.0089
    Contrastive:    0.0078
    Triplet:        0.0000
    Total:          0.0167

  Face Loss Components (iter 900):
    Reconstruction: 0.0118
    Contrastive:    0.0216
    Triplet:        0.0000
    Total:          0.0334

  Face Loss Components (iter 1000):
    Reconstruction: 0.0084
    Contrastive:    0.0141
    Triplet:        0.0000
    Total:          0.0224

  Face Loss Components (iter 1100):
    Reconstruction: 0.0061
    Contrastive:    0.0086
    Triplet:        0.0000
    Total:          0.0146

  Face Loss Components (iter 1200):
    Reconstruction: 0.0126
    Contrastive:    0.0035
    Triplet:        0.0000
    Total:          0.0162

  Face Loss Components (iter 1300):
    Reconstruction: 0.0111
    Contrastive:    0.0087
    Triplet:        0.0000
    Total:          0.0197

  Face Loss Components (iter 1400):
    Reconstruction: 0.0101
    Contrastive:    0.0141
    Triplet:        0.0000
    Total:          0.0241

  Face Loss Components (iter 1500):
    Reconstruction: 0.0176
    Contrastive:    0.0069
    Triplet:        0.0000
    Total:          0.0245

  Face Loss Components (iter 1600):
    Reconstruction: 0.0118
    Contrastive:    0.0089
    Triplet:        0.0000
    Total:          0.0208

  Face Loss Components (iter 1700):
    Reconstruction: 0.0101
    Contrastive:    0.0087
    Triplet:        0.0000
    Total:          0.0188

  Face Loss Components (iter 1800):
    Reconstruction: 0.0103
    Contrastive:    0.0090
    Triplet:        0.0000
    Total:          0.0193

  Face Loss Components (iter 1900):
    Reconstruction: 0.0105
    Contrastive:    0.0092
    Triplet:        0.0000
    Total:          0.0197

  Face Loss Components (iter 2000):
    Reconstruction: 0.0045
    Contrastive:    0.0049
    Triplet:        0.0000
    Total:          0.0094

  Face Loss Components (iter 2100):
    Reconstruction: 0.0146
    Contrastive:    0.0116
    Triplet:        0.0000
    Total:          0.0263

  Face Loss Components (iter 2200):
    Reconstruction: 0.0133
    Contrastive:    0.0237
    Triplet:        0.0000
    Total:          0.0370

  Face Loss Components (iter 2300):
    Reconstruction: 0.0119
    Contrastive:    0.0059
    Triplet:        0.0000
    Total:          0.0178

  Face Loss Components (iter 2400):
    Reconstruction: 0.0139
    Contrastive:    0.0178
    Triplet:        0.0000
    Total:          0.0317

  Face Loss Components (iter 2500):
    Reconstruction: 0.0133
    Contrastive:    0.0044
    Triplet:        0.0000
    Total:          0.0177
===> Epoch[42]: Loss: 6.9284 || Learning rate: lr=3.3333333333333335e-05.

  Face Loss Components (iter 0):
    Reconstruction: 0.0095
    Contrastive:    0.0056
    Triplet:        0.0000
    Total:          0.0151

  Face Loss Components (iter 100):
    Reconstruction: 0.0109
    Contrastive:    0.0061
    Triplet:        0.0000
    Total:          0.0170

  Face Loss Components (iter 200):
    Reconstruction: 0.0105
    Contrastive:    0.0060
    Triplet:        0.0000
    Total:          0.0165

  Face Loss Components (iter 300):
    Reconstruction: 0.0111
    Contrastive:    0.0082
    Triplet:        0.0000
    Total:          0.0193

  Face Loss Components (iter 400):
    Reconstruction: 0.0140
    Contrastive:    0.0137
    Triplet:        0.0000
    Total:          0.0277

  Face Loss Components (iter 500):
    Reconstruction: 0.0102
    Contrastive:    0.0220
    Triplet:        0.0000
    Total:          0.0322

  Face Loss Components (iter 600):
    Reconstruction: 0.0137
    Contrastive:    0.0074
    Triplet:        0.0000
    Total:          0.0211

  Face Loss Components (iter 700):
    Reconstruction: 0.0090
    Contrastive:    0.0100
    Triplet:        0.0000
    Total:          0.0190

  Face Loss Components (iter 800):
    Reconstruction: 0.0084
    Contrastive:    0.0030
    Triplet:        0.0000
    Total:          0.0115

  Face Loss Components (iter 900):
    Reconstruction: 0.0137
    Contrastive:    0.0024
    Triplet:        0.0000
    Total:          0.0161

  Face Loss Components (iter 1000):
    Reconstruction: 0.0190
    Contrastive:    0.0086
    Triplet:        0.0000
    Total:          0.0276

  Face Loss Components (iter 1100):
    Reconstruction: 0.0119
    Contrastive:    0.0106
    Triplet:        0.0000
    Total:          0.0225

  Face Loss Components (iter 1200):
    Reconstruction: 0.0117
    Contrastive:    0.0145
    Triplet:        0.0000
    Total:          0.0262

  Face Loss Components (iter 1300):
    Reconstruction: 0.0132
    Contrastive:    0.0033
    Triplet:        0.0000
    Total:          0.0166

  Face Loss Components (iter 1400):
    Reconstruction: 0.0140
    Contrastive:    0.0080
    Triplet:        0.0000
    Total:          0.0220

  Face Loss Components (iter 1500):
    Reconstruction: 0.0137
    Contrastive:    0.0170
    Triplet:        0.0000
    Total:          0.0306

  Face Loss Components (iter 1600):
    Reconstruction: 0.0147
    Contrastive:    0.0390
    Triplet:        0.0000
    Total:          0.0537

  Face Loss Components (iter 1700):
    Reconstruction: 0.0132
    Contrastive:    0.0158
    Triplet:        0.0000
    Total:          0.0290

  Face Loss Components (iter 1800):
    Reconstruction: 0.0106
    Contrastive:    0.0074
    Triplet:        0.0000
    Total:          0.0180

  Face Loss Components (iter 1900):
    Reconstruction: 0.0175
    Contrastive:    0.0196
    Triplet:        0.0000
    Total:          0.0371

  Face Loss Components (iter 2000):
    Reconstruction: 0.0121
    Contrastive:    0.0073
    Triplet:        0.0000
    Total:          0.0194

  Face Loss Components (iter 2100):
    Reconstruction: 0.0074
    Contrastive:    0.0066
    Triplet:        0.0000
    Total:          0.0140

  Face Loss Components (iter 2200):
    Reconstruction: 0.0102
    Contrastive:    0.0159
    Triplet:        0.0000
    Total:          0.0261

  Face Loss Components (iter 2300):
    Reconstruction: 0.0109
    Contrastive:    0.0113
    Triplet:        0.0000
    Total:          0.0223

  Face Loss Components (iter 2400):
    Reconstruction: 0.0108
    Contrastive:    0.0071
    Triplet:        0.0000
    Total:          0.0179

  Face Loss Components (iter 2500):
    Reconstruction: 0.0144
    Contrastive:    0.0168
    Triplet:        0.0000
    Total:          0.0312
===> Epoch[43]: Loss: 6.9182 || Learning rate: lr=6.666666666666667e-05.

  Face Loss Components (iter 0):
    Reconstruction: 0.0106
    Contrastive:    0.0055
    Triplet:        0.0000
    Total:          0.0161

  Face Loss Components (iter 100):
    Reconstruction: 0.0114
    Contrastive:    0.0133
    Triplet:        0.0000
    Total:          0.0247

  Face Loss Components (iter 200):
    Reconstruction: 0.0157
    Contrastive:    0.0113
    Triplet:        0.0000
    Total:          0.0270

  Face Loss Components (iter 300):
    Reconstruction: 0.0115
    Contrastive:    0.0023
    Triplet:        0.0000
    Total:          0.0138

  Face Loss Components (iter 400):
    Reconstruction: 0.0071
    Contrastive:    0.0159
    Triplet:        0.0000
    Total:          0.0230

  Face Loss Components (iter 500):
    Reconstruction: 0.0158
    Contrastive:    0.0137
    Triplet:        0.0000
    Total:          0.0295

  Face Loss Components (iter 600):
    Reconstruction: 0.0197
    Contrastive:    0.0027
    Triplet:        0.0000
    Total:          0.0223

  Face Loss Components (iter 700):
    Reconstruction: 0.0106
    Contrastive:    0.0029
    Triplet:        0.0000
    Total:          0.0135

  Face Loss Components (iter 800):
    Reconstruction: 0.0155
    Contrastive:    0.0070
    Triplet:        0.0000
    Total:          0.0224

  Face Loss Components (iter 900):
    Reconstruction: 0.0110
    Contrastive:    0.0081
    Triplet:        0.0000
    Total:          0.0191

  Face Loss Components (iter 1000):
    Reconstruction: 0.0152
    Contrastive:    0.0065
    Triplet:        0.0000
    Total:          0.0217

  Face Loss Components (iter 1100):
    Reconstruction: 0.0142
    Contrastive:    0.0046
    Triplet:        0.0000
    Total:          0.0188

  Face Loss Components (iter 1200):
    Reconstruction: 0.0122
    Contrastive:    0.0074
    Triplet:        0.0000
    Total:          0.0196

  Face Loss Components (iter 1300):
    Reconstruction: 0.0099
    Contrastive:    0.0123
    Triplet:        0.0000
    Total:          0.0222

  Face Loss Components (iter 1400):
    Reconstruction: 0.0078
    Contrastive:    0.0043
    Triplet:        0.0000
    Total:          0.0121

  Face Loss Components (iter 1500):
    Reconstruction: 0.0087
    Contrastive:    0.0052
    Triplet:        0.0000
    Total:          0.0139

  Face Loss Components (iter 1600):
    Reconstruction: 0.0145
    Contrastive:    0.0062
    Triplet:        0.0000
    Total:          0.0207

  Face Loss Components (iter 1700):
    Reconstruction: 0.0126
    Contrastive:    0.0087
    Triplet:        0.0000
    Total:          0.0213

  Face Loss Components (iter 1800):
    Reconstruction: 0.0158
    Contrastive:    0.0137
    Triplet:        0.0000
    Total:          0.0294

  Face Loss Components (iter 1900):
    Reconstruction: 0.0090
    Contrastive:    0.0063
    Triplet:        0.0000
    Total:          0.0153

  Face Loss Components (iter 2000):
    Reconstruction: 0.0124
    Contrastive:    0.0021
    Triplet:        0.0000
    Total:          0.0145

  Face Loss Components (iter 2100):
    Reconstruction: 0.0101
    Contrastive:    0.0092
    Triplet:        0.0000
    Total:          0.0193

  Face Loss Components (iter 2200):
    Reconstruction: 0.0118
    Contrastive:    0.0060
    Triplet:        0.0000
    Total:          0.0178

  Face Loss Components (iter 2300):
    Reconstruction: 0.0105
    Contrastive:    0.0058
    Triplet:        0.0000
    Total:          0.0162

  Face Loss Components (iter 2400):
    Reconstruction: 0.0132
    Contrastive:    0.0071
    Triplet:        0.0000
    Total:          0.0203

  Face Loss Components (iter 2500):
    Reconstruction: 0.0091
    Contrastive:    0.0017
    Triplet:        0.0000
    Total:          0.0108
===> Epoch[44]: Loss: 6.9158 || Learning rate: lr=0.0001.

  Face Loss Components (iter 0):
    Reconstruction: 0.0182
    Contrastive:    0.0033
    Triplet:        0.0000
    Total:          0.0215

  Face Loss Components (iter 100):
    Reconstruction: 0.0181
    Contrastive:    0.0070
    Triplet:        0.0000
    Total:          0.0251

  Face Loss Components (iter 200):
    Reconstruction: 0.0124
    Contrastive:    0.0113
    Triplet:        0.0000
    Total:          0.0237

  Face Loss Components (iter 300):
    Reconstruction: 0.0172
    Contrastive:    0.0112
    Triplet:        0.0000
    Total:          0.0284

  Face Loss Components (iter 400):
    Reconstruction: 0.0103
    Contrastive:    0.0105
    Triplet:        0.0000
    Total:          0.0209

  Face Loss Components (iter 500):
    Reconstruction: 0.0153
    Contrastive:    0.0039
    Triplet:        0.0000
    Total:          0.0192

  Face Loss Components (iter 600):
    Reconstruction: 0.0171
    Contrastive:    0.0076
    Triplet:        0.0000
    Total:          0.0247

  Face Loss Components (iter 700):
    Reconstruction: 0.0110
    Contrastive:    0.0061
    Triplet:        0.0000
    Total:          0.0171

  Face Loss Components (iter 800):
    Reconstruction: 0.0053
    Contrastive:    0.0197
    Triplet:        0.0000
    Total:          0.0250

  Face Loss Components (iter 900):
    Reconstruction: 0.0133
    Contrastive:    0.0055
    Triplet:        0.0000
    Total:          0.0189

  Face Loss Components (iter 1000):
    Reconstruction: 0.0122
    Contrastive:    0.0123
    Triplet:        0.0000
    Total:          0.0245

  Face Loss Components (iter 1100):
    Reconstruction: 0.0143
    Contrastive:    0.0114
    Triplet:        0.0000
    Total:          0.0257

  Face Loss Components (iter 1200):
    Reconstruction: 0.0140
    Contrastive:    0.0107
    Triplet:        0.0000
    Total:          0.0246

  Face Loss Components (iter 1300):
    Reconstruction: 0.0083
    Contrastive:    0.0063
    Triplet:        0.0000
    Total:          0.0146

  Face Loss Components (iter 1400):
    Reconstruction: 0.0105
    Contrastive:    0.0062
    Triplet:        0.0000
    Total:          0.0167

  Face Loss Components (iter 1500):
    Reconstruction: 0.0162
    Contrastive:    0.0159
    Triplet:        0.0000
    Total:          0.0321

  Face Loss Components (iter 1600):
    Reconstruction: 0.0152
    Contrastive:    0.0075
    Triplet:        0.0000
    Total:          0.0227

  Face Loss Components (iter 1700):
    Reconstruction: 0.0060
    Contrastive:    0.0026
    Triplet:        0.0000
    Total:          0.0086

  Face Loss Components (iter 1800):
    Reconstruction: 0.0094
    Contrastive:    0.0124
    Triplet:        0.0000
    Total:          0.0218

  Face Loss Components (iter 1900):
    Reconstruction: 0.0184
    Contrastive:    0.0151
    Triplet:        0.0000
    Total:          0.0334

  Face Loss Components (iter 2000):
    Reconstruction: 0.0124
    Contrastive:    0.0128
    Triplet:        0.0000
    Total:          0.0252

  Face Loss Components (iter 2100):
    Reconstruction: 0.0117
    Contrastive:    0.0142
    Triplet:        0.0000
    Total:          0.0259

  Face Loss Components (iter 2200):
    Reconstruction: 0.0130
    Contrastive:    0.0117
    Triplet:        0.0000
    Total:          0.0247

  Face Loss Components (iter 2300):
    Reconstruction: 0.0107
    Contrastive:    0.0051
    Triplet:        0.0000
    Total:          0.0158

  Face Loss Components (iter 2400):
    Reconstruction: 0.0115
    Contrastive:    0.0029
    Triplet:        0.0000
    Total:          0.0144

  Face Loss Components (iter 2500):
    Reconstruction: 0.0138
    Contrastive:    0.0036
    Triplet:        0.0000
    Total:          0.0173
===> Epoch[45]: Loss: 6.8847 || Learning rate: lr=0.0001.

  Face Loss Components (iter 0):
    Reconstruction: 0.0058
    Contrastive:    0.0047
    Triplet:        0.0000
    Total:          0.0105

  Face Loss Components (iter 100):
    Reconstruction: 0.0101
    Contrastive:    0.0074
    Triplet:        0.0000
    Total:          0.0175

  Face Loss Components (iter 200):
    Reconstruction: 0.0126
    Contrastive:    0.0072
    Triplet:        0.0000
    Total:          0.0197

  Face Loss Components (iter 300):
    Reconstruction: 0.0115
    Contrastive:    0.0050
    Triplet:        0.0000
    Total:          0.0165

  Face Loss Components (iter 400):
    Reconstruction: 0.0112
    Contrastive:    0.0045
    Triplet:        0.0000
    Total:          0.0157

  Face Loss Components (iter 500):
    Reconstruction: 0.0179
    Contrastive:    0.0068
    Triplet:        0.0000
    Total:          0.0247

  Face Loss Components (iter 600):
    Reconstruction: 0.0129
    Contrastive:    0.0033
    Triplet:        0.0000
    Total:          0.0162

  Face Loss Components (iter 700):
    Reconstruction: 0.0033
    Contrastive:    0.0103
    Triplet:        0.0000
    Total:          0.0136

  Face Loss Components (iter 800):
    Reconstruction: 0.0111
    Contrastive:    0.0093
    Triplet:        0.0000
    Total:          0.0204

  Face Loss Components (iter 900):
    Reconstruction: 0.0118
    Contrastive:    0.0050
    Triplet:        0.0000
    Total:          0.0169

  Face Loss Components (iter 1000):
    Reconstruction: 0.0125
    Contrastive:    0.0044
    Triplet:        0.0000
    Total:          0.0168

  Face Loss Components (iter 1100):
    Reconstruction: 0.0100
    Contrastive:    0.0149
    Triplet:        0.0000
    Total:          0.0249

  Face Loss Components (iter 1200):
    Reconstruction: 0.0141
    Contrastive:    0.0085
    Triplet:        0.0000
    Total:          0.0226

  Face Loss Components (iter 1300):
    Reconstruction: 0.0099
    Contrastive:    0.0088
    Triplet:        0.0000
    Total:          0.0187

  Face Loss Components (iter 1400):
    Reconstruction: 0.0149
    Contrastive:    0.0083
    Triplet:        0.0000
    Total:          0.0232

  Face Loss Components (iter 1500):
    Reconstruction: 0.0146
    Contrastive:    0.0200
    Triplet:        0.0000
    Total:          0.0346

  Face Loss Components (iter 1600):
    Reconstruction: 0.0080
    Contrastive:    0.0064
    Triplet:        0.0000
    Total:          0.0144

  Face Loss Components (iter 1700):
    Reconstruction: 0.0080
    Contrastive:    0.0095
    Triplet:        0.0000
    Total:          0.0175

  Face Loss Components (iter 1800):
    Reconstruction: 0.0065
    Contrastive:    0.0053
    Triplet:        0.0000
    Total:          0.0118

  Face Loss Components (iter 1900):
    Reconstruction: 0.0154
    Contrastive:    0.0050
    Triplet:        0.0000
    Total:          0.0204

  Face Loss Components (iter 2000):
    Reconstruction: 0.0140
    Contrastive:    0.0115
    Triplet:        0.0000
    Total:          0.0256

  Face Loss Components (iter 2100):
    Reconstruction: 0.0128
    Contrastive:    0.0131
    Triplet:        0.0000
    Total:          0.0259

  Face Loss Components (iter 2200):
    Reconstruction: 0.0114
    Contrastive:    0.0155
    Triplet:        0.0000
    Total:          0.0269

  Face Loss Components (iter 2300):
    Reconstruction: 0.0117
    Contrastive:    0.0093
    Triplet:        0.0000
    Total:          0.0210

  Face Loss Components (iter 2400):
    Reconstruction: 0.0157
    Contrastive:    0.0180
    Triplet:        0.0000
    Total:          0.0338

  Face Loss Components (iter 2500):
    Reconstruction: 0.0193
    Contrastive:    0.0116
    Triplet:        0.0000
    Total:          0.0309
===> Epoch[46]: Loss: 6.8512 || Learning rate: lr=9.966225596921006e-05.

  Face Loss Components (iter 0):
    Reconstruction: 0.0207
    Contrastive:    0.0165
    Triplet:        0.0000
    Total:          0.0372

  Face Loss Components (iter 100):
    Reconstruction: 0.0141
    Contrastive:    0.0024
    Triplet:        0.0000
    Total:          0.0165

  Face Loss Components (iter 200):
    Reconstruction: 0.0170
    Contrastive:    0.0080
    Triplet:        0.0000
    Total:          0.0249

  Face Loss Components (iter 300):
    Reconstruction: 0.0149
    Contrastive:    0.0105
    Triplet:        0.0000
    Total:          0.0254

  Face Loss Components (iter 400):
    Reconstruction: 0.0143
    Contrastive:    0.0151
    Triplet:        0.0000
    Total:          0.0294

  Face Loss Components (iter 500):
    Reconstruction: 0.0114
    Contrastive:    0.0201
    Triplet:        0.0000
    Total:          0.0315

  Face Loss Components (iter 600):
    Reconstruction: 0.0116
    Contrastive:    0.0266
    Triplet:        0.0000
    Total:          0.0383

  Face Loss Components (iter 700):
    Reconstruction: 0.0088
    Contrastive:    0.0053
    Triplet:        0.0000
    Total:          0.0141

  Face Loss Components (iter 800):
    Reconstruction: 0.0137
    Contrastive:    0.0154
    Triplet:        0.0000
    Total:          0.0291

  Face Loss Components (iter 900):
    Reconstruction: 0.0158
    Contrastive:    0.0126
    Triplet:        0.0000
    Total:          0.0283

  Face Loss Components (iter 1000):
    Reconstruction: 0.0186
    Contrastive:    0.0375
    Triplet:        0.0000
    Total:          0.0561

  Face Loss Components (iter 1100):
    Reconstruction: 0.0096
    Contrastive:    0.0180
    Triplet:        0.0000
    Total:          0.0276

  Face Loss Components (iter 1200):
    Reconstruction: 0.0145
    Contrastive:    0.0096
    Triplet:        0.0000
    Total:          0.0241

  Face Loss Components (iter 1300):
    Reconstruction: 0.0187
    Contrastive:    0.0134
    Triplet:        0.0000
    Total:          0.0320

  Face Loss Components (iter 1400):
    Reconstruction: 0.0059
    Contrastive:    0.0114
    Triplet:        0.0000
    Total:          0.0173

  Face Loss Components (iter 1500):
    Reconstruction: 0.0108
    Contrastive:    0.0036
    Triplet:        0.0000
    Total:          0.0144

  Face Loss Components (iter 1600):
    Reconstruction: 0.0122
    Contrastive:    0.0060
    Triplet:        0.0000
    Total:          0.0181

  Face Loss Components (iter 1700):
    Reconstruction: 0.0143
    Contrastive:    0.0125
    Triplet:        0.0000
    Total:          0.0268

  Face Loss Components (iter 1800):
    Reconstruction: 0.0083
    Contrastive:    0.0038
    Triplet:        0.0000
    Total:          0.0121

  Face Loss Components (iter 1900):
    Reconstruction: 0.0154
    Contrastive:    0.0076
    Triplet:        0.0000
    Total:          0.0230

  Face Loss Components (iter 2000):
    Reconstruction: 0.0100
    Contrastive:    0.0265
    Triplet:        0.0000
    Total:          0.0365

  Face Loss Components (iter 2100):
    Reconstruction: 0.0166
    Contrastive:    0.0193
    Triplet:        0.0000
    Total:          0.0358

  Face Loss Components (iter 2200):
    Reconstruction: 0.0104
    Contrastive:    0.0042
    Triplet:        0.0000
    Total:          0.0146

  Face Loss Components (iter 2300):
    Reconstruction: 0.0100
    Contrastive:    0.0124
    Triplet:        0.0000
    Total:          0.0224

  Face Loss Components (iter 2400):
    Reconstruction: 0.0160
    Contrastive:    0.0063
    Triplet:        0.0000
    Total:          0.0223

  Face Loss Components (iter 2500):
    Reconstruction: 0.0078
    Contrastive:    0.0038
    Triplet:        0.0000
    Total:          0.0115
===> Epoch[47]: Loss: 6.8218 || Learning rate: lr=9.865359128546221e-05.

  Face Loss Components (iter 0):
    Reconstruction: 0.0119
    Contrastive:    0.0073
    Triplet:        0.0000
    Total:          0.0192

  Face Loss Components (iter 100):
    Reconstruction: 0.0130
    Contrastive:    0.0174
    Triplet:        0.0000
    Total:          0.0304

  Face Loss Components (iter 200):
    Reconstruction: 0.0212
    Contrastive:    0.0164
    Triplet:        0.0000
    Total:          0.0375

  Face Loss Components (iter 300):
    Reconstruction: 0.0091
    Contrastive:    0.0066
    Triplet:        0.0000
    Total:          0.0156

  Face Loss Components (iter 400):
    Reconstruction: 0.0130
    Contrastive:    0.0048
    Triplet:        0.0000
    Total:          0.0178

  Face Loss Components (iter 500):
    Reconstruction: 0.0091
    Contrastive:    0.0086
    Triplet:        0.0000
    Total:          0.0177

  Face Loss Components (iter 600):
    Reconstruction: 0.0098
    Contrastive:    0.0084
    Triplet:        0.0000
    Total:          0.0182

  Face Loss Components (iter 700):
    Reconstruction: 0.0118
    Contrastive:    0.0086
    Triplet:        0.0000
    Total:          0.0204

  Face Loss Components (iter 800):
    Reconstruction: 0.0125
    Contrastive:    0.0061
    Triplet:        0.0000
    Total:          0.0186

  Face Loss Components (iter 900):
    Reconstruction: 0.0136
    Contrastive:    0.0078
    Triplet:        0.0000
    Total:          0.0214

  Face Loss Components (iter 1000):
    Reconstruction: 0.0109
    Contrastive:    0.0263
    Triplet:        0.0000
    Total:          0.0373

  Face Loss Components (iter 1100):
    Reconstruction: 0.0133
    Contrastive:    0.0024
    Triplet:        0.0000
    Total:          0.0157

  Face Loss Components (iter 1200):
    Reconstruction: 0.0105
    Contrastive:    0.0267
    Triplet:        0.0000
    Total:          0.0371

  Face Loss Components (iter 1300):
    Reconstruction: 0.0095
    Contrastive:    0.0025
    Triplet:        0.0000
    Total:          0.0120

  Face Loss Components (iter 1400):
    Reconstruction: 0.0106
    Contrastive:    0.0214
    Triplet:        0.0000
    Total:          0.0320

  Face Loss Components (iter 1500):
    Reconstruction: 0.0121
    Contrastive:    0.0097
    Triplet:        0.0000
    Total:          0.0218

  Face Loss Components (iter 1600):
    Reconstruction: 0.0129
    Contrastive:    0.0080
    Triplet:        0.0000
    Total:          0.0209

  Face Loss Components (iter 1700):
    Reconstruction: 0.0133
    Contrastive:    0.0141
    Triplet:        0.0000
    Total:          0.0273

  Face Loss Components (iter 1800):
    Reconstruction: 0.0146
    Contrastive:    0.0169
    Triplet:        0.0000
    Total:          0.0315

  Face Loss Components (iter 1900):
    Reconstruction: 0.0151
    Contrastive:    0.0032
    Triplet:        0.0000
    Total:          0.0183

  Face Loss Components (iter 2000):
    Reconstruction: 0.0128
    Contrastive:    0.0170
    Triplet:        0.0000
    Total:          0.0298

  Face Loss Components (iter 2100):
    Reconstruction: 0.0100
    Contrastive:    0.0043
    Triplet:        0.0000
    Total:          0.0143

  Face Loss Components (iter 2200):
    Reconstruction: 0.0098
    Contrastive:    0.0143
    Triplet:        0.0000
    Total:          0.0241

  Face Loss Components (iter 2300):
    Reconstruction: 0.0193
    Contrastive:    0.0068
    Triplet:        0.0000
    Total:          0.0261

  Face Loss Components (iter 2400):
    Reconstruction: 0.0125
    Contrastive:    0.0022
    Triplet:        0.0000
    Total:          0.0147

  Face Loss Components (iter 2500):
    Reconstruction: 0.0090
    Contrastive:    0.0060
    Triplet:        0.0000
    Total:          0.0151
===> Epoch[48]: Loss: 6.7964 || Learning rate: lr=9.698764640825613e-05.

  Face Loss Components (iter 0):
    Reconstruction: 0.0110
    Contrastive:    0.0027
    Triplet:        0.0000
    Total:          0.0136

  Face Loss Components (iter 100):
    Reconstruction: 0.0058
    Contrastive:    0.0038
    Triplet:        0.0000
    Total:          0.0096

  Face Loss Components (iter 200):
    Reconstruction: 0.0162
    Contrastive:    0.0095
    Triplet:        0.0000
    Total:          0.0257

  Face Loss Components (iter 300):
    Reconstruction: 0.0150
    Contrastive:    0.0096
    Triplet:        0.0000
    Total:          0.0246

  Face Loss Components (iter 400):
    Reconstruction: 0.0086
    Contrastive:    0.0021
    Triplet:        0.0000
    Total:          0.0108

  Face Loss Components (iter 500):
    Reconstruction: 0.0106
    Contrastive:    0.0055
    Triplet:        0.0000
    Total:          0.0160

  Face Loss Components (iter 600):
    Reconstruction: 0.0144
    Contrastive:    0.0039
    Triplet:        0.0000
    Total:          0.0182

  Face Loss Components (iter 700):
    Reconstruction: 0.0171
    Contrastive:    0.0075
    Triplet:        0.0000
    Total:          0.0246

  Face Loss Components (iter 800):
    Reconstruction: 0.0153
    Contrastive:    0.0132
    Triplet:        0.0000
    Total:          0.0285

  Face Loss Components (iter 900):
    Reconstruction: 0.0138
    Contrastive:    0.0078
    Triplet:        0.0000
    Total:          0.0216

  Face Loss Components (iter 1000):
    Reconstruction: 0.0233
    Contrastive:    0.0097
    Triplet:        0.0000
    Total:          0.0330

  Face Loss Components (iter 1100):
    Reconstruction: 0.0132
    Contrastive:    0.0095
    Triplet:        0.0000
    Total:          0.0227

  Face Loss Components (iter 1200):
    Reconstruction: 0.0197
    Contrastive:    0.0064
    Triplet:        0.0000
    Total:          0.0261

  Face Loss Components (iter 1300):
    Reconstruction: 0.0047
    Contrastive:    0.0075
    Triplet:        0.0000
    Total:          0.0122

  Face Loss Components (iter 1400):
    Reconstruction: 0.0100
    Contrastive:    0.0030
    Triplet:        0.0000
    Total:          0.0130

  Face Loss Components (iter 1500):
    Reconstruction: 0.0099
    Contrastive:    0.0057
    Triplet:        0.0000
    Total:          0.0156

  Face Loss Components (iter 1600):
    Reconstruction: 0.0074
    Contrastive:    0.0082
    Triplet:        0.0000
    Total:          0.0155

  Face Loss Components (iter 1700):
    Reconstruction: 0.0099
    Contrastive:    0.0044
    Triplet:        0.0000
    Total:          0.0143

  Face Loss Components (iter 1800):
    Reconstruction: 0.0078
    Contrastive:    0.0099
    Triplet:        0.0000
    Total:          0.0176

  Face Loss Components (iter 1900):
    Reconstruction: 0.0143
    Contrastive:    0.0066
    Triplet:        0.0000
    Total:          0.0209

  Face Loss Components (iter 2000):
    Reconstruction: 0.0055
    Contrastive:    0.0207
    Triplet:        0.0000
    Total:          0.0262

  Face Loss Components (iter 2100):
    Reconstruction: 0.0094
    Contrastive:    0.0217
    Triplet:        0.0000
    Total:          0.0312

  Face Loss Components (iter 2200):
    Reconstruction: 0.0074
    Contrastive:    0.0108
    Triplet:        0.0000
    Total:          0.0182

  Face Loss Components (iter 2300):
    Reconstruction: 0.0078
    Contrastive:    0.0142
    Triplet:        0.0000
    Total:          0.0220

  Face Loss Components (iter 2400):
    Reconstruction: 0.0178
    Contrastive:    0.0266
    Triplet:        0.0000
    Total:          0.0444

  Face Loss Components (iter 2500):
    Reconstruction: 0.0220
    Contrastive:    0.0230
    Triplet:        0.0000
    Total:          0.0450
===> Epoch[49]: Loss: 6.7763 || Learning rate: lr=9.468695038415445e-05.
/home/hpc4090/jamal_fr/eval.py:40: FutureWarning: You are using `torch.load` with `weights_only=False` (the current default value), which uses the default pickle module implicitly. It is possible to construct malicious pickle data which will execute arbitrary code during unpickling (See https://github.com/pytorch/pytorch/blob/main/SECURITY.md#untrusted-models for more details). In a future release, the default value for `weights_only` will be flipped to `True`. This limits the functions that could be executed during unpickling. Arbitrary objects will no longer be allowed to be loaded via this mode unless they are explicitly allowlisted by the user via `torch.serialization.add_safe_globals`. We recommend you start setting `weights_only=True` for any use case where you don't have full control of the loaded file. Please open an issue on GitHub for any issues related to this experimental feature.
  model.load_state_dict(torch.load(model_path, map_location=lambda storage, loc: storage))

  Face Loss Components (iter 0):
    Reconstruction: 0.0150
    Contrastive:    0.0060
    Triplet:        0.0000
    Total:          0.0209

  Face Loss Components (iter 100):
    Reconstruction: 0.0034
    Contrastive:    0.0021
    Triplet:        0.0000
    Total:          0.0055

  Face Loss Components (iter 200):
    Reconstruction: 0.0158
    Contrastive:    0.0180
    Triplet:        0.0000
    Total:          0.0338

  Face Loss Components (iter 300):
    Reconstruction: 0.0158
    Contrastive:    0.0117
    Triplet:        0.0000
    Total:          0.0275

  Face Loss Components (iter 400):
    Reconstruction: 0.0097
    Contrastive:    0.0144
    Triplet:        0.0000
    Total:          0.0241

  Face Loss Components (iter 500):
    Reconstruction: 0.0095
    Contrastive:    0.0055
    Triplet:        0.0000
    Total:          0.0150

  Face Loss Components (iter 600):
    Reconstruction: 0.0111
    Contrastive:    0.0071
    Triplet:        0.0000
    Total:          0.0182

  Face Loss Components (iter 700):
    Reconstruction: 0.0179
    Contrastive:    0.0066
    Triplet:        0.0000
    Total:          0.0246

  Face Loss Components (iter 800):
    Reconstruction: 0.0040
    Contrastive:    0.0048
    Triplet:        0.0000
    Total:          0.0088

  Face Loss Components (iter 900):
    Reconstruction: 0.0071
    Contrastive:    0.0054
    Triplet:        0.0000
    Total:          0.0125

  Face Loss Components (iter 1000):
    Reconstruction: 0.0061
    Contrastive:    0.0059
    Triplet:        0.0000
    Total:          0.0119

  Face Loss Components (iter 1100):
    Reconstruction: 0.0094
    Contrastive:    0.0079
    Triplet:        0.0000
    Total:          0.0173

  Face Loss Components (iter 1200):
    Reconstruction: 0.0136
    Contrastive:    0.0040
    Triplet:        0.0000
    Total:          0.0176

  Face Loss Components (iter 1300):
    Reconstruction: 0.0074
    Contrastive:    0.0118
    Triplet:        0.0000
    Total:          0.0192

  Face Loss Components (iter 1400):
    Reconstruction: 0.0055
    Contrastive:    0.0051
    Triplet:        0.0000
    Total:          0.0105

  Face Loss Components (iter 1500):
    Reconstruction: 0.0132
    Contrastive:    0.0123
    Triplet:        0.0000
    Total:          0.0256

  Face Loss Components (iter 1600):
    Reconstruction: 0.0127
    Contrastive:    0.0080
    Triplet:        0.0000
    Total:          0.0207

  Face Loss Components (iter 1700):
    Reconstruction: 0.0153
    Contrastive:    0.0109
    Triplet:        0.0000
    Total:          0.0262

  Face Loss Components (iter 1800):
    Reconstruction: 0.0139
    Contrastive:    0.0089
    Triplet:        0.0000
    Total:          0.0227

  Face Loss Components (iter 1900):
    Reconstruction: 0.0145
    Contrastive:    0.0253
    Triplet:        0.0000
    Total:          0.0397

  Face Loss Components (iter 2000):
    Reconstruction: 0.0097
    Contrastive:    0.0136
    Triplet:        0.0000
    Total:          0.0233

  Face Loss Components (iter 2100):
    Reconstruction: 0.0151
    Contrastive:    0.0106
    Triplet:        0.0000
    Total:          0.0257

  Face Loss Components (iter 2200):
    Reconstruction: 0.0105
    Contrastive:    0.0030
    Triplet:        0.0000
    Total:          0.0135

  Face Loss Components (iter 2300):
    Reconstruction: 0.0107
    Contrastive:    0.0056
    Triplet:        0.0000
    Total:          0.0164

  Face Loss Components (iter 2400):
    Reconstruction: 0.0183
    Contrastive:    0.0049
    Triplet:        0.0000
    Total:          0.0233

  Face Loss Components (iter 2500):
    Reconstruction: 0.0090
    Contrastive:    0.0093
    Triplet:        0.0000
    Total:          0.0182
===> Epoch[50]: Loss: 6.7528 || Learning rate: lr=9.178261618007618e-05.
Checkpoint saved to ./weights/train/epoch_50.pth
Pre-trained model is loaded.
Evaluation:
/home/hpc4090/miniconda3/envs/jamal/lib/python3.12/site-packages/torchvision/models/_utils.py:223: UserWarning: Arguments other than a weight enum or `None` for 'weights' are deprecated since 0.13 and may be removed in the future. The current behavior is equivalent to passing `weights=AlexNet_Weights.IMAGENET1K_V1`. You can also use `weights=AlexNet_Weights.DEFAULT` to get the most up-to-date weights.
  warnings.warn(msg)
/home/hpc4090/miniconda3/envs/jamal/lib/python3.12/site-packages/lpips/lpips.py:107: FutureWarning: You are using `torch.load` with `weights_only=False` (the current default value), which uses the default pickle module implicitly. It is possible to construct malicious pickle data which will execute arbitrary code during unpickling (See https://github.com/pytorch/pytorch/blob/main/SECURITY.md#untrusted-models for more details). In a future release, the default value for `weights_only` will be flipped to `True`. This limits the functions that could be executed during unpickling. Arbitrary objects will no longer be allowed to be loaded via this mode unless they are explicitly allowlisted by the user via `torch.serialization.add_safe_globals`. We recommend you start setting `weights_only=True` for any use case where you don't have full control of the loaded file. Please open an issue on GitHub for any issues related to this experimental feature.
  self.load_state_dict(torch.load(model_path, map_location='cpu'), strict=False)
===> End evaluation
Setting up [LPIPS] perceptual loss: trunk [alex], v[0.1], spatial [off]
Loading model from: /home/hpc4090/miniconda3/envs/jamal/lib/python3.12/site-packages/lpips/weights/v0.1/alex.pth
===> Avg.PSNR: 30.4824 dB 
===> Avg.SSIM: 0.8943 
===> Avg.LPIPS: 0.0825 
[30.482388024312023]
[0.894342414680791]
[0.08245746211006577]

  Face Loss Components (iter 0):
    Reconstruction: 0.0165
    Contrastive:    0.0054
    Triplet:        0.0000
    Total:          0.0219

  Face Loss Components (iter 100):
    Reconstruction: 0.0087
    Contrastive:    0.0186
    Triplet:        0.0000
    Total:          0.0273

  Face Loss Components (iter 200):
    Reconstruction: 0.0177
    Contrastive:    0.0047
    Triplet:        0.0000
    Total:          0.0224

  Face Loss Components (iter 300):
    Reconstruction: 0.0153
    Contrastive:    0.0068
    Triplet:        0.0000
    Total:          0.0221

  Face Loss Components (iter 400):
    Reconstruction: 0.0106
    Contrastive:    0.0042
    Triplet:        0.0000
    Total:          0.0148

  Face Loss Components (iter 500):
    Reconstruction: 0.0136
    Contrastive:    0.0072
    Triplet:        0.0000
    Total:          0.0209

  Face Loss Components (iter 600):
    Reconstruction: 0.0229
    Contrastive:    0.0161
    Triplet:        0.0000
    Total:          0.0390

  Face Loss Components (iter 700):
    Reconstruction: 0.0127
    Contrastive:    0.0152
    Triplet:        0.0000
    Total:          0.0279

  Face Loss Components (iter 800):
    Reconstruction: 0.0113
    Contrastive:    0.0166
    Triplet:        0.0000
    Total:          0.0279

  Face Loss Components (iter 900):
    Reconstruction: 0.0098
    Contrastive:    0.0044
    Triplet:        0.0000
    Total:          0.0143

  Face Loss Components (iter 1000):
    Reconstruction: 0.0144
    Contrastive:    0.0073
    Triplet:        0.0000
    Total:          0.0216

  Face Loss Components (iter 1100):
    Reconstruction: 0.0160
    Contrastive:    0.0164
    Triplet:        0.0000
    Total:          0.0323

  Face Loss Components (iter 1200):
    Reconstruction: 0.0185
    Contrastive:    0.0172
    Triplet:        0.0000
    Total:          0.0357

  Face Loss Components (iter 1300):
    Reconstruction: 0.0140
    Contrastive:    0.0063
    Triplet:        0.0000
    Total:          0.0203

  Face Loss Components (iter 1400):
    Reconstruction: 0.0149
    Contrastive:    0.0149
    Triplet:        0.0000
    Total:          0.0299

  Face Loss Components (iter 1500):
    Reconstruction: 0.0133
    Contrastive:    0.0131
    Triplet:        0.0000
    Total:          0.0265

  Face Loss Components (iter 1600):
    Reconstruction: 0.0109
    Contrastive:    0.0055
    Triplet:        0.0000
    Total:          0.0165

  Face Loss Components (iter 1700):
    Reconstruction: 0.0125
    Contrastive:    0.0202
    Triplet:        0.0000
    Total:          0.0327

  Face Loss Components (iter 1800):
    Reconstruction: 0.0131
    Contrastive:    0.0118
    Triplet:        0.0000
    Total:          0.0250

  Face Loss Components (iter 1900):
    Reconstruction: 0.0074
    Contrastive:    0.0023
    Triplet:        0.0000
    Total:          0.0097

  Face Loss Components (iter 2000):
    Reconstruction: 0.0126
    Contrastive:    0.0023
    Triplet:        0.0000
    Total:          0.0150

  Face Loss Components (iter 2100):
    Reconstruction: 0.0117
    Contrastive:    0.0043
    Triplet:        0.0000
    Total:          0.0160

  Face Loss Components (iter 2200):
    Reconstruction: 0.0065
    Contrastive:    0.0122
    Triplet:        0.0000
    Total:          0.0187

  Face Loss Components (iter 2300):
    Reconstruction: 0.0117
    Contrastive:    0.0154
    Triplet:        0.0000
    Total:          0.0271

  Face Loss Components (iter 2400):
    Reconstruction: 0.0189
    Contrastive:    0.0085
    Triplet:        0.0000
    Total:          0.0274

  Face Loss Components (iter 2500):
    Reconstruction: 0.0100
    Contrastive:    0.0141
    Triplet:        0.0000
    Total:          0.0240
===> Epoch[51]: Loss: 6.7331 || Learning rate: lr=8.831391993379295e-05.

  Face Loss Components (iter 0):
    Reconstruction: 0.0096
    Contrastive:    0.0239
    Triplet:        0.0000
    Total:          0.0335

  Face Loss Components (iter 100):
    Reconstruction: 0.0121
    Contrastive:    0.0025
    Triplet:        0.0000
    Total:          0.0146

  Face Loss Components (iter 200):
    Reconstruction: 0.0122
    Contrastive:    0.0154
    Triplet:        0.0000
    Total:          0.0277

  Face Loss Components (iter 300):
    Reconstruction: 0.0135
    Contrastive:    0.0190
    Triplet:        0.0000
    Total:          0.0324

  Face Loss Components (iter 400):
    Reconstruction: 0.0057
    Contrastive:    0.0041
    Triplet:        0.0000
    Total:          0.0098

  Face Loss Components (iter 500):
    Reconstruction: 0.0120
    Contrastive:    0.0171
    Triplet:        0.0000
    Total:          0.0290

  Face Loss Components (iter 600):
    Reconstruction: 0.0124
    Contrastive:    0.0078
    Triplet:        0.0000
    Total:          0.0202

  Face Loss Components (iter 700):
    Reconstruction: 0.0113
    Contrastive:    0.0057
    Triplet:        0.0000
    Total:          0.0170

  Face Loss Components (iter 800):
    Reconstruction: 0.0136
    Contrastive:    0.0112
    Triplet:        0.0000
    Total:          0.0248

  Face Loss Components (iter 900):
    Reconstruction: 0.0137
    Contrastive:    0.0028
    Triplet:        0.0000
    Total:          0.0166

  Face Loss Components (iter 1000):
    Reconstruction: 0.0145
    Contrastive:    0.0027
    Triplet:        0.0000
    Total:          0.0172

  Face Loss Components (iter 1100):
    Reconstruction: 0.0110
    Contrastive:    0.0111
    Triplet:        0.0000
    Total:          0.0221

  Face Loss Components (iter 1200):
    Reconstruction: 0.0122
    Contrastive:    0.0152
    Triplet:        0.0000
    Total:          0.0274

  Face Loss Components (iter 1300):
    Reconstruction: 0.0064
    Contrastive:    0.0145
    Triplet:        0.0000
    Total:          0.0208

  Face Loss Components (iter 1400):
    Reconstruction: 0.0135
    Contrastive:    0.0063
    Triplet:        0.0000
    Total:          0.0199

  Face Loss Components (iter 1500):
    Reconstruction: 0.0114
    Contrastive:    0.0146
    Triplet:        0.0000
    Total:          0.0259

  Face Loss Components (iter 1600):
    Reconstruction: 0.0215
    Contrastive:    0.0054
    Triplet:        0.0000
    Total:          0.0269

  Face Loss Components (iter 1700):
    Reconstruction: 0.0062
    Contrastive:    0.0029
    Triplet:        0.0000
    Total:          0.0092

  Face Loss Components (iter 1800):
    Reconstruction: 0.0146
    Contrastive:    0.0061
    Triplet:        0.0000
    Total:          0.0207

  Face Loss Components (iter 1900):
    Reconstruction: 0.0141
    Contrastive:    0.0109
    Triplet:        0.0000
    Total:          0.0250

  Face Loss Components (iter 2000):
    Reconstruction: 0.0085
    Contrastive:    0.0070
    Triplet:        0.0000
    Total:          0.0155

  Face Loss Components (iter 2100):
    Reconstruction: 0.0223
    Contrastive:    0.0092
    Triplet:        0.0000
    Total:          0.0315

  Face Loss Components (iter 2200):
    Reconstruction: 0.0123
    Contrastive:    0.0074
    Triplet:        0.0000
    Total:          0.0197

  Face Loss Components (iter 2300):
    Reconstruction: 0.0147
    Contrastive:    0.0031
    Triplet:        0.0000
    Total:          0.0178

  Face Loss Components (iter 2400):
    Reconstruction: 0.0212
    Contrastive:    0.0042
    Triplet:        0.0000
    Total:          0.0254

  Face Loss Components (iter 2500):
    Reconstruction: 0.0175
    Contrastive:    0.0080
    Triplet:        0.0000
    Total:          0.0255
===> Epoch[52]: Loss: 6.7155 || Learning rate: lr=8.432776981154325e-05.

  Face Loss Components (iter 0):
    Reconstruction: 0.0109
    Contrastive:    0.0218
    Triplet:        0.0000
    Total:          0.0328

  Face Loss Components (iter 100):
    Reconstruction: 0.0132
    Contrastive:    0.0056
    Triplet:        0.0000
    Total:          0.0188

  Face Loss Components (iter 200):
    Reconstruction: 0.0128
    Contrastive:    0.0047
    Triplet:        0.0000
    Total:          0.0176

  Face Loss Components (iter 300):
    Reconstruction: 0.0112
    Contrastive:    0.0057
    Triplet:        0.0000
    Total:          0.0169

  Face Loss Components (iter 400):
    Reconstruction: 0.0112
    Contrastive:    0.0016
    Triplet:        0.0000
    Total:          0.0128

  Face Loss Components (iter 500):
    Reconstruction: 0.0072
    Contrastive:    0.0108
    Triplet:        0.0000
    Total:          0.0180

  Face Loss Components (iter 600):
    Reconstruction: 0.0152
    Contrastive:    0.0201
    Triplet:        0.0000
    Total:          0.0354

  Face Loss Components (iter 700):
    Reconstruction: 0.0156
    Contrastive:    0.0093
    Triplet:        0.0000
    Total:          0.0249

  Face Loss Components (iter 800):
    Reconstruction: 0.0105
    Contrastive:    0.0034
    Triplet:        0.0000
    Total:          0.0140

  Face Loss Components (iter 900):
    Reconstruction: 0.0133
    Contrastive:    0.0080
    Triplet:        0.0000
    Total:          0.0213

  Face Loss Components (iter 1000):
    Reconstruction: 0.0156
    Contrastive:    0.0020
    Triplet:        0.0000
    Total:          0.0176

  Face Loss Components (iter 1100):
    Reconstruction: 0.0112
    Contrastive:    0.0017
    Triplet:        0.0000
    Total:          0.0129

  Face Loss Components (iter 1200):
    Reconstruction: 0.0207
    Contrastive:    0.0104
    Triplet:        0.0000
    Total:          0.0311

  Face Loss Components (iter 1300):
    Reconstruction: 0.0110
    Contrastive:    0.0096
    Triplet:        0.0000
    Total:          0.0206

  Face Loss Components (iter 1400):
    Reconstruction: 0.0164
    Contrastive:    0.0059
    Triplet:        0.0000
    Total:          0.0223

  Face Loss Components (iter 1500):
    Reconstruction: 0.0093
    Contrastive:    0.0077
    Triplet:        0.0000
    Total:          0.0171

  Face Loss Components (iter 1600):
    Reconstruction: 0.0091
    Contrastive:    0.0082
    Triplet:        0.0000
    Total:          0.0173

  Face Loss Components (iter 1700):
    Reconstruction: 0.0131
    Contrastive:    0.0068
    Triplet:        0.0000
    Total:          0.0199

  Face Loss Components (iter 1800):
    Reconstruction: 0.0067
    Contrastive:    0.0055
    Triplet:        0.0000
    Total:          0.0122

  Face Loss Components (iter 1900):
    Reconstruction: 0.0154
    Contrastive:    0.0166
    Triplet:        0.0000
    Total:          0.0320

  Face Loss Components (iter 2000):
    Reconstruction: 0.0071
    Contrastive:    0.0007
    Triplet:        0.0000
    Total:          0.0078

  Face Loss Components (iter 2100):
    Reconstruction: 0.0138
    Contrastive:    0.0056
    Triplet:        0.0000
    Total:          0.0194

  Face Loss Components (iter 2200):
    Reconstruction: 0.0119
    Contrastive:    0.0176
    Triplet:        0.0000
    Total:          0.0295

  Face Loss Components (iter 2300):
    Reconstruction: 0.0124
    Contrastive:    0.0089
    Triplet:        0.0000
    Total:          0.0213

  Face Loss Components (iter 2400):
    Reconstruction: 0.0130
    Contrastive:    0.0084
    Triplet:        0.0000
    Total:          0.0214

  Face Loss Components (iter 2500):
    Reconstruction: 0.0143
    Contrastive:    0.0219
    Triplet:        0.0000
    Total:          0.0362
===> Epoch[53]: Loss: 6.6954 || Learning rate: lr=7.987807165555417e-05.

  Face Loss Components (iter 0):
    Reconstruction: 0.0182
    Contrastive:    0.0052
    Triplet:        0.0000
    Total:          0.0234

  Face Loss Components (iter 100):
    Reconstruction: 0.0165
    Contrastive:    0.0071
    Triplet:        0.0000
    Total:          0.0236

  Face Loss Components (iter 200):
    Reconstruction: 0.0156
    Contrastive:    0.0068
    Triplet:        0.0000
    Total:          0.0224

  Face Loss Components (iter 300):
    Reconstruction: 0.0115
    Contrastive:    0.0171
    Triplet:        0.0000
    Total:          0.0285

  Face Loss Components (iter 400):
    Reconstruction: 0.0092
    Contrastive:    0.0213
    Triplet:        0.0000
    Total:          0.0306

  Face Loss Components (iter 500):
    Reconstruction: 0.0119
    Contrastive:    0.0074
    Triplet:        0.0000
    Total:          0.0193

  Face Loss Components (iter 600):
    Reconstruction: 0.0146
    Contrastive:    0.0138
    Triplet:        0.0000
    Total:          0.0284

  Face Loss Components (iter 700):
    Reconstruction: 0.0127
    Contrastive:    0.0087
    Triplet:        0.0000
    Total:          0.0215

  Face Loss Components (iter 800):
    Reconstruction: 0.0096
    Contrastive:    0.0100
    Triplet:        0.0000
    Total:          0.0196

  Face Loss Components (iter 900):
    Reconstruction: 0.0060
    Contrastive:    0.0022
    Triplet:        0.0000
    Total:          0.0082

  Face Loss Components (iter 1000):
    Reconstruction: 0.0092
    Contrastive:    0.0140
    Triplet:        0.0000
    Total:          0.0232

  Face Loss Components (iter 1100):
    Reconstruction: 0.0207
    Contrastive:    0.0243
    Triplet:        0.0000
    Total:          0.0451

  Face Loss Components (iter 1200):
    Reconstruction: 0.0158
    Contrastive:    0.0192
    Triplet:        0.0000
    Total:          0.0351

  Face Loss Components (iter 1300):
    Reconstruction: 0.0067
    Contrastive:    0.0079
    Triplet:        0.0000
    Total:          0.0146

  Face Loss Components (iter 1400):
    Reconstruction: 0.0110
    Contrastive:    0.0033
    Triplet:        0.0000
    Total:          0.0144

  Face Loss Components (iter 1500):
    Reconstruction: 0.0056
    Contrastive:    0.0034
    Triplet:        0.0000
    Total:          0.0091

  Face Loss Components (iter 1600):
    Reconstruction: 0.0144
    Contrastive:    0.0037
    Triplet:        0.0000
    Total:          0.0180

  Face Loss Components (iter 1700):
    Reconstruction: 0.0077
    Contrastive:    0.0174
    Triplet:        0.0000
    Total:          0.0251

  Face Loss Components (iter 1800):
    Reconstruction: 0.0141
    Contrastive:    0.0052
    Triplet:        0.0000
    Total:          0.0193

  Face Loss Components (iter 1900):
    Reconstruction: 0.0109
    Contrastive:    0.0065
    Triplet:        0.0000
    Total:          0.0173

  Face Loss Components (iter 2000):
    Reconstruction: 0.0136
    Contrastive:    0.0030
    Triplet:        0.0000
    Total:          0.0166

  Face Loss Components (iter 2100):
    Reconstruction: 0.0192
    Contrastive:    0.0129
    Triplet:        0.0000
    Total:          0.0321

  Face Loss Components (iter 2200):
    Reconstruction: 0.0115
    Contrastive:    0.0053
    Triplet:        0.0000
    Total:          0.0168

  Face Loss Components (iter 2300):
    Reconstruction: 0.0145
    Contrastive:    0.0065
    Triplet:        0.0000
    Total:          0.0210

  Face Loss Components (iter 2400):
    Reconstruction: 0.0120
    Contrastive:    0.0059
    Triplet:        0.0000
    Total:          0.0179

  Face Loss Components (iter 2500):
    Reconstruction: 0.0154
    Contrastive:    0.0027
    Triplet:        0.0000
    Total:          0.0181
===> Epoch[54]: Loss: 6.6730 || Learning rate: lr=7.502500000000001e-05.

  Face Loss Components (iter 0):
    Reconstruction: 0.0126
    Contrastive:    0.0141
    Triplet:        0.0000
    Total:          0.0267

  Face Loss Components (iter 100):
    Reconstruction: 0.0090
    Contrastive:    0.0089
    Triplet:        0.0000
    Total:          0.0180

  Face Loss Components (iter 200):
    Reconstruction: 0.0142
    Contrastive:    0.0066
    Triplet:        0.0000
    Total:          0.0209

  Face Loss Components (iter 300):
    Reconstruction: 0.0156
    Contrastive:    0.0095
    Triplet:        0.0000
    Total:          0.0251

  Face Loss Components (iter 400):
    Reconstruction: 0.0072
    Contrastive:    0.0136
    Triplet:        0.0000
    Total:          0.0208

  Face Loss Components (iter 500):
    Reconstruction: 0.0111
    Contrastive:    0.0048
    Triplet:        0.0000
    Total:          0.0159

  Face Loss Components (iter 600):
    Reconstruction: 0.0130
    Contrastive:    0.0140
    Triplet:        0.0000
    Total:          0.0270

  Face Loss Components (iter 700):
    Reconstruction: 0.0184
    Contrastive:    0.0105
    Triplet:        0.0000
    Total:          0.0289

  Face Loss Components (iter 800):
    Reconstruction: 0.0107
    Contrastive:    0.0034
    Triplet:        0.0000
    Total:          0.0140

  Face Loss Components (iter 900):
    Reconstruction: 0.0146
    Contrastive:    0.0134
    Triplet:        0.0000
    Total:          0.0279

  Face Loss Components (iter 1000):
    Reconstruction: 0.0107
    Contrastive:    0.0029
    Triplet:        0.0000
    Total:          0.0135

  Face Loss Components (iter 1100):
    Reconstruction: 0.0255
    Contrastive:    0.0126
    Triplet:        0.0000
    Total:          0.0381

  Face Loss Components (iter 1200):
    Reconstruction: 0.0090
    Contrastive:    0.0160
    Triplet:        0.0000
    Total:          0.0250

  Face Loss Components (iter 1300):
    Reconstruction: 0.0091
    Contrastive:    0.0021
    Triplet:        0.0000
    Total:          0.0111

  Face Loss Components (iter 1400):
    Reconstruction: 0.0083
    Contrastive:    0.0201
    Triplet:        0.0000
    Total:          0.0284

  Face Loss Components (iter 1500):
    Reconstruction: 0.0120
    Contrastive:    0.0058
    Triplet:        0.0000
    Total:          0.0178

  Face Loss Components (iter 1600):
    Reconstruction: 0.0139
    Contrastive:    0.0022
    Triplet:        0.0000
    Total:          0.0160

  Face Loss Components (iter 1700):
    Reconstruction: 0.0143
    Contrastive:    0.0024
    Triplet:        0.0000
    Total:          0.0167

  Face Loss Components (iter 1800):
    Reconstruction: 0.0116
    Contrastive:    0.0012
    Triplet:        0.0000
    Total:          0.0128

  Face Loss Components (iter 1900):
    Reconstruction: 0.0214
    Contrastive:    0.0055
    Triplet:        0.0000
    Total:          0.0269

  Face Loss Components (iter 2000):
    Reconstruction: 0.0132
    Contrastive:    0.0072
    Triplet:        0.0000
    Total:          0.0203

  Face Loss Components (iter 2100):
    Reconstruction: 0.0081
    Contrastive:    0.0013
    Triplet:        0.0000
    Total:          0.0094

  Face Loss Components (iter 2200):
    Reconstruction: 0.0094
    Contrastive:    0.0074
    Triplet:        0.0000
    Total:          0.0168

  Face Loss Components (iter 2300):
    Reconstruction: 0.0059
    Contrastive:    0.0058
    Triplet:        0.0000
    Total:          0.0117

  Face Loss Components (iter 2400):
    Reconstruction: 0.0165
    Contrastive:    0.0041
    Triplet:        0.0000
    Total:          0.0206

  Face Loss Components (iter 2500):
    Reconstruction: 0.0137
    Contrastive:    0.0054
    Triplet:        0.0000
    Total:          0.0190
===> Epoch[55]: Loss: 6.6545 || Learning rate: lr=6.983418431365589e-05.

  Face Loss Components (iter 0):
    Reconstruction: 0.0191
    Contrastive:    0.0198
    Triplet:        0.0000
    Total:          0.0389

  Face Loss Components (iter 100):
    Reconstruction: 0.0182
    Contrastive:    0.0213
    Triplet:        0.0000
    Total:          0.0395

  Face Loss Components (iter 200):
    Reconstruction: 0.0052
    Contrastive:    0.0183
    Triplet:        0.0000
    Total:          0.0235

  Face Loss Components (iter 300):
    Reconstruction: 0.0141
    Contrastive:    0.0120
    Triplet:        0.0000
    Total:          0.0261

  Face Loss Components (iter 400):
    Reconstruction: 0.0133
    Contrastive:    0.0193
    Triplet:        0.0000
    Total:          0.0326

  Face Loss Components (iter 500):
    Reconstruction: 0.0083
    Contrastive:    0.0050
    Triplet:        0.0000
    Total:          0.0132

  Face Loss Components (iter 600):
    Reconstruction: 0.0115
    Contrastive:    0.0014
    Triplet:        0.0000
    Total:          0.0129

  Face Loss Components (iter 700):
    Reconstruction: 0.0128
    Contrastive:    0.0094
    Triplet:        0.0000
    Total:          0.0222

  Face Loss Components (iter 800):
    Reconstruction: 0.0141
    Contrastive:    0.0068
    Triplet:        0.0000
    Total:          0.0209

  Face Loss Components (iter 900):
    Reconstruction: 0.0107
    Contrastive:    0.0050
    Triplet:        0.0000
    Total:          0.0157

  Face Loss Components (iter 1000):
    Reconstruction: 0.0060
    Contrastive:    0.0116
    Triplet:        0.0000
    Total:          0.0176

  Face Loss Components (iter 1100):
    Reconstruction: 0.0132
    Contrastive:    0.0058
    Triplet:        0.0000
    Total:          0.0190

  Face Loss Components (iter 1200):
    Reconstruction: 0.0142
    Contrastive:    0.0024
    Triplet:        0.0000
    Total:          0.0166

  Face Loss Components (iter 1300):
    Reconstruction: 0.0121
    Contrastive:    0.0118
    Triplet:        0.0000
    Total:          0.0239

  Face Loss Components (iter 1400):
    Reconstruction: 0.0152
    Contrastive:    0.0095
    Triplet:        0.0000
    Total:          0.0246

  Face Loss Components (iter 1500):
    Reconstruction: 0.0123
    Contrastive:    0.0105
    Triplet:        0.0000
    Total:          0.0228

  Face Loss Components (iter 1600):
    Reconstruction: 0.0147
    Contrastive:    0.0057
    Triplet:        0.0000
    Total:          0.0204

  Face Loss Components (iter 1700):
    Reconstruction: 0.0101
    Contrastive:    0.0042
    Triplet:        0.0000
    Total:          0.0143

  Face Loss Components (iter 1800):
    Reconstruction: 0.0180
    Contrastive:    0.0120
    Triplet:        0.0000
    Total:          0.0300

  Face Loss Components (iter 1900):
    Reconstruction: 0.0134
    Contrastive:    0.0048
    Triplet:        0.0000
    Total:          0.0183

  Face Loss Components (iter 2000):
    Reconstruction: 0.0161
    Contrastive:    0.0065
    Triplet:        0.0000
    Total:          0.0225

  Face Loss Components (iter 2100):
    Reconstruction: 0.0070
    Contrastive:    0.0090
    Triplet:        0.0000
    Total:          0.0159

  Face Loss Components (iter 2200):
    Reconstruction: 0.0171
    Contrastive:    0.0209
    Triplet:        0.0000
    Total:          0.0379

  Face Loss Components (iter 2300):
    Reconstruction: 0.0099
    Contrastive:    0.0148
    Triplet:        0.0000
    Total:          0.0247

  Face Loss Components (iter 2400):
    Reconstruction: 0.0124
    Contrastive:    0.0054
    Triplet:        0.0000
    Total:          0.0178

  Face Loss Components (iter 2500):
    Reconstruction: 0.0121
    Contrastive:    0.0139
    Triplet:        0.0000
    Total:          0.0260
===> Epoch[56]: Loss: 6.6402 || Learning rate: lr=6.437582147391896e-05.

  Face Loss Components (iter 0):
    Reconstruction: 0.0084
    Contrastive:    0.0034
    Triplet:        0.0000
    Total:          0.0118

  Face Loss Components (iter 100):
    Reconstruction: 0.0106
    Contrastive:    0.0017
    Triplet:        0.0000
    Total:          0.0124

  Face Loss Components (iter 200):
    Reconstruction: 0.0104
    Contrastive:    0.0046
    Triplet:        0.0000
    Total:          0.0151

  Face Loss Components (iter 300):
    Reconstruction: 0.0115
    Contrastive:    0.0054
    Triplet:        0.0000
    Total:          0.0169

  Face Loss Components (iter 400):
    Reconstruction: 0.0104
    Contrastive:    0.0132
    Triplet:        0.0000
    Total:          0.0237

  Face Loss Components (iter 500):
    Reconstruction: 0.0140
    Contrastive:    0.0134
    Triplet:        0.0000
    Total:          0.0273

  Face Loss Components (iter 600):
    Reconstruction: 0.0141
    Contrastive:    0.0045
    Triplet:        0.0000
    Total:          0.0186

  Face Loss Components (iter 700):
    Reconstruction: 0.0101
    Contrastive:    0.0052
    Triplet:        0.0000
    Total:          0.0154

  Face Loss Components (iter 800):
    Reconstruction: 0.0095
    Contrastive:    0.0035
    Triplet:        0.0000
    Total:          0.0130

  Face Loss Components (iter 900):
    Reconstruction: 0.0111
    Contrastive:    0.0041
    Triplet:        0.0000
    Total:          0.0153

  Face Loss Components (iter 1000):
    Reconstruction: 0.0158
    Contrastive:    0.0070
    Triplet:        0.0000
    Total:          0.0228

  Face Loss Components (iter 1100):
    Reconstruction: 0.0067
    Contrastive:    0.0093
    Triplet:        0.0000
    Total:          0.0160

  Face Loss Components (iter 1200):
    Reconstruction: 0.0074
    Contrastive:    0.0066
    Triplet:        0.0000
    Total:          0.0140

  Face Loss Components (iter 1300):
    Reconstruction: 0.0138
    Contrastive:    0.0045
    Triplet:        0.0000
    Total:          0.0183

  Face Loss Components (iter 1400):
    Reconstruction: 0.0077
    Contrastive:    0.0100
    Triplet:        0.0000
    Total:          0.0178

  Face Loss Components (iter 1500):
    Reconstruction: 0.0117
    Contrastive:    0.0083
    Triplet:        0.0000
    Total:          0.0200

  Face Loss Components (iter 1600):
    Reconstruction: 0.0149
    Contrastive:    0.0218
    Triplet:        0.0000
    Total:          0.0367

  Face Loss Components (iter 1700):
    Reconstruction: 0.0115
    Contrastive:    0.0027
    Triplet:        0.0000
    Total:          0.0142

  Face Loss Components (iter 1800):
    Reconstruction: 0.0132
    Contrastive:    0.0033
    Triplet:        0.0000
    Total:          0.0164

  Face Loss Components (iter 1900):
    Reconstruction: 0.0119
    Contrastive:    0.0048
    Triplet:        0.0000
    Total:          0.0167

  Face Loss Components (iter 2000):
    Reconstruction: 0.0097
    Contrastive:    0.0177
    Triplet:        0.0000
    Total:          0.0274

  Face Loss Components (iter 2100):
    Reconstruction: 0.0146
    Contrastive:    0.0093
    Triplet:        0.0000
    Total:          0.0239

  Face Loss Components (iter 2200):
    Reconstruction: 0.0095
    Contrastive:    0.0030
    Triplet:        0.0000
    Total:          0.0125

  Face Loss Components (iter 2300):
    Reconstruction: 0.0088
    Contrastive:    0.0072
    Triplet:        0.0000
    Total:          0.0160

  Face Loss Components (iter 2400):
    Reconstruction: 0.0115
    Contrastive:    0.0030
    Triplet:        0.0000
    Total:          0.0145

  Face Loss Components (iter 2500):
    Reconstruction: 0.0112
    Contrastive:    0.0064
    Triplet:        0.0000
    Total:          0.0176
===> Epoch[57]: Loss: 6.6205 || Learning rate: lr=5.872372647446318e-05.

  Face Loss Components (iter 0):
    Reconstruction: 0.0152
    Contrastive:    0.0079
    Triplet:        0.0000
    Total:          0.0231

  Face Loss Components (iter 100):
    Reconstruction: 0.0091
    Contrastive:    0.0019
    Triplet:        0.0000
    Total:          0.0110

  Face Loss Components (iter 200):
    Reconstruction: 0.0153
    Contrastive:    0.0071
    Triplet:        0.0000
    Total:          0.0224

  Face Loss Components (iter 300):
    Reconstruction: 0.0102
    Contrastive:    0.0155
    Triplet:        0.0000
    Total:          0.0258

  Face Loss Components (iter 400):
    Reconstruction: 0.0098
    Contrastive:    0.0059
    Triplet:        0.0000
    Total:          0.0157

  Face Loss Components (iter 500):
    Reconstruction: 0.0140
    Contrastive:    0.0281
    Triplet:        0.0000
    Total:          0.0421

  Face Loss Components (iter 600):
    Reconstruction: 0.0145
    Contrastive:    0.0154
    Triplet:        0.0000
    Total:          0.0299

  Face Loss Components (iter 700):
    Reconstruction: 0.0125
    Contrastive:    0.0130
    Triplet:        0.0000
    Total:          0.0255

  Face Loss Components (iter 800):
    Reconstruction: 0.0142
    Contrastive:    0.0069
    Triplet:        0.0000
    Total:          0.0211

  Face Loss Components (iter 900):
    Reconstruction: 0.0189
    Contrastive:    0.0130
    Triplet:        0.0000
    Total:          0.0318

  Face Loss Components (iter 1000):
    Reconstruction: 0.0090
    Contrastive:    0.0081
    Triplet:        0.0000
    Total:          0.0171

  Face Loss Components (iter 1100):
    Reconstruction: 0.0217
    Contrastive:    0.0073
    Triplet:        0.0000
    Total:          0.0289

  Face Loss Components (iter 1200):
    Reconstruction: 0.0121
    Contrastive:    0.0256
    Triplet:        0.0000
    Total:          0.0377

  Face Loss Components (iter 1300):
    Reconstruction: 0.0080
    Contrastive:    0.0080
    Triplet:        0.0000
    Total:          0.0160

  Face Loss Components (iter 1400):
    Reconstruction: 0.0062
    Contrastive:    0.0046
    Triplet:        0.0000
    Total:          0.0109

  Face Loss Components (iter 1500):
    Reconstruction: 0.0068
    Contrastive:    0.0046
    Triplet:        0.0000
    Total:          0.0114

  Face Loss Components (iter 1600):
    Reconstruction: 0.0135
    Contrastive:    0.0041
    Triplet:        0.0000
    Total:          0.0176

  Face Loss Components (iter 1700):
    Reconstruction: 0.0102
    Contrastive:    0.0066
    Triplet:        0.0000
    Total:          0.0168

  Face Loss Components (iter 1800):
    Reconstruction: 0.0063
    Contrastive:    0.0055
    Triplet:        0.0000
    Total:          0.0118

  Face Loss Components (iter 1900):
    Reconstruction: 0.0036
    Contrastive:    0.0059
    Triplet:        0.0000
    Total:          0.0094

  Face Loss Components (iter 2000):
    Reconstruction: 0.0111
    Contrastive:    0.0013
    Triplet:        0.0000
    Total:          0.0124

  Face Loss Components (iter 2100):
    Reconstruction: 0.0128
    Contrastive:    0.0127
    Triplet:        0.0000
    Total:          0.0255

  Face Loss Components (iter 2200):
    Reconstruction: 0.0147
    Contrastive:    0.0064
    Triplet:        0.0000
    Total:          0.0211

  Face Loss Components (iter 2300):
    Reconstruction: 0.0119
    Contrastive:    0.0060
    Triplet:        0.0000
    Total:          0.0179

  Face Loss Components (iter 2400):
    Reconstruction: 0.0059
    Contrastive:    0.0172
    Triplet:        0.0000
    Total:          0.0231

  Face Loss Components (iter 2500):
    Reconstruction: 0.0083
    Contrastive:    0.0155
    Triplet:        0.0000
    Total:          0.0238
===> Epoch[58]: Loss: 6.6053 || Learning rate: lr=5.295433420407827e-05.

  Face Loss Components (iter 0):
    Reconstruction: 0.0097
    Contrastive:    0.0075
    Triplet:        0.0000
    Total:          0.0172

  Face Loss Components (iter 100):
    Reconstruction: 0.0117
    Contrastive:    0.0020
    Triplet:        0.0000
    Total:          0.0136

  Face Loss Components (iter 200):
    Reconstruction: 0.0129
    Contrastive:    0.0068
    Triplet:        0.0000
    Total:          0.0197

  Face Loss Components (iter 300):
    Reconstruction: 0.0093
    Contrastive:    0.0023
    Triplet:        0.0000
    Total:          0.0116

  Face Loss Components (iter 400):
    Reconstruction: 0.0083
    Contrastive:    0.0082
    Triplet:        0.0000
    Total:          0.0165

  Face Loss Components (iter 500):
    Reconstruction: 0.0129
    Contrastive:    0.0315
    Triplet:        0.0000
    Total:          0.0444

  Face Loss Components (iter 600):
    Reconstruction: 0.0166
    Contrastive:    0.0138
    Triplet:        0.0000
    Total:          0.0303

  Face Loss Components (iter 700):
    Reconstruction: 0.0152
    Contrastive:    0.0104
    Triplet:        0.0000
    Total:          0.0256

  Face Loss Components (iter 800):
    Reconstruction: 0.0064
    Contrastive:    0.0016
    Triplet:        0.0000
    Total:          0.0080

  Face Loss Components (iter 900):
    Reconstruction: 0.0105
    Contrastive:    0.0119
    Triplet:        0.0000
    Total:          0.0225

  Face Loss Components (iter 1000):
    Reconstruction: 0.0055
    Contrastive:    0.0027
    Triplet:        0.0000
    Total:          0.0082

  Face Loss Components (iter 1100):
    Reconstruction: 0.0025
    Contrastive:    0.0098
    Triplet:        0.0000
    Total:          0.0122

  Face Loss Components (iter 1200):
    Reconstruction: 0.0104
    Contrastive:    0.0083
    Triplet:        0.0000
    Total:          0.0188

  Face Loss Components (iter 1300):
    Reconstruction: 0.0119
    Contrastive:    0.0084
    Triplet:        0.0000
    Total:          0.0202

  Face Loss Components (iter 1400):
    Reconstruction: 0.0113
    Contrastive:    0.0095
    Triplet:        0.0000
    Total:          0.0208

  Face Loss Components (iter 1500):
    Reconstruction: 0.0123
    Contrastive:    0.0024
    Triplet:        0.0000
    Total:          0.0148

  Face Loss Components (iter 1600):
    Reconstruction: 0.0168
    Contrastive:    0.0067
    Triplet:        0.0000
    Total:          0.0235

  Face Loss Components (iter 1700):
    Reconstruction: 0.0170
    Contrastive:    0.0055
    Triplet:        0.0000
    Total:          0.0226

  Face Loss Components (iter 1800):
    Reconstruction: 0.0173
    Contrastive:    0.0118
    Triplet:        0.0000
    Total:          0.0291

  Face Loss Components (iter 1900):
    Reconstruction: 0.0159
    Contrastive:    0.0056
    Triplet:        0.0000
    Total:          0.0215

  Face Loss Components (iter 2000):
    Reconstruction: 0.0113
    Contrastive:    0.0046
    Triplet:        0.0000
    Total:          0.0159

  Face Loss Components (iter 2100):
    Reconstruction: 0.0104
    Contrastive:    0.0126
    Triplet:        0.0000
    Total:          0.0230

  Face Loss Components (iter 2200):
    Reconstruction: 0.0131
    Contrastive:    0.0104
    Triplet:        0.0000
    Total:          0.0235

  Face Loss Components (iter 2300):
    Reconstruction: 0.0157
    Contrastive:    0.0084
    Triplet:        0.0000
    Total:          0.0241

  Face Loss Components (iter 2400):
    Reconstruction: 0.0129
    Contrastive:    0.0041
    Triplet:        0.0000
    Total:          0.0170

  Face Loss Components (iter 2500):
    Reconstruction: 0.0099
    Contrastive:    0.0042
    Triplet:        0.0000
    Total:          0.0141
===> Epoch[59]: Loss: 6.5899 || Learning rate: lr=4.7145665795921735e-05.

  Face Loss Components (iter 0):
    Reconstruction: 0.0114
    Contrastive:    0.0093
    Triplet:        0.0000
    Total:          0.0207

  Face Loss Components (iter 100):
    Reconstruction: 0.0131
    Contrastive:    0.0102
    Triplet:        0.0000
    Total:          0.0233

  Face Loss Components (iter 200):
    Reconstruction: 0.0145
    Contrastive:    0.0042
    Triplet:        0.0000
    Total:          0.0187

  Face Loss Components (iter 300):
    Reconstruction: 0.0108
    Contrastive:    0.0064
    Triplet:        0.0000
    Total:          0.0172

  Face Loss Components (iter 400):
    Reconstruction: 0.0170
    Contrastive:    0.0055
    Triplet:        0.0000
    Total:          0.0226

  Face Loss Components (iter 500):
    Reconstruction: 0.0118
    Contrastive:    0.0079
    Triplet:        0.0000
    Total:          0.0196

  Face Loss Components (iter 600):
    Reconstruction: 0.0074
    Contrastive:    0.0177
    Triplet:        0.0000
    Total:          0.0252

  Face Loss Components (iter 700):
    Reconstruction: 0.0108
    Contrastive:    0.0100
    Triplet:        0.0000
    Total:          0.0208

  Face Loss Components (iter 800):
    Reconstruction: 0.0105
    Contrastive:    0.0058
    Triplet:        0.0000
    Total:          0.0163

  Face Loss Components (iter 900):
    Reconstruction: 0.0094
    Contrastive:    0.0129
    Triplet:        0.0000
    Total:          0.0223

  Face Loss Components (iter 1000):
    Reconstruction: 0.0100
    Contrastive:    0.0106
    Triplet:        0.0000
    Total:          0.0205

  Face Loss Components (iter 1100):
    Reconstruction: 0.0105
    Contrastive:    0.0051
    Triplet:        0.0000
    Total:          0.0156

  Face Loss Components (iter 1200):
    Reconstruction: 0.0095
    Contrastive:    0.0049
    Triplet:        0.0000
    Total:          0.0143

  Face Loss Components (iter 1300):
    Reconstruction: 0.0121
    Contrastive:    0.0158
    Triplet:        0.0000
    Total:          0.0279

  Face Loss Components (iter 1400):
    Reconstruction: 0.0156
    Contrastive:    0.0028
    Triplet:        0.0000
    Total:          0.0184

  Face Loss Components (iter 1500):
    Reconstruction: 0.0077
    Contrastive:    0.0095
    Triplet:        0.0000
    Total:          0.0173

  Face Loss Components (iter 1600):
    Reconstruction: 0.0103
    Contrastive:    0.0096
    Triplet:        0.0000
    Total:          0.0199

  Face Loss Components (iter 1700):
    Reconstruction: 0.0059
    Contrastive:    0.0030
    Triplet:        0.0000
    Total:          0.0089

  Face Loss Components (iter 1800):
    Reconstruction: 0.0122
    Contrastive:    0.0085
    Triplet:        0.0000
    Total:          0.0206

  Face Loss Components (iter 1900):
    Reconstruction: 0.0134
    Contrastive:    0.0164
    Triplet:        0.0000
    Total:          0.0298

  Face Loss Components (iter 2000):
    Reconstruction: 0.0118
    Contrastive:    0.0089
    Triplet:        0.0000
    Total:          0.0206

  Face Loss Components (iter 2100):
    Reconstruction: 0.0118
    Contrastive:    0.0078
    Triplet:        0.0000
    Total:          0.0196

  Face Loss Components (iter 2200):
    Reconstruction: 0.0132
    Contrastive:    0.0058
    Triplet:        0.0000
    Total:          0.0189

  Face Loss Components (iter 2300):
    Reconstruction: 0.0086
    Contrastive:    0.0125
    Triplet:        0.0000
    Total:          0.0210

  Face Loss Components (iter 2400):
    Reconstruction: 0.0119
    Contrastive:    0.0063
    Triplet:        0.0000
    Total:          0.0182

  Face Loss Components (iter 2500):
    Reconstruction: 0.0089
    Contrastive:    0.0074
    Triplet:        0.0000
    Total:          0.0163
===> Epoch[60]: Loss: 6.5755 || Learning rate: lr=4.1376273525536834e-05.
Checkpoint saved to ./weights/train/epoch_60.pth
Pre-trained model is loaded.
Evaluation:
===> End evaluation
Setting up [LPIPS] perceptual loss: trunk [alex], v[0.1], spatial [off]
Loading model from: /home/hpc4090/miniconda3/envs/jamal/lib/python3.12/site-packages/lpips/weights/v0.1/alex.pth
===> Avg.PSNR: 31.0472 dB 
===> Avg.SSIM: 0.8950 
===> Avg.LPIPS: 0.0794 
[30.482388024312023, 31.04719759423253]
[0.894342414680791, 0.8950219393084377]
[0.08245746211006577, 0.07938337298280895]

  Face Loss Components (iter 0):
    Reconstruction: 0.0099
    Contrastive:    0.0077
    Triplet:        0.0000
    Total:          0.0176

  Face Loss Components (iter 100):
    Reconstruction: 0.0147
    Contrastive:    0.0057
    Triplet:        0.0000
    Total:          0.0204

  Face Loss Components (iter 200):
    Reconstruction: 0.0085
    Contrastive:    0.0064
    Triplet:        0.0000
    Total:          0.0149

  Face Loss Components (iter 300):
    Reconstruction: 0.0090
    Contrastive:    0.0110
    Triplet:        0.0000
    Total:          0.0201

  Face Loss Components (iter 400):
    Reconstruction: 0.0160
    Contrastive:    0.0253
    Triplet:        0.0000
    Total:          0.0413

  Face Loss Components (iter 500):
    Reconstruction: 0.0093
    Contrastive:    0.0120
    Triplet:        0.0000
    Total:          0.0213

  Face Loss Components (iter 600):
    Reconstruction: 0.0097
    Contrastive:    0.0116
    Triplet:        0.0000
    Total:          0.0213

  Face Loss Components (iter 700):
    Reconstruction: 0.0162
    Contrastive:    0.0059
    Triplet:        0.0000
    Total:          0.0221

  Face Loss Components (iter 800):
    Reconstruction: 0.0128
    Contrastive:    0.0061
    Triplet:        0.0000
    Total:          0.0189

  Face Loss Components (iter 900):
    Reconstruction: 0.0127
    Contrastive:    0.0076
    Triplet:        0.0000
    Total:          0.0204

  Face Loss Components (iter 1000):
    Reconstruction: 0.0070
    Contrastive:    0.0037
    Triplet:        0.0000
    Total:          0.0107

  Face Loss Components (iter 1100):
    Reconstruction: 0.0131
    Contrastive:    0.0151
    Triplet:        0.0000
    Total:          0.0282

  Face Loss Components (iter 1200):
    Reconstruction: 0.0139
    Contrastive:    0.0081
    Triplet:        0.0000
    Total:          0.0219

  Face Loss Components (iter 1300):
    Reconstruction: 0.0086
    Contrastive:    0.0122
    Triplet:        0.0000
    Total:          0.0208

  Face Loss Components (iter 1400):
    Reconstruction: 0.0158
    Contrastive:    0.0060
    Triplet:        0.0000
    Total:          0.0218

  Face Loss Components (iter 1500):
    Reconstruction: 0.0113
    Contrastive:    0.0107
    Triplet:        0.0000
    Total:          0.0221

  Face Loss Components (iter 1600):
    Reconstruction: 0.0161
    Contrastive:    0.0078
    Triplet:        0.0000
    Total:          0.0240

  Face Loss Components (iter 1700):
    Reconstruction: 0.0059
    Contrastive:    0.0097
    Triplet:        0.0000
    Total:          0.0156

  Face Loss Components (iter 1800):
    Reconstruction: 0.0093
    Contrastive:    0.0067
    Triplet:        0.0000
    Total:          0.0160

  Face Loss Components (iter 1900):
    Reconstruction: 0.0103
    Contrastive:    0.0119
    Triplet:        0.0000
    Total:          0.0222

  Face Loss Components (iter 2000):
    Reconstruction: 0.0096
    Contrastive:    0.0047
    Triplet:        0.0000
    Total:          0.0143

  Face Loss Components (iter 2100):
    Reconstruction: 0.0071
    Contrastive:    0.0015
    Triplet:        0.0000
    Total:          0.0086

  Face Loss Components (iter 2200):
    Reconstruction: 0.0153
    Contrastive:    0.0168
    Triplet:        0.0000
    Total:          0.0321

  Face Loss Components (iter 2300):
    Reconstruction: 0.0135
    Contrastive:    0.0147
    Triplet:        0.0000
    Total:          0.0283

  Face Loss Components (iter 2400):
    Reconstruction: 0.0103
    Contrastive:    0.0054
    Triplet:        0.0000
    Total:          0.0157

  Face Loss Components (iter 2500):
    Reconstruction: 0.0141
    Contrastive:    0.0145
    Triplet:        0.0000
    Total:          0.0286
===> Epoch[61]: Loss: 6.5582 || Learning rate: lr=3.5724178526081056e-05.

  Face Loss Components (iter 0):
    Reconstruction: 0.0141
    Contrastive:    0.0107
    Triplet:        0.0000
    Total:          0.0248

  Face Loss Components (iter 100):
    Reconstruction: 0.0085
    Contrastive:    0.0055
    Triplet:        0.0000
    Total:          0.0140

  Face Loss Components (iter 200):
    Reconstruction: 0.0176
    Contrastive:    0.0126
    Triplet:        0.0000
    Total:          0.0302

  Face Loss Components (iter 300):
    Reconstruction: 0.0111
    Contrastive:    0.0036
    Triplet:        0.0000
    Total:          0.0147

  Face Loss Components (iter 400):
    Reconstruction: 0.0195
    Contrastive:    0.0098
    Triplet:        0.0000
    Total:          0.0292

  Face Loss Components (iter 500):
    Reconstruction: 0.0120
    Contrastive:    0.0330
    Triplet:        0.0000
    Total:          0.0450

  Face Loss Components (iter 600):
    Reconstruction: 0.0152
    Contrastive:    0.0105
    Triplet:        0.0000
    Total:          0.0257

  Face Loss Components (iter 700):
    Reconstruction: 0.0094
    Contrastive:    0.0029
    Triplet:        0.0000
    Total:          0.0124

  Face Loss Components (iter 800):
    Reconstruction: 0.0152
    Contrastive:    0.0200
    Triplet:        0.0000
    Total:          0.0353

  Face Loss Components (iter 900):
    Reconstruction: 0.0075
    Contrastive:    0.0122
    Triplet:        0.0000
    Total:          0.0198

  Face Loss Components (iter 1000):
    Reconstruction: 0.0084
    Contrastive:    0.0105
    Triplet:        0.0000
    Total:          0.0189

  Face Loss Components (iter 1100):
    Reconstruction: 0.0111
    Contrastive:    0.0094
    Triplet:        0.0000
    Total:          0.0205

  Face Loss Components (iter 1200):
    Reconstruction: 0.0083
    Contrastive:    0.0025
    Triplet:        0.0000
    Total:          0.0108

  Face Loss Components (iter 1300):
    Reconstruction: 0.0199
    Contrastive:    0.0128
    Triplet:        0.0000
    Total:          0.0327

  Face Loss Components (iter 1400):
    Reconstruction: 0.0140
    Contrastive:    0.0181
    Triplet:        0.0000
    Total:          0.0321

  Face Loss Components (iter 1500):
    Reconstruction: 0.0147
    Contrastive:    0.0092
    Triplet:        0.0000
    Total:          0.0240

  Face Loss Components (iter 1600):
    Reconstruction: 0.0061
    Contrastive:    0.0054
    Triplet:        0.0000
    Total:          0.0115

  Face Loss Components (iter 1700):
    Reconstruction: 0.0149
    Contrastive:    0.0061
    Triplet:        0.0000
    Total:          0.0210

  Face Loss Components (iter 1800):
    Reconstruction: 0.0097
    Contrastive:    0.0089
    Triplet:        0.0000
    Total:          0.0185

  Face Loss Components (iter 1900):
    Reconstruction: 0.0114
    Contrastive:    0.0015
    Triplet:        0.0000
    Total:          0.0130

  Face Loss Components (iter 2000):
    Reconstruction: 0.0090
    Contrastive:    0.0075
    Triplet:        0.0000
    Total:          0.0165

  Face Loss Components (iter 2100):
    Reconstruction: 0.0162
    Contrastive:    0.0011
    Triplet:        0.0000
    Total:          0.0173

  Face Loss Components (iter 2200):
    Reconstruction: 0.0125
    Contrastive:    0.0124
    Triplet:        0.0000
    Total:          0.0249

  Face Loss Components (iter 2300):
    Reconstruction: 0.0068
    Contrastive:    0.0049
    Triplet:        0.0000
    Total:          0.0117

  Face Loss Components (iter 2400):
    Reconstruction: 0.0150
    Contrastive:    0.0144
    Triplet:        0.0000
    Total:          0.0294

  Face Loss Components (iter 2500):
    Reconstruction: 0.0172
    Contrastive:    0.0041
    Triplet:        0.0000
    Total:          0.0213
===> Epoch[62]: Loss: 6.5475 || Learning rate: lr=3.0265815686344114e-05.

  Face Loss Components (iter 0):
    Reconstruction: 0.0115
    Contrastive:    0.0117
    Triplet:        0.0000
    Total:          0.0231

  Face Loss Components (iter 100):
    Reconstruction: 0.0156
    Contrastive:    0.0037
    Triplet:        0.0000
    Total:          0.0193

  Face Loss Components (iter 200):
    Reconstruction: 0.0118
    Contrastive:    0.0223
    Triplet:        0.0000
    Total:          0.0341

  Face Loss Components (iter 300):
    Reconstruction: 0.0130
    Contrastive:    0.0099
    Triplet:        0.0000
    Total:          0.0228

  Face Loss Components (iter 400):
    Reconstruction: 0.0131
    Contrastive:    0.0081
    Triplet:        0.0000
    Total:          0.0212

  Face Loss Components (iter 500):
    Reconstruction: 0.0089
    Contrastive:    0.0112
    Triplet:        0.0000
    Total:          0.0201

  Face Loss Components (iter 600):
    Reconstruction: 0.0147
    Contrastive:    0.0058
    Triplet:        0.0000
    Total:          0.0204

  Face Loss Components (iter 700):
    Reconstruction: 0.0119
    Contrastive:    0.0022
    Triplet:        0.0000
    Total:          0.0140

  Face Loss Components (iter 800):
    Reconstruction: 0.0053
    Contrastive:    0.0175
    Triplet:        0.0000
    Total:          0.0227

  Face Loss Components (iter 900):
    Reconstruction: 0.0122
    Contrastive:    0.0073
    Triplet:        0.0000
    Total:          0.0195

  Face Loss Components (iter 1000):
    Reconstruction: 0.0109
    Contrastive:    0.0098
    Triplet:        0.0000
    Total:          0.0206

  Face Loss Components (iter 1100):
    Reconstruction: 0.0124
    Contrastive:    0.0036
    Triplet:        0.0000
    Total:          0.0160

  Face Loss Components (iter 1200):
    Reconstruction: 0.0124
    Contrastive:    0.0119
    Triplet:        0.0000
    Total:          0.0243

  Face Loss Components (iter 1300):
    Reconstruction: 0.0147
    Contrastive:    0.0071
    Triplet:        0.0000
    Total:          0.0218

  Face Loss Components (iter 1400):
    Reconstruction: 0.0104
    Contrastive:    0.0035
    Triplet:        0.0000
    Total:          0.0139

  Face Loss Components (iter 1500):
    Reconstruction: 0.0181
    Contrastive:    0.0065
    Triplet:        0.0000
    Total:          0.0246

  Face Loss Components (iter 1600):
    Reconstruction: 0.0123
    Contrastive:    0.0019
    Triplet:        0.0000
    Total:          0.0141

  Face Loss Components (iter 1700):
    Reconstruction: 0.0116
    Contrastive:    0.0345
    Triplet:        0.0000
    Total:          0.0461

  Face Loss Components (iter 1800):
    Reconstruction: 0.0121
    Contrastive:    0.0095
    Triplet:        0.0000
    Total:          0.0216

  Face Loss Components (iter 1900):
    Reconstruction: 0.0114
    Contrastive:    0.0183
    Triplet:        0.0000
    Total:          0.0297

  Face Loss Components (iter 2000):
    Reconstruction: 0.0142
    Contrastive:    0.0132
    Triplet:        0.0000
    Total:          0.0273

  Face Loss Components (iter 2100):
    Reconstruction: 0.0124
    Contrastive:    0.0021
    Triplet:        0.0000
    Total:          0.0145

  Face Loss Components (iter 2200):
    Reconstruction: 0.0089
    Contrastive:    0.0086
    Triplet:        0.0000
    Total:          0.0175

  Face Loss Components (iter 2300):
    Reconstruction: 0.0125
    Contrastive:    0.0065
    Triplet:        0.0000
    Total:          0.0190

  Face Loss Components (iter 2400):
    Reconstruction: 0.0119
    Contrastive:    0.0356
    Triplet:        0.0000
    Total:          0.0475

  Face Loss Components (iter 2500):
    Reconstruction: 0.0075
    Contrastive:    0.0038
    Triplet:        0.0000
    Total:          0.0113
===> Epoch[63]: Loss: 6.5354 || Learning rate: lr=2.507500000000001e-05.
Terminated
make: *** [Makefile:20: face_loss5] Error 143
[0;31m[Sun Feb  1 09:17:05 PM UTC 2026] Training failed: face_loss5[0m



[0;34m[STEP 3] Training Models...[0m

[0;32m[Sun Feb  1 09:18:25 PM UTC 2026] Starting training: face_loss5[0m
[1;33mRunning: make face_loss5[0m

TQDM_DISABLE=1 python train.py --lfw --data_train_lfw=datasets/LFW_multilevel/train_mixed \
	--data_val_lfw=datasets/LFW_multilevel/val_mixed \
	--data_valgt_lfw=datasets/LFW_multilevel/val_mixed/high --D_weight=1.5 \
	--batchSize=8 --nEpochs=70 --use_face_loss --FR_weight=0.5 --start_epoch=60
/home/hpc4090/jamal_fr/train.py:372: FutureWarning: You are using `torch.load` with `weights_only=False` (the current default value), which uses the default pickle module implicitly. It is possible to construct malicious pickle data which will execute arbitrary code during unpickling (See https://github.com/pytorch/pytorch/blob/main/SECURITY.md#untrusted-models for more details). In a future release, the default value for `weights_only` will be flipped to `True`. This limits the functions that could be executed during unpickling. Arbitrary objects will no longer be allowed to be loaded via this mode unless they are explicitly allowlisted by the user via `torch.serialization.add_safe_globals`. We recommend you start setting `weights_only=True` for any use case where you don't have full control of the loaded file. Please open an issue on GitHub for any issues related to this experimental feature.
  model.load_state_dict(torch.load(pth, map_location=lambda storage, loc: storage))
/home/hpc4090/miniconda3/envs/jamal/lib/python3.12/site-packages/torchvision/models/_utils.py:208: UserWarning: The parameter 'pretrained' is deprecated since 0.13 and may be removed in the future, please use 'weights' instead.
  warnings.warn(
/home/hpc4090/miniconda3/envs/jamal/lib/python3.12/site-packages/torchvision/models/_utils.py:223: UserWarning: Arguments other than a weight enum or `None` for 'weights' are deprecated since 0.13 and may be removed in the future. The current behavior is equivalent to passing `weights=VGG19_Weights.IMAGENET1K_V1`. You can also use `weights=VGG19_Weights.DEFAULT` to get the most up-to-date weights.
  warnings.warn(msg)
CUDA_LAUNCH_BLOCKING enabled for debugging
===> Loading datasets
[LFW Dataset] Loaded 20658 image pairs from datasets/LFW_multilevel/train_mixed
[LFW Eval Dataset] Loaded 3654 image pairs from datasets/LFW_multilevel/val_mixed
===> Building model 
===> Resuming from epoch 60
===> Initializing Discriminative Multi-Level Face Loss
Initialized DiscriminativeMultiLevelFaceLoss:
  Layers: ['layer2', 'layer3', 'layer4', 'fc']
  Contrastive: True (margin=0.4)
  Triplet: True (margin=0.2)
===> Discriminative Multi-Level Face Loss enabled with weight=0.5
     Architecture: ir_50
     Features: ['layer2', 'layer3', 'layer4', 'fc']
     Contrastive: margin=0.4, weight=1.0, temp=0.07
     Triplet: margin=0.2, weight=0.5

  Face Loss Components (iter 0):
    Reconstruction: 0.0083
    Contrastive:    0.0419
    Triplet:        0.0000
    Total:          0.0502

  Face Loss Components (iter 100):
    Reconstruction: 0.0081
    Contrastive:    0.0156
    Triplet:        0.0000
    Total:          0.0237

  Face Loss Components (iter 200):
    Reconstruction: 0.0079
    Contrastive:    0.0133
    Triplet:        0.0000
    Total:          0.0212

  Face Loss Components (iter 300):
    Reconstruction: 0.0085
    Contrastive:    0.0510
    Triplet:        0.0000
    Total:          0.0595

  Face Loss Components (iter 400):
    Reconstruction: 0.0133
    Contrastive:    0.0290
    Triplet:        0.0000
    Total:          0.0423

  Face Loss Components (iter 500):
    Reconstruction: 0.0090
    Contrastive:    0.0675
    Triplet:        0.0000
    Total:          0.0765

  Face Loss Components (iter 600):
    Reconstruction: 0.0100
    Contrastive:    0.0515
    Triplet:        0.0000
    Total:          0.0615

  Face Loss Components (iter 700):
    Reconstruction: 0.0085
    Contrastive:    0.0158
    Triplet:        0.0000
    Total:          0.0243

  Face Loss Components (iter 800):
    Reconstruction: 0.0060
    Contrastive:    0.0392
    Triplet:        0.0000
    Total:          0.0453

  Face Loss Components (iter 900):
    Reconstruction: 0.0045
    Contrastive:    0.0253
    Triplet:        0.0000
    Total:          0.0298

  Face Loss Components (iter 1000):
    Reconstruction: 0.0064
    Contrastive:    0.0138
    Triplet:        0.0000
    Total:          0.0202

  Face Loss Components (iter 1100):
    Reconstruction: 0.0094
    Contrastive:    0.0065
    Triplet:        0.0000
    Total:          0.0159

  Face Loss Components (iter 1200):
    Reconstruction: 0.0086
    Contrastive:    0.0129
    Triplet:        0.0000
    Total:          0.0214

  Face Loss Components (iter 1300):
    Reconstruction: 0.0098
    Contrastive:    0.0392
    Triplet:        0.0000
    Total:          0.0490

  Face Loss Components (iter 1400):
    Reconstruction: 0.0130
    Contrastive:    0.0213
    Triplet:        0.0000
    Total:          0.0343

  Face Loss Components (iter 1500):
    Reconstruction: 0.0115
    Contrastive:    0.0184
    Triplet:        0.0000
    Total:          0.0299

  Face Loss Components (iter 1600):
    Reconstruction: 0.0067
    Contrastive:    0.0552
    Triplet:        0.0000
    Total:          0.0619

  Face Loss Components (iter 1700):
    Reconstruction: 0.0061
    Contrastive:    0.0277
    Triplet:        0.0000
    Total:          0.0338

  Face Loss Components (iter 1800):
    Reconstruction: 0.0102
    Contrastive:    0.0282
    Triplet:        0.0000
    Total:          0.0384

  Face Loss Components (iter 1900):
    Reconstruction: 0.0115
    Contrastive:    0.0783
    Triplet:        0.0000
    Total:          0.0898

  Face Loss Components (iter 2000):
    Reconstruction: 0.0096
    Contrastive:    0.0248
    Triplet:        0.0000
    Total:          0.0344

  Face Loss Components (iter 2100):
    Reconstruction: 0.0114
    Contrastive:    0.0103
    Triplet:        0.0000
    Total:          0.0217

  Face Loss Components (iter 2200):
    Reconstruction: 0.0065
    Contrastive:    0.0471
    Triplet:        0.0000
    Total:          0.0536

  Face Loss Components (iter 2300):
    Reconstruction: 0.0082
    Contrastive:    0.0172
    Triplet:        0.0000
    Total:          0.0254

  Face Loss Components (iter 2400):
    Reconstruction: 0.0074
    Contrastive:    0.0603
    Triplet:        0.0000
    Total:          0.0677

  Face Loss Components (iter 2500):
    Reconstruction: 0.0048
    Contrastive:    0.0331
    Triplet:        0.0000
    Total:          0.0378
===> Epoch[61]: Loss: 6.5700 || Learning rate: lr=0.0.

  Face Loss Components (iter 0):
    Reconstruction: 0.0105
    Contrastive:    0.0198
    Triplet:        0.0000
    Total:          0.0303

  Face Loss Components (iter 100):
    Reconstruction: 0.0088
    Contrastive:    0.0444
    Triplet:        0.0000
    Total:          0.0532

  Face Loss Components (iter 200):
    Reconstruction: 0.0099
    Contrastive:    0.0176
    Triplet:        0.0000
    Total:          0.0275

  Face Loss Components (iter 300):
    Reconstruction: 0.0070
    Contrastive:    0.0356
    Triplet:        0.0000
    Total:          0.0427

  Face Loss Components (iter 400):
    Reconstruction: 0.0082
    Contrastive:    0.0487
    Triplet:        0.0000
    Total:          0.0569

  Face Loss Components (iter 500):
    Reconstruction: 0.0090
    Contrastive:    0.0459
    Triplet:        0.0000
    Total:          0.0550

  Face Loss Components (iter 600):
    Reconstruction: 0.0063
    Contrastive:    0.0232
    Triplet:        0.0000
    Total:          0.0295

  Face Loss Components (iter 700):
    Reconstruction: 0.0045
    Contrastive:    0.0228
    Triplet:        0.0000
    Total:          0.0273

  Face Loss Components (iter 800):
    Reconstruction: 0.0090
    Contrastive:    0.0308
    Triplet:        0.0000
    Total:          0.0398

  Face Loss Components (iter 900):
    Reconstruction: 0.0096
    Contrastive:    0.0527
    Triplet:        0.0000
    Total:          0.0623

  Face Loss Components (iter 1000):
    Reconstruction: 0.0057
    Contrastive:    0.0172
    Triplet:        0.0000
    Total:          0.0228

  Face Loss Components (iter 1100):
    Reconstruction: 0.0073
    Contrastive:    0.0131
    Triplet:        0.0000
    Total:          0.0204

  Face Loss Components (iter 1200):
    Reconstruction: 0.0101
    Contrastive:    0.0181
    Triplet:        0.0000
    Total:          0.0282

  Face Loss Components (iter 1300):
    Reconstruction: 0.0118
    Contrastive:    0.0128
    Triplet:        0.0000
    Total:          0.0246

  Face Loss Components (iter 1400):
    Reconstruction: 0.0105
    Contrastive:    0.0174
    Triplet:        0.0000
    Total:          0.0278

  Face Loss Components (iter 1500):
    Reconstruction: 0.0094
    Contrastive:    0.0123
    Triplet:        0.0000
    Total:          0.0217

  Face Loss Components (iter 1600):
    Reconstruction: 0.0061
    Contrastive:    0.0127
    Triplet:        0.0000
    Total:          0.0188

  Face Loss Components (iter 1700):
    Reconstruction: 0.0082
    Contrastive:    0.0266
    Triplet:        0.0000
    Total:          0.0348

  Face Loss Components (iter 1800):
    Reconstruction: 0.0076
    Contrastive:    0.0073
    Triplet:        0.0000
    Total:          0.0149

  Face Loss Components (iter 1900):
    Reconstruction: 0.0115
    Contrastive:    0.0786
    Triplet:        0.0000
    Total:          0.0901

  Face Loss Components (iter 2000):
    Reconstruction: 0.0057
    Contrastive:    0.0562
    Triplet:        0.0000
    Total:          0.0619

  Face Loss Components (iter 2100):
    Reconstruction: 0.0093
    Contrastive:    0.0176
    Triplet:        0.0000
    Total:          0.0269

  Face Loss Components (iter 2200):
    Reconstruction: 0.0083
    Contrastive:    0.0168
    Triplet:        0.0000
    Total:          0.0251

  Face Loss Components (iter 2300):
    Reconstruction: 0.0102
    Contrastive:    0.0658
    Triplet:        0.0000
    Total:          0.0761

  Face Loss Components (iter 2400):
    Reconstruction: 0.0074
    Contrastive:    0.0268
    Triplet:        0.0000
    Total:          0.0342

  Face Loss Components (iter 2500):
    Reconstruction: 0.0115
    Contrastive:    0.0126
    Triplet:        0.0000
    Total:          0.0241
===> Epoch[62]: Loss: 6.5669 || Learning rate: lr=3.3333333333333335e-05.

  Face Loss Components (iter 0):
    Reconstruction: 0.0076
    Contrastive:    0.0487
    Triplet:        0.0000
    Total:          0.0563

  Face Loss Components (iter 100):
    Reconstruction: 0.0089
    Contrastive:    0.0294
    Triplet:        0.0000
    Total:          0.0383

  Face Loss Components (iter 200):
    Reconstruction: 0.0053
    Contrastive:    0.0444
    Triplet:        0.0000
    Total:          0.0497

  Face Loss Components (iter 300):
    Reconstruction: 0.0112
    Contrastive:    0.0343
    Triplet:        0.0000
    Total:          0.0454

  Face Loss Components (iter 400):
    Reconstruction: 0.0083
    Contrastive:    0.0289
    Triplet:        0.0000
    Total:          0.0372

  Face Loss Components (iter 500):
    Reconstruction: 0.0085
    Contrastive:    0.0132
    Triplet:        0.0000
    Total:          0.0216

  Face Loss Components (iter 600):
    Reconstruction: 0.0148
    Contrastive:    0.0548
    Triplet:        0.0000
    Total:          0.0696

  Face Loss Components (iter 700):
    Reconstruction: 0.0047
    Contrastive:    0.0228
    Triplet:        0.0000
    Total:          0.0275

  Face Loss Components (iter 800):
    Reconstruction: 0.0105
    Contrastive:    0.0206
    Triplet:        0.0000
    Total:          0.0311

  Face Loss Components (iter 900):
    Reconstruction: 0.0082
    Contrastive:    0.0229
    Triplet:        0.0000
    Total:          0.0310

  Face Loss Components (iter 1000):
    Reconstruction: 0.0062
    Contrastive:    0.0255
    Triplet:        0.0000
    Total:          0.0317

  Face Loss Components (iter 1100):
    Reconstruction: 0.0083
    Contrastive:    0.0320
    Triplet:        0.0000
    Total:          0.0403

  Face Loss Components (iter 1200):
    Reconstruction: 0.0053
    Contrastive:    0.0147
    Triplet:        0.0000
    Total:          0.0200

  Face Loss Components (iter 1300):
    Reconstruction: 0.0069
    Contrastive:    0.0038
    Triplet:        0.0000
    Total:          0.0107

  Face Loss Components (iter 1400):
    Reconstruction: 0.0053
    Contrastive:    0.0216
    Triplet:        0.0000
    Total:          0.0268

  Face Loss Components (iter 1500):
    Reconstruction: 0.0048
    Contrastive:    0.0147
    Triplet:        0.0000
    Total:          0.0194

  Face Loss Components (iter 1600):
    Reconstruction: 0.0074
    Contrastive:    0.0415
    Triplet:        0.0000
    Total:          0.0488

  Face Loss Components (iter 1700):
    Reconstruction: 0.0052
    Contrastive:    0.0598
    Triplet:        0.0000
    Total:          0.0649

  Face Loss Components (iter 1800):
    Reconstruction: 0.0143
    Contrastive:    0.0171
    Triplet:        0.0000
    Total:          0.0314

  Face Loss Components (iter 1900):
    Reconstruction: 0.0034
    Contrastive:    0.0407
    Triplet:        0.0000
    Total:          0.0440

  Face Loss Components (iter 2000):
    Reconstruction: 0.0089
    Contrastive:    0.0362
    Triplet:        0.0000
    Total:          0.0452

  Face Loss Components (iter 2100):
    Reconstruction: 0.0058
    Contrastive:    0.0135
    Triplet:        0.0000
    Total:          0.0193

  Face Loss Components (iter 2200):
    Reconstruction: 0.0084
    Contrastive:    0.0099
    Triplet:        0.0000
    Total:          0.0183

  Face Loss Components (iter 2300):
    Reconstruction: 0.0129
    Contrastive:    0.0403
    Triplet:        0.0000
    Total:          0.0532

  Face Loss Components (iter 2400):
    Reconstruction: 0.0069
    Contrastive:    0.0700
    Triplet:        0.0000
    Total:          0.0769

  Face Loss Components (iter 2500):
    Reconstruction: 0.0063
    Contrastive:    0.0318
    Triplet:        0.0000
    Total:          0.0381
===> Epoch[63]: Loss: 6.5972 || Learning rate: lr=6.666666666666667e-05.

  Face Loss Components (iter 0):
    Reconstruction: 0.0044
    Contrastive:    0.0210
    Triplet:        0.0000
    Total:          0.0254

  Face Loss Components (iter 100):
    Reconstruction: 0.0079
    Contrastive:    0.0241
    Triplet:        0.0000
    Total:          0.0320

  Face Loss Components (iter 200):
    Reconstruction: 0.0060
    Contrastive:    0.0261
    Triplet:        0.0000
    Total:          0.0321

  Face Loss Components (iter 300):
    Reconstruction: 0.0078
    Contrastive:    0.0284
    Triplet:        0.0000
    Total:          0.0362

  Face Loss Components (iter 400):
    Reconstruction: 0.0088
    Contrastive:    0.0085
    Triplet:        0.0000
    Total:          0.0173

  Face Loss Components (iter 500):
    Reconstruction: 0.0130
    Contrastive:    0.0158
    Triplet:        0.0000
    Total:          0.0288

  Face Loss Components (iter 600):
    Reconstruction: 0.0101
    Contrastive:    0.0404
    Triplet:        0.0000
    Total:          0.0504

  Face Loss Components (iter 700):
    Reconstruction: 0.0049
    Contrastive:    0.0336
    Triplet:        0.0000
    Total:          0.0385

  Face Loss Components (iter 800):
    Reconstruction: 0.0070
    Contrastive:    0.0756
    Triplet:        0.0000
    Total:          0.0826

  Face Loss Components (iter 900):
    Reconstruction: 0.0093
    Contrastive:    0.0083
    Triplet:        0.0000
    Total:          0.0175

  Face Loss Components (iter 1000):
    Reconstruction: 0.0058
    Contrastive:    0.0667
    Triplet:        0.0000
    Total:          0.0725

  Face Loss Components (iter 1100):
    Reconstruction: 0.0065
    Contrastive:    0.0066
    Triplet:        0.0000
    Total:          0.0130

  Face Loss Components (iter 1200):
    Reconstruction: 0.0086
    Contrastive:    0.0432
    Triplet:        0.0000
    Total:          0.0519

  Face Loss Components (iter 1300):
    Reconstruction: 0.0069
    Contrastive:    0.0035
    Triplet:        0.0000
    Total:          0.0103

  Face Loss Components (iter 1400):
    Reconstruction: 0.0138
    Contrastive:    0.0217
    Triplet:        0.0000
    Total:          0.0356

  Face Loss Components (iter 1500):
    Reconstruction: 0.0111
    Contrastive:    0.0542
    Triplet:        0.0000
    Total:          0.0653

  Face Loss Components (iter 1600):
    Reconstruction: 0.0120
    Contrastive:    0.0340
    Triplet:        0.0000
    Total:          0.0460

  Face Loss Components (iter 1700):
    Reconstruction: 0.0061
    Contrastive:    0.0170
    Triplet:        0.0000
    Total:          0.0231

  Face Loss Components (iter 1800):
    Reconstruction: 0.0056
    Contrastive:    0.0596
    Triplet:        0.0000
    Total:          0.0652

  Face Loss Components (iter 1900):
    Reconstruction: 0.0056
    Contrastive:    0.0111
    Triplet:        0.0000
    Total:          0.0167

  Face Loss Components (iter 2000):
    Reconstruction: 0.0081
    Contrastive:    0.0445
    Triplet:        0.0000
    Total:          0.0526

  Face Loss Components (iter 2100):
    Reconstruction: 0.0102
    Contrastive:    0.0321
    Triplet:        0.0000
    Total:          0.0423

  Face Loss Components (iter 2200):
    Reconstruction: 0.0067
    Contrastive:    0.0296
    Triplet:        0.0000
    Total:          0.0364

  Face Loss Components (iter 2300):
    Reconstruction: 0.0045
    Contrastive:    0.0420
    Triplet:        0.0000
    Total:          0.0465

  Face Loss Components (iter 2400):
    Reconstruction: 0.0047
    Contrastive:    0.0265
    Triplet:        0.0000
    Total:          0.0312

  Face Loss Components (iter 2500):
    Reconstruction: 0.0080
    Contrastive:    0.0252
    Triplet:        0.0000
    Total:          0.0332
===> Epoch[64]: Loss: 6.6342 || Learning rate: lr=0.0001.

  Face Loss Components (iter 0):
    Reconstruction: 0.0068
    Contrastive:    0.0378
    Triplet:        0.0000
    Total:          0.0447

  Face Loss Components (iter 100):
    Reconstruction: 0.0209
    Contrastive:    0.0217
    Triplet:        0.0000
    Total:          0.0426

  Face Loss Components (iter 200):
    Reconstruction: 0.0075
    Contrastive:    0.0213
    Triplet:        0.0000
    Total:          0.0288

  Face Loss Components (iter 300):
    Reconstruction: 0.0071
    Contrastive:    0.0565
    Triplet:        0.0000
    Total:          0.0636

  Face Loss Components (iter 400):
    Reconstruction: 0.0062
    Contrastive:    0.0312
    Triplet:        0.0000
    Total:          0.0374

  Face Loss Components (iter 500):
    Reconstruction: 0.0097
    Contrastive:    0.0606
    Triplet:        0.0000
    Total:          0.0703

  Face Loss Components (iter 600):
    Reconstruction: 0.0095
    Contrastive:    0.0345
    Triplet:        0.0000
    Total:          0.0440

  Face Loss Components (iter 700):
    Reconstruction: 0.0066
    Contrastive:    0.0166
    Triplet:        0.0000
    Total:          0.0231

  Face Loss Components (iter 800):
    Reconstruction: 0.0088
    Contrastive:    0.0313
    Triplet:        0.0000
    Total:          0.0401

  Face Loss Components (iter 900):
    Reconstruction: 0.0094
    Contrastive:    0.0121
    Triplet:        0.0000
    Total:          0.0216

  Face Loss Components (iter 1000):
    Reconstruction: 0.0100
    Contrastive:    0.0154
    Triplet:        0.0000
    Total:          0.0254

  Face Loss Components (iter 1100):
    Reconstruction: 0.0039
    Contrastive:    0.0230
    Triplet:        0.0000
    Total:          0.0269

  Face Loss Components (iter 1200):
    Reconstruction: 0.0089
    Contrastive:    0.0268
    Triplet:        0.0000
    Total:          0.0357

  Face Loss Components (iter 1300):
    Reconstruction: 0.0062
    Contrastive:    0.0184
    Triplet:        0.0000
    Total:          0.0246

  Face Loss Components (iter 1400):
    Reconstruction: 0.0105
    Contrastive:    0.0122
    Triplet:        0.0000
    Total:          0.0227

  Face Loss Components (iter 1500):
    Reconstruction: 0.0106
    Contrastive:    0.0365
    Triplet:        0.0000
    Total:          0.0471

  Face Loss Components (iter 1600):
    Reconstruction: 0.0108
    Contrastive:    0.0436
    Triplet:        0.0000
    Total:          0.0544

  Face Loss Components (iter 1700):
    Reconstruction: 0.0072
    Contrastive:    0.0180
    Triplet:        0.0000
    Total:          0.0252

  Face Loss Components (iter 1800):
    Reconstruction: 0.0120
    Contrastive:    0.0050
    Triplet:        0.0000
    Total:          0.0169

  Face Loss Components (iter 1900):
    Reconstruction: 0.0117
    Contrastive:    0.0480
    Triplet:        0.0000
    Total:          0.0597

  Face Loss Components (iter 2000):
    Reconstruction: 0.0087
    Contrastive:    0.0103
    Triplet:        0.0000
    Total:          0.0190

  Face Loss Components (iter 2100):
    Reconstruction: 0.0108
    Contrastive:    0.0232
    Triplet:        0.0000
    Total:          0.0340

  Face Loss Components (iter 2200):
    Reconstruction: 0.0061
    Contrastive:    0.0117
    Triplet:        0.0000
    Total:          0.0178

  Face Loss Components (iter 2300):
    Reconstruction: 0.0054
    Contrastive:    0.0196
    Triplet:        0.0000
    Total:          0.0249

  Face Loss Components (iter 2400):
    Reconstruction: 0.0083
    Contrastive:    0.0361
    Triplet:        0.0000
    Total:          0.0445

  Face Loss Components (iter 2500):
    Reconstruction: 0.0120
    Contrastive:    0.0359
    Triplet:        0.0000
    Total:          0.0479
===> Epoch[65]: Loss: 6.6293 || Learning rate: lr=0.0001.

  Face Loss Components (iter 0):
    Reconstruction: 0.0120
    Contrastive:    0.0129
    Triplet:        0.0000
    Total:          0.0249

  Face Loss Components (iter 100):
    Reconstruction: 0.0082
    Contrastive:    0.0085
    Triplet:        0.0000
    Total:          0.0167

  Face Loss Components (iter 200):
    Reconstruction: 0.0087
    Contrastive:    0.0734
    Triplet:        0.0000
    Total:          0.0821

  Face Loss Components (iter 300):
    Reconstruction: 0.0044
    Contrastive:    0.0081
    Triplet:        0.0000
    Total:          0.0125

  Face Loss Components (iter 400):
    Reconstruction: 0.0080
    Contrastive:    0.0398
    Triplet:        0.0000
    Total:          0.0478

  Face Loss Components (iter 500):
    Reconstruction: 0.0120
    Contrastive:    0.0173
    Triplet:        0.0000
    Total:          0.0293

  Face Loss Components (iter 600):
    Reconstruction: 0.0075
    Contrastive:    0.0318
    Triplet:        0.0000
    Total:          0.0393

  Face Loss Components (iter 700):
    Reconstruction: 0.0068
    Contrastive:    0.0175
    Triplet:        0.0000
    Total:          0.0243

  Face Loss Components (iter 800):
    Reconstruction: 0.0088
    Contrastive:    0.0637
    Triplet:        0.0000
    Total:          0.0725

  Face Loss Components (iter 900):
    Reconstruction: 0.0122
    Contrastive:    0.0240
    Triplet:        0.0000
    Total:          0.0362

  Face Loss Components (iter 1000):
    Reconstruction: 0.0070
    Contrastive:    0.0143
    Triplet:        0.0000
    Total:          0.0213

  Face Loss Components (iter 1100):
    Reconstruction: 0.0079
    Contrastive:    0.0616
    Triplet:        0.0000
    Total:          0.0695

  Face Loss Components (iter 1200):
    Reconstruction: 0.0062
    Contrastive:    0.0274
    Triplet:        0.0000
    Total:          0.0337

  Face Loss Components (iter 1300):
    Reconstruction: 0.0053
    Contrastive:    0.0143
    Triplet:        0.0000
    Total:          0.0196

  Face Loss Components (iter 1400):
    Reconstruction: 0.0098
    Contrastive:    0.0086
    Triplet:        0.0000
    Total:          0.0185

  Face Loss Components (iter 1500):
    Reconstruction: 0.0037
    Contrastive:    0.0192
    Triplet:        0.0000
    Total:          0.0229

  Face Loss Components (iter 1600):
    Reconstruction: 0.0074
    Contrastive:    0.0506
    Triplet:        0.0000
    Total:          0.0580

  Face Loss Components (iter 1700):
    Reconstruction: 0.0061
    Contrastive:    0.0148
    Triplet:        0.0000
    Total:          0.0209

  Face Loss Components (iter 1800):
    Reconstruction: 0.0114
    Contrastive:    0.0323
    Triplet:        0.0000
    Total:          0.0437

  Face Loss Components (iter 1900):
    Reconstruction: 0.0088
    Contrastive:    0.0603
    Triplet:        0.0000
    Total:          0.0691

  Face Loss Components (iter 2000):
    Reconstruction: 0.0110
    Contrastive:    0.0055
    Triplet:        0.0000
    Total:          0.0165

  Face Loss Components (iter 2100):
    Reconstruction: 0.0076
    Contrastive:    0.0439
    Triplet:        0.0000
    Total:          0.0515

  Face Loss Components (iter 2200):
    Reconstruction: 0.0082
    Contrastive:    0.0128
    Triplet:        0.0000
    Total:          0.0210

  Face Loss Components (iter 2300):
    Reconstruction: 0.0034
    Contrastive:    0.0216
    Triplet:        0.0000
    Total:          0.0250

  Face Loss Components (iter 2400):
    Reconstruction: 0.0066
    Contrastive:    0.0196
    Triplet:        0.0000
    Total:          0.0262

  Face Loss Components (iter 2500):
    Reconstruction: 0.0055
    Contrastive:    0.0370
    Triplet:        0.0000
    Total:          0.0425
===> Epoch[66]: Loss: 6.6141 || Learning rate: lr=9.505339495172584e-05.

  Face Loss Components (iter 0):
    Reconstruction: 0.0038
    Contrastive:    0.0249
    Triplet:        0.0000
    Total:          0.0287

  Face Loss Components (iter 100):
    Reconstruction: 0.0102
    Contrastive:    0.0141
    Triplet:        0.0000
    Total:          0.0243

  Face Loss Components (iter 200):
    Reconstruction: 0.0097
    Contrastive:    0.0551
    Triplet:        0.0000
    Total:          0.0648

  Face Loss Components (iter 300):
    Reconstruction: 0.0025
    Contrastive:    0.0554
    Triplet:        0.0000
    Total:          0.0579

  Face Loss Components (iter 400):
    Reconstruction: 0.0049
    Contrastive:    0.0142
    Triplet:        0.0000
    Total:          0.0191

  Face Loss Components (iter 500):
    Reconstruction: 0.0064
    Contrastive:    0.0565
    Triplet:        0.0000
    Total:          0.0629

  Face Loss Components (iter 600):
    Reconstruction: 0.0079
    Contrastive:    0.0352
    Triplet:        0.0000
    Total:          0.0431

  Face Loss Components (iter 700):
    Reconstruction: 0.0099
    Contrastive:    0.0130
    Triplet:        0.0000
    Total:          0.0229

  Face Loss Components (iter 800):
    Reconstruction: 0.0134
    Contrastive:    0.0064
    Triplet:        0.0000
    Total:          0.0198

  Face Loss Components (iter 900):
    Reconstruction: 0.0054
    Contrastive:    0.0260
    Triplet:        0.0000
    Total:          0.0315

  Face Loss Components (iter 1000):
    Reconstruction: 0.0071
    Contrastive:    0.0666
    Triplet:        0.0000
    Total:          0.0737

  Face Loss Components (iter 1100):
    Reconstruction: 0.0095
    Contrastive:    0.0740
    Triplet:        0.0000
    Total:          0.0834

  Face Loss Components (iter 1200):
    Reconstruction: 0.0099
    Contrastive:    0.0225
    Triplet:        0.0000
    Total:          0.0324

  Face Loss Components (iter 1300):
    Reconstruction: 0.0085
    Contrastive:    0.0170
    Triplet:        0.0000
    Total:          0.0255

  Face Loss Components (iter 1400):
    Reconstruction: 0.0155
    Contrastive:    0.0420
    Triplet:        0.0000
    Total:          0.0575

  Face Loss Components (iter 1500):
    Reconstruction: 0.0069
    Contrastive:    0.0234
    Triplet:        0.0000
    Total:          0.0304

  Face Loss Components (iter 1600):
    Reconstruction: 0.0056
    Contrastive:    0.0181
    Triplet:        0.0000
    Total:          0.0237

  Face Loss Components (iter 1700):
    Reconstruction: 0.0076
    Contrastive:    0.0463
    Triplet:        0.0000
    Total:          0.0539

  Face Loss Components (iter 1800):
    Reconstruction: 0.0071
    Contrastive:    0.0657
    Triplet:        0.0000
    Total:          0.0728

  Face Loss Components (iter 1900):
    Reconstruction: 0.0055
    Contrastive:    0.0580
    Triplet:        0.0000
    Total:          0.0635

  Face Loss Components (iter 2000):
    Reconstruction: 0.0057
    Contrastive:    0.0364
    Triplet:        0.0000
    Total:          0.0421

  Face Loss Components (iter 2100):
    Reconstruction: 0.0077
    Contrastive:    0.0478
    Triplet:        0.0000
    Total:          0.0556

  Face Loss Components (iter 2200):
    Reconstruction: 0.0054
    Contrastive:    0.0148
    Triplet:        0.0000
    Total:          0.0202

  Face Loss Components (iter 2300):
    Reconstruction: 0.0088
    Contrastive:    0.0174
    Triplet:        0.0000
    Total:          0.0261

  Face Loss Components (iter 2400):
    Reconstruction: 0.0077
    Contrastive:    0.0235
    Triplet:        0.0000
    Total:          0.0312

  Face Loss Components (iter 2500):
    Reconstruction: 0.0082
    Contrastive:    0.0215
    Triplet:        0.0000
    Total:          0.0297
===> Epoch[67]: Loss: 6.5858 || Learning rate: lr=8.119331560284375e-05.

  Face Loss Components (iter 0):
    Reconstruction: 0.0108
    Contrastive:    0.0695
    Triplet:        0.0000
    Total:          0.0803

  Face Loss Components (iter 100):
    Reconstruction: 0.0134
    Contrastive:    0.0092
    Triplet:        0.0000
    Total:          0.0227

  Face Loss Components (iter 200):
    Reconstruction: 0.0102
    Contrastive:    0.0129
    Triplet:        0.0000
    Total:          0.0231

  Face Loss Components (iter 300):
    Reconstruction: 0.0068
    Contrastive:    0.0502
    Triplet:        0.0000
    Total:          0.0570

  Face Loss Components (iter 400):
    Reconstruction: 0.0088
    Contrastive:    0.0310
    Triplet:        0.0000
    Total:          0.0398

  Face Loss Components (iter 500):
    Reconstruction: 0.0107
    Contrastive:    0.0347
    Triplet:        0.0000
    Total:          0.0454

  Face Loss Components (iter 600):
    Reconstruction: 0.0071
    Contrastive:    0.0318
    Triplet:        0.0000
    Total:          0.0389

  Face Loss Components (iter 700):
    Reconstruction: 0.0104
    Contrastive:    0.0236
    Triplet:        0.0000
    Total:          0.0340

  Face Loss Components (iter 800):
    Reconstruction: 0.0065
    Contrastive:    0.0121
    Triplet:        0.0000
    Total:          0.0186

  Face Loss Components (iter 900):
    Reconstruction: 0.0041
    Contrastive:    0.0107
    Triplet:        0.0000
    Total:          0.0149

  Face Loss Components (iter 1000):
    Reconstruction: 0.0083
    Contrastive:    0.0436
    Triplet:        0.0000
    Total:          0.0519

  Face Loss Components (iter 1100):
    Reconstruction: 0.0093
    Contrastive:    0.0250
    Triplet:        0.0000
    Total:          0.0344

  Face Loss Components (iter 1200):
    Reconstruction: 0.0074
    Contrastive:    0.0292
    Triplet:        0.0000
    Total:          0.0366

  Face Loss Components (iter 1300):
    Reconstruction: 0.0069
    Contrastive:    0.0275
    Triplet:        0.0000
    Total:          0.0344

  Face Loss Components (iter 1400):
    Reconstruction: 0.0065
    Contrastive:    0.0186
    Triplet:        0.0000
    Total:          0.0252

  Face Loss Components (iter 1500):
    Reconstruction: 0.0112
    Contrastive:    0.0374
    Triplet:        0.0000
    Total:          0.0486

  Face Loss Components (iter 1600):
    Reconstruction: 0.0063
    Contrastive:    0.0522
    Triplet:        0.0000
    Total:          0.0585

  Face Loss Components (iter 1700):
    Reconstruction: 0.0053
    Contrastive:    0.0103
    Triplet:        0.0000
    Total:          0.0156

  Face Loss Components (iter 1800):
    Reconstruction: 0.0057
    Contrastive:    0.0263
    Triplet:        0.0000
    Total:          0.0321

  Face Loss Components (iter 1900):
    Reconstruction: 0.0068
    Contrastive:    0.0253
    Triplet:        0.0000
    Total:          0.0321

  Face Loss Components (iter 2000):
    Reconstruction: 0.0066
    Contrastive:    0.0116
    Triplet:        0.0000
    Total:          0.0183

  Face Loss Components (iter 2100):
    Reconstruction: 0.0063
    Contrastive:    0.0627
    Triplet:        0.0000
    Total:          0.0690

  Face Loss Components (iter 2200):
    Reconstruction: 0.0038
    Contrastive:    0.0374
    Triplet:        0.0000
    Total:          0.0412

  Face Loss Components (iter 2300):
    Reconstruction: 0.0064
    Contrastive:    0.0394
    Triplet:        0.0000
    Total:          0.0458

  Face Loss Components (iter 2400):
    Reconstruction: 0.0112
    Contrastive:    0.0100
    Triplet:        0.0000
    Total:          0.0212

  Face Loss Components (iter 2500):
    Reconstruction: 0.0056
    Contrastive:    0.0122
    Triplet:        0.0000
    Total:          0.0178
===> Epoch[68]: Loss: 6.5532 || Learning rate: lr=6.116492065111791e-05.

  Face Loss Components (iter 0):
    Reconstruction: 0.0072
    Contrastive:    0.0268
    Triplet:        0.0000
    Total:          0.0340

  Face Loss Components (iter 100):
    Reconstruction: 0.0102
    Contrastive:    0.0392
    Triplet:        0.0000
    Total:          0.0494

  Face Loss Components (iter 200):
    Reconstruction: 0.0037
    Contrastive:    0.0267
    Triplet:        0.0000
    Total:          0.0304

  Face Loss Components (iter 300):
    Reconstruction: 0.0186
    Contrastive:    0.0145
    Triplet:        0.0000
    Total:          0.0331

  Face Loss Components (iter 400):
    Reconstruction: 0.0083
    Contrastive:    0.0188
    Triplet:        0.0000
    Total:          0.0272

  Face Loss Components (iter 500):
    Reconstruction: 0.0087
    Contrastive:    0.0149
    Triplet:        0.0000
    Total:          0.0236

  Face Loss Components (iter 600):
    Reconstruction: 0.0068
    Contrastive:    0.0238
    Triplet:        0.0000
    Total:          0.0307

  Face Loss Components (iter 700):
    Reconstruction: 0.0082
    Contrastive:    0.0295
    Triplet:        0.0000
    Total:          0.0377

  Face Loss Components (iter 800):
    Reconstruction: 0.0060
    Contrastive:    0.0358
    Triplet:        0.0000
    Total:          0.0418

  Face Loss Components (iter 900):
    Reconstruction: 0.0100
    Contrastive:    0.0329
    Triplet:        0.0000
    Total:          0.0429

  Face Loss Components (iter 1000):
    Reconstruction: 0.0086
    Contrastive:    0.0185
    Triplet:        0.0000
    Total:          0.0271

  Face Loss Components (iter 1100):
    Reconstruction: 0.0092
    Contrastive:    0.0575
    Triplet:        0.0000
    Total:          0.0666

  Face Loss Components (iter 1200):
    Reconstruction: 0.0078
    Contrastive:    0.0170
    Triplet:        0.0000
    Total:          0.0247

  Face Loss Components (iter 1300):
    Reconstruction: 0.0044
    Contrastive:    0.0480
    Triplet:        0.0000
    Total:          0.0524

  Face Loss Components (iter 1400):
    Reconstruction: 0.0093
    Contrastive:    0.0075
    Triplet:        0.0000
    Total:          0.0168

  Face Loss Components (iter 1500):
    Reconstruction: 0.0075
    Contrastive:    0.0510
    Triplet:        0.0000
    Total:          0.0585

  Face Loss Components (iter 1600):
    Reconstruction: 0.0051
    Contrastive:    0.0269
    Triplet:        0.0000
    Total:          0.0320

  Face Loss Components (iter 1700):
    Reconstruction: 0.0087
    Contrastive:    0.0196
    Triplet:        0.0000
    Total:          0.0283

  Face Loss Components (iter 1800):
    Reconstruction: 0.0082
    Contrastive:    0.0102
    Triplet:        0.0000
    Total:          0.0184

  Face Loss Components (iter 1900):
    Reconstruction: 0.0051
    Contrastive:    0.0306
    Triplet:        0.0000
    Total:          0.0357

  Face Loss Components (iter 2000):
    Reconstruction: 0.0115
    Contrastive:    0.0631
    Triplet:        0.0000
    Total:          0.0746

  Face Loss Components (iter 2100):
    Reconstruction: 0.0078
    Contrastive:    0.0437
    Triplet:        0.0000
    Total:          0.0515

  Face Loss Components (iter 2200):
    Reconstruction: 0.0055
    Contrastive:    0.0730
    Triplet:        0.0000
    Total:          0.0785

  Face Loss Components (iter 2300):
    Reconstruction: 0.0113
    Contrastive:    0.0394
    Triplet:        0.0000
    Total:          0.0507

  Face Loss Components (iter 2400):
    Reconstruction: 0.0080
    Contrastive:    0.0306
    Triplet:        0.0000
    Total:          0.0387

  Face Loss Components (iter 2500):
    Reconstruction: 0.0094
    Contrastive:    0.0249
    Triplet:        0.0000
    Total:          0.0342
===> Epoch[69]: Loss: 6.5141 || Learning rate: lr=3.8935079348882105e-05.
/home/hpc4090/jamal_fr/eval.py:40: FutureWarning: You are using `torch.load` with `weights_only=False` (the current default value), which uses the default pickle module implicitly. It is possible to construct malicious pickle data which will execute arbitrary code during unpickling (See https://github.com/pytorch/pytorch/blob/main/SECURITY.md#untrusted-models for more details). In a future release, the default value for `weights_only` will be flipped to `True`. This limits the functions that could be executed during unpickling. Arbitrary objects will no longer be allowed to be loaded via this mode unless they are explicitly allowlisted by the user via `torch.serialization.add_safe_globals`. We recommend you start setting `weights_only=True` for any use case where you don't have full control of the loaded file. Please open an issue on GitHub for any issues related to this experimental feature.
  model.load_state_dict(torch.load(model_path, map_location=lambda storage, loc: storage))

  Face Loss Components (iter 0):
    Reconstruction: 0.0067
    Contrastive:    0.0285
    Triplet:        0.0000
    Total:          0.0352

  Face Loss Components (iter 100):
    Reconstruction: 0.0110
    Contrastive:    0.0199
    Triplet:        0.0000
    Total:          0.0309

  Face Loss Components (iter 200):
    Reconstruction: 0.0069
    Contrastive:    0.0457
    Triplet:        0.0000
    Total:          0.0526

  Face Loss Components (iter 300):
    Reconstruction: 0.0066
    Contrastive:    0.0217
    Triplet:        0.0000
    Total:          0.0283

  Face Loss Components (iter 400):
    Reconstruction: 0.0094
    Contrastive:    0.0103
    Triplet:        0.0000
    Total:          0.0197

  Face Loss Components (iter 500):
    Reconstruction: 0.0091
    Contrastive:    0.0061
    Triplet:        0.0000
    Total:          0.0152

  Face Loss Components (iter 600):
    Reconstruction: 0.0090
    Contrastive:    0.0337
    Triplet:        0.0000
    Total:          0.0427

  Face Loss Components (iter 700):
    Reconstruction: 0.0113
    Contrastive:    0.0173
    Triplet:        0.0000
    Total:          0.0286

  Face Loss Components (iter 800):
    Reconstruction: 0.0069
    Contrastive:    0.0460
    Triplet:        0.0000
    Total:          0.0530

  Face Loss Components (iter 900):
    Reconstruction: 0.0057
    Contrastive:    0.0272
    Triplet:        0.0000
    Total:          0.0329

  Face Loss Components (iter 1000):
    Reconstruction: 0.0053
    Contrastive:    0.0298
    Triplet:        0.0000
    Total:          0.0351

  Face Loss Components (iter 1100):
    Reconstruction: 0.0059
    Contrastive:    0.0205
    Triplet:        0.0000
    Total:          0.0264

  Face Loss Components (iter 1200):
    Reconstruction: 0.0087
    Contrastive:    0.0177
    Triplet:        0.0000
    Total:          0.0264

  Face Loss Components (iter 1300):
    Reconstruction: 0.0070
    Contrastive:    0.0262
    Triplet:        0.0000
    Total:          0.0332

  Face Loss Components (iter 1400):
    Reconstruction: 0.0096
    Contrastive:    0.0352
    Triplet:        0.0000
    Total:          0.0448

  Face Loss Components (iter 1500):
    Reconstruction: 0.0059
    Contrastive:    0.0209
    Triplet:        0.0000
    Total:          0.0268

  Face Loss Components (iter 1600):
    Reconstruction: 0.0072
    Contrastive:    0.0053
    Triplet:        0.0000
    Total:          0.0125

  Face Loss Components (iter 1700):
    Reconstruction: 0.0036
    Contrastive:    0.0167
    Triplet:        0.0000
    Total:          0.0204

  Face Loss Components (iter 1800):
    Reconstruction: 0.0060
    Contrastive:    0.0278
    Triplet:        0.0000
    Total:          0.0338

  Face Loss Components (iter 1900):
    Reconstruction: 0.0069
    Contrastive:    0.0350
    Triplet:        0.0000
    Total:          0.0418

  Face Loss Components (iter 2000):
    Reconstruction: 0.0073
    Contrastive:    0.0528
    Triplet:        0.0000
    Total:          0.0602

  Face Loss Components (iter 2100):
    Reconstruction: 0.0045
    Contrastive:    0.0138
    Triplet:        0.0000
    Total:          0.0183

  Face Loss Components (iter 2200):
    Reconstruction: 0.0100
    Contrastive:    0.0481
    Triplet:        0.0000
    Total:          0.0581

  Face Loss Components (iter 2300):
    Reconstruction: 0.0056
    Contrastive:    0.0581
    Triplet:        0.0000
    Total:          0.0637

  Face Loss Components (iter 2400):
    Reconstruction: 0.0098
    Contrastive:    0.0299
    Triplet:        0.0000
    Total:          0.0398

  Face Loss Components (iter 2500):
    Reconstruction: 0.0082
    Contrastive:    0.0487
    Triplet:        0.0000
    Total:          0.0569
===> Epoch[70]: Loss: 6.4858 || Learning rate: lr=1.8906684397156262e-05.
Checkpoint saved to ./weights/train/epoch_70.pth
Pre-trained model is loaded.
Evaluation:
/home/hpc4090/miniconda3/envs/jamal/lib/python3.12/site-packages/torchvision/models/_utils.py:223: UserWarning: Arguments other than a weight enum or `None` for 'weights' are deprecated since 0.13 and may be removed in the future. The current behavior is equivalent to passing `weights=AlexNet_Weights.IMAGENET1K_V1`. You can also use `weights=AlexNet_Weights.DEFAULT` to get the most up-to-date weights.
  warnings.warn(msg)
/home/hpc4090/miniconda3/envs/jamal/lib/python3.12/site-packages/lpips/lpips.py:107: FutureWarning: You are using `torch.load` with `weights_only=False` (the current default value), which uses the default pickle module implicitly. It is possible to construct malicious pickle data which will execute arbitrary code during unpickling (See https://github.com/pytorch/pytorch/blob/main/SECURITY.md#untrusted-models for more details). In a future release, the default value for `weights_only` will be flipped to `True`. This limits the functions that could be executed during unpickling. Arbitrary objects will no longer be allowed to be loaded via this mode unless they are explicitly allowlisted by the user via `torch.serialization.add_safe_globals`. We recommend you start setting `weights_only=True` for any use case where you don't have full control of the loaded file. Please open an issue on GitHub for any issues related to this experimental feature.
  self.load_state_dict(torch.load(model_path, map_location='cpu'), strict=False)
===> End evaluation
Setting up [LPIPS] perceptual loss: trunk [alex], v[0.1], spatial [off]
Loading model from: /home/hpc4090/miniconda3/envs/jamal/lib/python3.12/site-packages/lpips/weights/v0.1/alex.pth
===> Avg.PSNR: 31.7665 dB 
===> Avg.SSIM: 0.8964 
===> Avg.LPIPS: 0.0797 
[31.76645722409169]
[0.8964128234416842]
[0.07974134484248885]
